product_id,stock_code,description,unit_price
1,85123A,WHITE HANGING HEART T-LIGHT HOLDER,2.55
2,71053,WHITE METAL LANTERN,3.39
3,84406B,CREAM CUPID HEARTS COAT HANGER,2.75
4,84029G,KNITTED UNION FLAG HOT WATER BOTTLE,3.39
5,84029E,RED WOOLLY HOTTIE WHITE HEART.,3.39
6,22752,SET 7 BABUSHKA NESTING BOXES,7.65
7,21730,GLASS STAR FROSTED T-LIGHT HOLDER,4.25
8,22633,HAND WARMER UNION JACK,1.85
9,22632,HAND WARMER RED POLKA DOT,1.85
10,84879,ASSORTED COLOUR BIRD ORNAMENT,1.69
11,22745,POPPY'S PLAYHOUSE BEDROOM ,2.1
12,22748,POPPY'S PLAYHOUSE KITCHEN,2.1
13,22749,FELTCRAFT PRINCESS CHARLOTTE DOLL,3.75
14,22310,IVORY KNITTED MUG COSY ,1.65
15,84969,BOX OF 6 ASSORTED COLOUR TEASPOONS,4.25
16,22623,BOX OF VINTAGE JIGSAW BLOCKS ,4.95
17,22622,BOX OF VINTAGE ALPHABET BLOCKS,9.95
18,21754,HOME BUILDING BLOCK WORD,5.95
19,21755,LOVE BUILDING BLOCK WORD,5.95
20,21777,RECIPE BOX WITH METAL HEART,7.95
21,48187,DOORMAT NEW ENGLAND,7.95
22,22960,JAM MAKING SET WITH JARS,4.25
23,22913,RED COAT RACK PARIS FASHION,4.95
24,22912,YELLOW COAT RACK PARIS FASHION,4.95
25,22914,BLUE COAT RACK PARIS FASHION,4.95
26,21756,BATH BUILDING BLOCK WORD,5.95
27,22728,ALARM CLOCK BAKELIKE PINK,3.75
28,22727,ALARM CLOCK BAKELIKE RED ,3.75
29,22726,ALARM CLOCK BAKELIKE GREEN,3.75
30,21724,PANDA AND BUNNIES STICKER SHEET,0.85
31,21883,STARS GIFT TAPE ,0.65
32,10002,INFLATABLE POLITICAL GLOBE ,0.85
33,21791,VINTAGE HEADS AND TAILS CARD GAME ,1.25
34,21035,SET/2 RED RETROSPOT TEA TOWELS ,2.95
35,22326,ROUND SNACK BOXES SET OF4 WOODLAND ,2.95
36,22629,SPACEBOY LUNCH BOX ,1.95
37,22659,LUNCH BOX I LOVE LONDON,1.95
38,22631,CIRCUS PARADE LUNCH BOX ,1.95
39,22661,CHARLOTTE BAG DOLLY GIRL DESIGN,0.85
40,21731,RED TOADSTOOL LED NIGHT LIGHT,1.65
41,22900, SET 2 TEA TOWELS I LOVE LONDON ,2.95
42,21913,VINTAGE SEASIDE JIGSAW PUZZLES,3.75
43,22540,MINI JIGSAW CIRCUS PARADE ,0.42
44,22544,MINI JIGSAW SPACEBOY,0.42
45,22492,MINI PAINT SET VINTAGE ,0.65
46,POST,POSTAGE,18.0
47,22086,PAPER CHAIN KIT 50'S CHRISTMAS ,2.55
48,20679,EDWARDIAN PARASOL RED,4.95
49,37370,RETRO COFFEE MUGS ASSORTED,1.06
50,21871,SAVE THE PLANET MUG,1.06
51,21071,VINTAGE BILLBOARD DRINK ME MUG,1.06
52,21068,VINTAGE BILLBOARD LOVE/HATE MUG,1.06
53,82483,WOOD 2 DRAWER CABINET WHITE FINISH,4.95
54,82486,WOOD S/3 CABINET ANT WHITE FINISH,6.95
55,82482,WOODEN PICTURE FRAME WHITE FINISH,2.1
56,82494L,WOODEN FRAME ANTIQUE WHITE ,2.55
57,21258,VICTORIAN SEWING BOX LARGE,10.95
58,22114,HOT WATER BOTTLE TEA AND SYMPATHY,3.45
59,21733,RED HANGING HEART T-LIGHT HOLDER,2.55
60,22386,JUMBO BAG PINK POLKADOT,1.95
61,85099C,JUMBO  BAG BAROQUE BLACK WHITE,1.95
62,21033,JUMBO BAG CHARLIE AND LOLA TOYS,2.95
63,20723,STRAWBERRY CHARLOTTE BAG,0.85
64,84997B,RED 3 PIECE RETROSPOT CUTLERY SET,3.75
65,84997C,BLUE 3 PIECE POLKADOT CUTLERY SET,3.75
66,21094,SET/6 RED SPOTTY PAPER PLATES,0.85
67,20725,LUNCH BAG RED RETROSPOT,1.65
68,21559,STRAWBERRY LUNCH BOX WITH CUTLERY,2.55
69,22352,LUNCH BOX WITH CUTLERY RETROSPOT ,2.55
70,21212,PACK OF 72 RETROSPOT CAKE CASES,0.42
71,21975,PACK OF 60 DINOSAUR CAKE CASES,0.55
72,21977,PACK OF 60 PINK PAISLEY CAKE CASES,0.55
73,84991,60 TEATIME FAIRY CAKE CASES,0.55
74,84519A,TOMATO CHARLIE+LOLA COASTER SET,2.95
75,85183B,CHARLIE & LOLA WASTEPAPER BIN FLORA,1.25
76,85071B,RED CHARLIE+LOLA PERSONAL DOORSIGN,0.38
77,21931,JUMBO STORAGE BAG SUKI,1.95
78,21929,JUMBO BAG PINK VINTAGE PAISLEY,1.95
79,22961,JAM MAKING SET PRINTED,1.45
80,22139,RETROSPOT TEA SET CERAMIC 11 PC ,4.25
81,84854,GIRLY PINK TOOL SET,4.95
82,22411,JUMBO SHOPPER VINTAGE RED PAISLEY,1.95
83,82567,"AIRLINE LOUNGE,METAL SIGN",2.1
84,21672,WHITE SPOT RED CERAMIC DRAWER KNOB,1.25
85,22774,RED DRAWER KNOB ACRYLIC EDWARDIAN,1.25
86,22771,CLEAR DRAWER KNOB ACRYLIC EDWARDIAN,1.25
87,71270,PHOTO CLIP LINE,1.25
88,22262,FELT EGG COSY CHICKEN,0.85
89,22637,PIGGY BANK RETROSPOT ,2.55
90,21934,SKULL SHOULDER BAG,1.65
91,21169,YOU'RE CONFUSING ME METAL SIGN ,1.69
92,21166,COOK WITH WINE METAL SIGN ,1.95
93,21175,GIN + TONIC DIET METAL SIGN,2.1
94,37444A,YELLOW BREAKFAST CUP AND SAUCER,2.95
95,37444C,PINK BREAKFAST CUP AND SAUCER ,2.95
96,22086,PAPER CHAIN KIT 50'S CHRISTMAS ,2.95
97,22083,PAPER CHAIN KIT RETROSPOT,2.95
98,84971S,SMALL HEART FLOWERS HOOK ,0.85
99,47580,TEA TIME DES TEA COSY,2.55
100,22261,FELT EGG COSY WHITE RABBIT ,0.85
101,84832,ZINC WILLIE WINKIE  CANDLE STICK,0.85
102,22644,CERAMIC CHERRY CAKE MONEY BANK,1.45
103,21533,RETROSPOT LARGE MILK JUG,4.95
104,21557,SET OF 6 FUNKY BEAKERS,2.95
105,15056BL,EDWARDIAN PARASOL BLACK,5.95
106,15056N,EDWARDIAN PARASOL NATURAL,5.95
107,22646,CERAMIC STRAWBERRY CAKE MONEY BANK,1.45
108,22176,BLUE OWL SOFT TOY,2.95
109,22438,BALLOON ART MAKE YOUR OWN FLOWERS,1.95
110,22778,GLASS CLOCHE SMALL,3.95
111,22719,GUMBALL MONOCHROME COAT RACK,1.06
112,21523,DOORMAT FANCY FONT HOME SWEET HOME,6.75
113,21912,VINTAGE SNAKES & LADDERS,3.75
114,21832,CHOCOLATE CALCULATOR,1.65
115,22379,RECYCLING BAG RETROSPOT ,2.1
116,22381,TOY TIDY PINK POLKADOT,1.85
117,22798,ANTIQUE GLASS DRESSING TABLE POT,2.95
118,22926,IVORY GIANT GARDEN THERMOMETER,5.95
119,22839,3 TIER CAKE TIN GREEN AND CREAM,14.95
120,22838,3 TIER CAKE TIN RED AND CREAM,14.95
121,22783,SET 3 WICKER OVAL BASKETS W LIDS,16.95
122,82484,WOOD BLACK BOARD ANT WHITE FINISH,6.45
123,84755,COLOUR GLASS T-LIGHT HOLDER HANGING,0.65
124,22464,HANGING METAL HEART LANTERN,1.65
125,21324,HANGING MEDINA LANTERN SMALL,2.95
126,22457,NATURAL SLATE HEART CHALKBOARD ,2.95
127,22469,HEART OF WICKER SMALL,1.45
128,22470,HEART OF WICKER LARGE,2.55
129,22224,WHITE LOVEBIRD LANTERN,2.95
130,21340,CLASSIC METAL BIRDCAGE PLANT HOLDER,12.75
131,22189,CREAM HEART CARD HOLDER,3.95
132,22427,ENAMEL FLOWER JUG CREAM,5.95
133,22428,ENAMEL FIRE BUCKET CREAM,6.95
134,22424,ENAMEL BREAD BIN CREAM,10.95
135,22783,SET 3 WICKER OVAL BASKETS W LIDS,19.95
136,22663,JUMBO BAG DOLLY GIRL DESIGN,1.95
137,85049A,TRADITIONAL CHRISTMAS RIBBONS,1.25
138,22168,ORGANISER WOOD ANTIQUE WHITE ,8.5
139,22662,LUNCH BAG DOLLY GIRL DESIGN,1.65
140,84880,WHITE WIRE EGG HOLDER,4.95
141,85099C,JUMBO  BAG BAROQUE BLACK WHITE,1.65
142,85099B,JUMBO BAG RED RETROSPOT,1.65
143,79321,CHILLI LIGHTS,3.82
144,22780,LIGHT GARLAND BUTTERFILES PINK,3.37
145,22779,WOODEN OWLS LIGHT GARLAND ,3.37
146,22466,FAIRY TALE COTTAGE NIGHTLIGHT,1.45
147,21731,RED TOADSTOOL LED NIGHT LIGHT,1.25
148,21523,DOORMAT FANCY FONT HOME SWEET HOME,7.95
149,21363,HOME SMALL WOOD LETTERS,4.95
150,21411,GINGHAM HEART  DOORSTOP RED,4.25
151,22318,FIVE HEART HANGING DECORATION,2.95
152,22915,ASSORTED BOTTLE TOP  MAGNETS ,0.42
153,22922,FRIDGE MAGNETS US DINER ASSORTED,0.85
154,22969,HOMEMADE JAM SCENTED CANDLES,1.45
155,22923,FRIDGE MAGNETS LES ENFANTS ASSORTED,0.85
156,21115,ROSE CARAVAN DOORSTOP,6.75
157,22469,HEART OF WICKER SMALL,1.65
158,22242,5 HOOK HANGER MAGIC TOADSTOOL,1.65
159,22941,CHRISTMAS LIGHTS 10 REINDEER,8.5
160,21622,VINTAGE UNION JACK CUSHION COVER,4.95
161,35004C,SET OF 3 COLOURED  FLYING DUCKS,5.45
162,35004G,SET OF 3 GOLD FLYING DUCKS,6.35
163,85014B,RED RETROSPOT UMBRELLA,5.95
164,85014A,BLACK/BLUE POLKADOT UMBRELLA,5.95
165,22193,RED DINER WALL CLOCK,8.5
166,22192,BLUE DINER WALL CLOCK,8.5
167,22191,IVORY DINER WALL CLOCK,8.5
168,22195,LARGE HEART MEASURING SPOONS,1.65
169,22196,SMALL HEART MEASURING SPOONS,0.85
170,22960,JAM MAKING SET WITH JARS,3.75
171,22962,JAM JAR WITH PINK LID,0.72
172,22963,JAM JAR WITH GREEN LID,0.72
173,22968,ROSE COTTAGE KEEPSAKE BOX ,8.5
174,84970S,HANGING HEART ZINC T-LIGHT HOLDER,0.64
175,22910,PAPER CHAIN KIT VINTAGE CHRISTMAS,2.55
176,20668,DISCO BALL CHRISTMAS DECORATION,0.1
177,22197,SMALL POPCORN HOLDER,0.72
178,22198,LARGE POPCORN HOLDER ,1.45
179,21533,RETROSPOT LARGE MILK JUG,4.25
180,21080,SET/20 RED RETROSPOT PAPER NAPKINS ,0.64
181,21094,SET/6 RED SPOTTY PAPER PLATES,0.64
182,21086,SET/6 RED SPOTTY PAPER CUPS,0.65
183,21786,POLKADOT RAIN HAT ,0.32
184,22654,DELUXE SEWING KIT ,4.95
185,21485,RETROSPOT HEART HOT WATER BOTTLE,4.25
186,84030E,ENGLISH ROSE HOT WATER BOTTLE,3.75
187,22174,PHOTO CUBE,1.48
188,22969,HOMEMADE JAM SCENTED CANDLES,1.25
189,22150,3 STRIPEY MICE FELTCRAFT,1.95
190,22619,SET OF 6 SOLDIER SKITTLES,3.75
191,21891,TRADITIONAL WOODEN SKIPPING ROPE,1.25
192,21889,WOODEN BOX OF DOMINOES,1.25
193,22827,RUSTIC  SEVENTEEN DRAWER SIDEBOARD,165.0
194,22127,PARTY CONES CARNIVAL ASSORTED,1.25
195,22128,PARTY CONES CANDY ASSORTED,1.25
196,22502,PICNIC BASKET WICKER SMALL,5.95
197,22338,STAR DECORATION PAINTED ZINC ,0.65
198,22180,RETROSPOT LAMP,9.95
199,21506,"FANCY FONT BIRTHDAY CARD, ",0.42
200,22866,HAND WARMER SCOTTY DOG DESIGN,1.85
201,22865,HAND WARMER OWL DESIGN,1.85
202,22632,HAND WARMER RED RETROSPOT,1.85
203,21485,RETROSPOT HEART HOT WATER BOTTLE,4.95
204,22349,DOG BOWL CHASING BALL DESIGN,3.75
205,22558,CLOTHES PEGS RETROSPOT PACK 24 ,1.25
206,85152,HAND OVER THE CHOCOLATE   SIGN ,2.1
207,22652,TRAVEL SEWING KIT,1.65
208,22188,BLACK HEART CARD HOLDER,3.95
209,21212,PACK OF 72 RETROSPOT CAKE CASES,0.55
210,21484,CHICK GREY HOT WATER BOTTLE,3.45
211,21314,SMALL GLASS HEART TRINKET POT,2.1
212,22730,ALARM CLOCK BAKELIKE IVORY,3.75
213,22729,ALARM CLOCK BAKELIKE ORANGE,3.75
214,22114,HOT WATER BOTTLE TEA AND SYMPATHY,3.95
215,22867,HAND WARMER BIRD DESIGN,2.1
216,22866,HAND WARMER SCOTTY DOG DESIGN,2.1
217,15056BL,EDWARDIAN PARASOL BLACK,4.95
218,22803,IVORY EMBROIDERED QUILT ,35.75
219,35004B,SET OF 3 BLACK FLYING DUCKS,4.65
220,35004C,SET OF 3 COLOURED  FLYING DUCKS,4.65
221,21980,PACK OF 12 RED RETROSPOT TISSUES ,0.29
222,21844,RED RETROSPOT MUG,2.95
223,22468,BABUSHKA LIGHTS STRING OF 10,6.75
224,22752,SET 7 BABUSHKA NESTING BOXES,8.5
225,48185,DOORMAT FAIRY CAKE,7.95
226,22632,HAND WARMER RED RETROSPOT,2.1
227,22865,HAND WARMER OWL DESIGN,2.1
228,21232,STRAWBERRY CERAMIC TRINKET BOX,1.25
229,22064,PINK DOUGHNUT TRINKET POT ,1.65
230,22449,SILK PURSE BABUSHKA PINK,3.35
231,22835,HOT WATER BOTTLE I AM SO POORLY,4.65
232,22112,CHOCOLATE HOT WATER BOTTLE,4.95
233,21479,WHITE SKULL HOT WATER BOTTLE ,3.75
234,22111,SCOTTIE DOG HOT WATER BOTTLE,4.95
235,22110,BIRD HOUSE HOT WATER BOTTLE,2.55
236,22098,BOUDOIR SQUARE TISSUE BOX,1.25
237,22100,SKULLS SQUARE TISSUE BOX,1.25
238,22766,PHOTO FRAME CORNICE,2.95
239,22451,SILK PURSE BABUSHKA RED,3.35
240,22549,PICTURE DOMINOES,1.45
241,84744,S/6 SEW ON CROCHET FLOWERS,1.25
242,85049E,SCANDINAVIAN REDS RIBBONS,1.25
243,21328,BALLOONS  WRITING SET ,1.65
244,17091A,LAVENDER INCENSE IN TIN,1.25
245,22473,TV DINNER TRAY VINTAGE PAISLEY,4.95
246,84509A,SET OF 4 ENGLISH ROSE PLACEMATS,3.75
247,84510A,SET OF 4 ENGLISH ROSE COASTERS,1.25
248,22767,TRIPLE PHOTO FRAME CORNICE ,9.95
249,22768,FAMILY PHOTO FRAME CORNICE,9.95
250,21463,MIRRORED DISCO BALL ,5.95
251,21464,DISCO BALL ROTATOR BATTERY OPERATED,4.25
252,20820,SILVER LOOKING MIRROR,4.95
253,85150,LADIES & GENTLEMEN METAL SIGN,2.55
254,22117,METAL SIGN HER DINNER IS SERVED ,2.95
255,48129,DOORMAT TOPIARY,7.95
256,82580,BATHROOM METAL SIGN,0.55
257,82578,KITCHEN METAL SIGN,0.55
258,82581,TOILET METAL SIGN,0.55
259,22413,METAL SIGN TAKE IT OR LEAVE IT ,2.95
260,21907,I'M ON HOLIDAY METAL SIGN,2.1
261,22441,GROW YOUR OWN BASIL IN ENAMEL MUG,2.1
262,21122,SET/10 PINK POLKADOT PARTY CANDLES,1.25
263,22851,SET 20 NAPKINS FAIRY CAKES DESIGN ,0.85
264,22810,SET OF 6 T-LIGHTS SNOWMEN,2.95
265,22809,SET OF 6 T-LIGHTS SANTA,2.95
266,22435,SET OF 9 HEART SHAPED BALLOONS,1.25
267,20966,SANDWICH BATH SPONGE,1.25
268,20963,APPLE BATH SPONGE,1.25
269,20961,STRAWBERRY BATH SPONGE ,1.25
270,22068,BLACK PIRATE TREASURE CHEST,1.65
271,21743,STAR PORTABLE TABLE LIGHT ,2.95
272,21744,SNOWFLAKE PORTABLE TABLE LIGHT ,2.95
273,84709B,PINK OVAL JEWELLED MIRROR,5.95
274,21592,RETROSPOT CIGAR BOX MATCHES ,1.25
275,21587,COSY HOUR GIANT TUBE MATCHES,2.55
276,20992,JAZZ HEARTS PURSE NOTEBOOK,0.85
277,85123A,WHITE HANGING HEART T-LIGHT HOLDER,2.95
278,22804,CANDLEHOLDER PINK HANGING HEART,2.95
279,82483,WOOD 2 DRAWER CABINET WHITE FINISH,5.95
280,20749,ASSORTED COLOUR MINI CASES,7.95
281,22382,LUNCH BAG SPACEBOY DESIGN ,1.65
282,20726,LUNCH BAG WOODLAND,1.65
283,22384,LUNCH BAG PINK POLKADOT,1.65
284,22467,GUMBALL COAT RACK,2.55
285,84625C,BLUE NEW BAROQUE CANDLESTICK CANDLE,2.95
286,84625A,PINK NEW BAROQUECANDLESTICK CANDLE,2.95
287,21108,FAIRY CAKE FLANNEL ASSORTED COLOUR,2.55
288,22848,BREAD BIN DINER STYLE PINK,16.95
289,47570B,TEA TIME TABLE CLOTH,10.65
290,84030E,ENGLISH ROSE HOT WATER BOTTLE,4.25
291,22837,HOT WATER BOTTLE BABUSHKA ,4.25
292,22867,HAND WARMER BIRD DESIGN,1.85
293,POST,POSTAGE,15.0
294,22297,HEART IVORY TRELLIS SMALL,1.25
295,22772,PINK DRAWER KNOB ACRYLIC EDWARDIAN,1.25
296,22773,GREEN DRAWER KNOB ACRYLIC EDWARDIAN,1.25
297,22805,BLUE DRAWER KNOB ACRYLIC EDWARDIAN,1.25
298,22197,SMALL POPCORN HOLDER,0.85
299,21125,SET 6 FOOTBALL CELEBRATION CANDLES,1.25
300,21126,SET OF 6 GIRLS CELEBRATION CANDLES,1.25
301,85049C,ROMANTIC PINKS RIBBONS ,1.25
302,85049D,BRIGHT BLUES RIBBONS ,1.25
303,85049G,CHOCOLATE BOX RIBBONS ,1.25
304,21061,PARTY INVITES FOOTBALL,0.85
305,21063,PARTY INVITES JAZZ HEARTS,0.85
306,21062,PARTY INVITES SPACEMAN,0.85
307,84380,SET OF 3 BUTTERFLY COOKIE CUTTERS,1.25
308,84378,SET OF 3 HEART COOKIE CUTTERS,1.25
309,22964,3 PIECE SPACEBOY COOKIE CUTTER SET,2.1
310,21213,PACK OF 72 SKULL CAKE CASES,0.55
311,22417,PACK OF 60 SPACEBOY CAKE CASES,0.55
312,84992,72 SWEETHEART FAIRY CAKE CASES,0.55
313,22383,LUNCH BAG SUKI  DESIGN ,1.65
314,20728,LUNCH BAG CARS BLUE,1.65
315,20727,LUNCH BAG  BLACK SKULL.,1.65
316,22296,HEART IVORY TRELLIS LARGE,1.65
317,20914,SET/5 RED RETROSPOT LID GLASS BOWLS,2.55
318,22537,MAGIC DRAWING SLATE DINOSAUR,0.42
319,22533,MAGIC DRAWING SLATE BAKE A CAKE ,0.42
320,20982,12 PENCILS TALL TUBE SKULLS,0.85
321,21915,RED  HARMONICA IN BOX ,1.25
322,21914,BLUE HARMONICA IN BOX ,1.25
323,21544,SKULLS  WATER TRANSFER TATTOOS ,0.85
324,22813,PACK 3 BOXES BIRD PANNETONE ,1.95
325,84029E,RED WOOLLY HOTTIE WHITE HEART.,3.75
326,84375,SET OF 20 KIDS COOKIE CUTTERS,2.1
327,22418,10 COLOUR SPACEBOY PEN,0.85
328,22178,VICTORIAN GLASS HANGING T-LIGHT,1.25
329,84970L,SINGLE HEART ZINC T-LIGHT HOLDER,0.95
330,21733,RED HANGING HEART T-LIGHT HOLDER,2.95
331,22465,HANGING METAL STAR LANTERN,1.65
332,84949,SILVER HANGING T-LIGHT HOLDER,1.65
333,20685,DOORMAT RED RETROSPOT,7.95
334,48194,DOORMAT HEARTS,7.95
335,22488,NATURAL SLATE RECTANGLE CHALKBOARD,1.65
336,22219,LOVEBIRD HANGING DECORATION WHITE ,0.85
337,22610,PENS ASSORTED FUNNY FACE,0.85
338,22716,CARD CIRCUS PARADE,0.42
339,22706,WRAP COWBOYS  ,0.42
340,22371,AIRLINE BAG VINTAGE TOKYO 78,4.25
341,21210,SET OF 72 RETROSPOT PAPER  DOILIES,1.45
342,22553,PLASTERS IN TIN SKULLS,1.65
343,16237,SLEEPING CAT ERASERS,0.21
344,22714,CARD BIRTHDAY COWBOY,0.42
345,22812,PACK 3 BOXES CHRISTMAS PANNETONE,1.95
346,84347,ROTATING SILVER ANGELS T-LIGHT HLDR,2.55
347,22736,RIBBON REEL MAKING SNOWMEN ,1.65
348,22620,4 TRADITIONAL SPINNING TOPS,1.25
349,21705,BAG 500g SWIRLY MARBLES,1.65
350,90199C,5 STRAND GLASS NECKLACE CRYSTAL,6.35
351,22785,SQUARECUSHION COVER PINK UNION FLAG,6.75
352,22975,SPACEBOY CHILDRENS EGG CUP,1.25
353,22972,CHILDREN'S SPACEBOY MUG,1.65
354,22568,FELTCRAFT CUSHION OWL,3.75
355,85116,BLACK CANDELABRA T-LIGHT HOLDER,2.1
356,22664,TOY TIDY DOLLY GIRL DESIGN,2.1
357,21609,SET 12 LAVENDER  BOTANICAL T-LIGHTS,2.95
358,21866,UNION JACK FLAG LUGGAGE TAG,1.25
359,20669,RED HEART LUGGAGE TAG,1.25
360,90129F,RED GLASS TASSLE BAG CHARM,2.95
361,90210B,CLEAR ACRYLIC FACETED BANGLE,2.95
362,21955,DOORMAT UNION JACK GUNS AND ROSES,7.95
363,72802C,VANILLA SCENT CANDLE JEWELLED BOX,4.25
364,22109,FULL ENGLISH BREAKFAST PLATE,3.75
365,22531,MAGIC DRAWING SLATE CIRCUS PARADE  ,0.42
366,21811,CHRISTMAS HANGING HEART WITH BELL,1.25
367,22183,CAKE STAND VICTORIAN FILIGREE MED,6.75
368,21678,PAISLEY PATTERN  STICKERS,0.85
369,21676,FLOWERS  STICKERS,0.85
370,85169B,BLACK LOVE BIRD CANDLE,1.25
371,16238,PARTY TIME PENCIL ERASERS,0.21
372,20668,DISCO BALL CHRISTMAS DECORATION,0.12
373,84906,PINK B'FLY C/COVER W BOBBLES,5.95
374,21867,PINK UNION JACK  LUGGAGE TAG,1.25
375,22075,6 RIBBONS ELEGANT CHRISTMAS ,1.65
376,21326,AGED GLASS SILVER T-LIGHT HOLDER,0.65
377,21065,BOOM BOX SPEAKER GIRLS,5.95
378,22074,6 RIBBONS SHIMMERING PINKS ,1.65
379,20713,JUMBO BAG OWLS,1.95
380,21116,OWL DOORSTOP,4.95
381,22633,HAND WARMER UNION JACK,2.1
382,22198,LARGE POPCORN HOLDER ,1.65
383,21824,PAINTED METAL STAR WITH HOLLY BELLS,1.45
384,21823,PAINTED METAL HEART WITH HOLLY BELL,1.45
385,22153,ANGEL DECORATION STARS ON DRESS,0.42
386,85099B,JUMBO BAG RED RETROSPOT,1.95
387,85099F,JUMBO BAG STRAWBERRY,1.95
388,20717,STRAWBERRY SHOPPER BAG,1.25
389,22328,ROUND SNACK BOXES SET OF 4 FRUITS ,2.95
390,22327,ROUND SNACK BOXES SET OF 4 SKULLS,2.95
391,22630,DOLLY GIRL LUNCH BOX,1.95
392,21245,GREEN POLKADOT PLATE ,1.69
393,21244,BLUE POLKADOT PLATE ,1.69
394,21242,RED RETROSPOT PLATE ,1.69
395,21243,PINK  POLKADOT PLATE ,1.69
396,22273,FELTCRAFT DOLL MOLLY,2.95
397,22940,FELTCRAFT CHRISTMAS FAIRY,4.25
398,22759,SET OF 3 NOTEBOOKS IN PARCEL,1.65
399,21880,RED RETROSPOT TAPE,0.65
400,21738,COSY SLIPPER SHOES SMALL  RED ,2.95
401,22077,6 RIBBONS RUSTIC CHARM,1.65
402,21448,12 DAISY PEGS IN WOOD BOX,1.65
403,22837,HOT WATER BOTTLE BABUSHKA ,4.65
404,22243,5 HOOK HANGER RED MAGIC TOADSTOOL,1.65
405,22141,CHRISTMAS CRAFT TREE TOP ANGEL,2.1
406,22144,CHRISTMAS CRAFT LITTLE FRIENDS,2.1
407,21739,COSY SLIPPER SHOES SMALL GREEN,2.95
408,22271,FELTCRAFT DOLL ROSIE,2.95
409,22274,FELTCRAFT DOLL EMILY,2.95
410,22751,FELTCRAFT PRINCESS OLIVIA DOLL,3.75
411,21034,REX CASH+CARRY JUMBO SHOPPER,0.95
412,22570,FELTCRAFT CUSHION RABBIT,3.75
413,22569,FELTCRAFT CUSHION BUTTERFLY,3.75
414,22968,ROSE COTTAGE KEEPSAKE BOX ,9.95
415,22902,TOTE BAG I LOVE LONDON,2.1
416,21710,FOLDING UMBRELLA PINKWHITE POLKADOT,4.95
417,21708,FOLDING UMBRELLA CREAM POLKADOT,4.95
418,21711,FOLDING UMBRELLA WHITE/RED POLKADOT,4.95
419,22179,SET 10 LIGHTS NIGHT OWL,6.75
420,21706,FOLDING UMBRELLA RED/WHITE POLKADOT,4.95
421,85184C,S/4 VALENTINE DECOUPAGE HEART BOX,2.95
422,22988,SOLDIERS EGG CUP ,1.25
423,20750,RED RETROSPOT MINI CASES,7.95
424,22952,60 CAKE CASES VINTAGE CHRISTMAS,0.55
425,22910,PAPER CHAIN KIT VINTAGE CHRISTMAS,2.95
426,22739,RIBBON REEL CHRISTMAS SOCK BAUBLE,1.65
427,22738,RIBBON REEL SNOWY VILLAGE,1.65
428,22909,SET OF 20 VINTAGE CHRISTMAS NAPKINS,0.85
429,35591T,TURQUOISE CHRISTMAS TREE ,1.25
430,22186,RED STAR CARD HOLDER,2.95
431,22695,WICKER WREATH SMALL,1.45
432,22470,HEART OF WICKER LARGE,2.95
433,22580,ADVENT CALENDAR GINGHAM SACK,5.95
434,22147,FELTCRAFT BUTTERFLY HEARTS,1.45
435,22130,PARTY CONE CHRISTMAS DECORATION ,0.85
436,22694,WICKER STAR ,2.1
437,21790,VINTAGE SNAP CARDS,0.85
438,22149,FELTCRAFT 6 FLOWER FRIENDS,2.1
439,22321,BIRD DECORATION RED RETROSPOT,0.85
440,22594,CHRISTMAS GINGHAM TREE,0.85
441,22593,CHRISTMAS GINGHAM STAR,0.85
442,22595,CHRISTMAS GINGHAM HEART,0.85
443,21986,PACK OF 12 PINK POLKADOT TISSUES,0.29
444,22750,FELTCRAFT PRINCESS LOLA DOLL,3.75
445,22616,PACK OF 12 LONDON TISSUES ,0.29
446,22775,PURPLE DRAWERKNOB ACRYLIC EDWARDIAN,1.25
447,22899,CHILDREN'S APRON DOLLY GIRL ,2.1
448,22367,CHILDRENS APRON SPACEBOY DESIGN,1.95
449,22942,CHRISTMAS LIGHTS 10 SANTAS ,8.5
450,21976,PACK OF 60 MUSHROOM CAKE CASES,0.55
451,22951,60 CAKE CASES DOLLY GIRL DESIGN,0.55
452,22834,HAND WARMER BABUSHKA DESIGN,2.1
453,21916,SET 12 RETRO WHITE CHALK STICKS,0.42
454,22587,FELTCRAFT HAIRBAND RED AND BLUE,0.85
455,22566,FELTCRAFT HAIRBAND PINK AND PURPLE,0.85
456,22565,FELTCRAFT HAIRBANDS PINK AND WHITE ,0.85
457,22472,TV DINNER TRAY DOLLY GIRL,4.95
458,22557,PLASTERS IN TIN VINTAGE PAISLEY ,1.65
459,22551,PLASTERS IN TIN SPACEBOY,1.65
460,22554,PLASTERS IN TIN WOODLAND ANIMALS,1.65
461,22534,MAGIC DRAWING SLATE SPACEBOY ,0.42
462,22529,MAGIC DRAWING SLATE GO TO THE FAIR ,0.42
463,22530,MAGIC DRAWING SLATE DOLLY GIRL ,0.42
464,84032B,CHARLIE + LOLA RED HOT WATER BOTTLE,2.95
465,85049H,URBAN BLACK RIBBONS ,1.25
466,22807,SET OF 6 T-LIGHTS TOADSTOOLS,2.95
467,21494,ROTATING LEAVES T-LIGHT HOLDER,1.25
468,22938,CUPCAKE LACE PAPER SET 6,1.95
469,82494L,WOODEN FRAME ANTIQUE WHITE ,2.95
470,21892,TRADITIONAL WOODEN CATCH CUP GAME ,1.25
471,21890,S/6 WOODEN SKITTLES IN COTTON BAG,2.95
472,21718,RED METAL BEACH SPADE ,1.25
473,21716,BOYS VINTAGE TIN SEASIDE BUCKET,2.55
474,21715,GIRLS VINTAGE TIN SEASIDE BUCKET,2.55
475,22113,GREY HEART HOT WATER BOTTLE,3.75
476,22358,KINGS CHOICE TEA CADDY ,2.95
477,22357,KINGS CHOICE BISCUIT TIN,4.25
478,22115,METAL SIGN EMPIRE TEA,2.95
479,21481,FAWN BLUE HOT WATER BOTTLE,2.95
480,22585,PACK OF 6 BIRDY GIFT TAGS,1.25
481,79321,CHILLI LIGHTS,4.95
482,21556,CERAMIC STRAWBERRY MONEY BOX,2.55
483,22645,CERAMIC HEART FAIRY CAKE MONEY BANK,1.45
484,22650,CERAMIC PIRATE CHEST MONEY BANK,1.45
485,22508,DOORSTOP RETROSPOT HEART,3.75
486,22511,RETROSPOT BABUSHKA DOORSTOP,3.75
487,22829,SWEETHEART WIRE WALL TIDY,9.95
488,21154,RED RETROSPOT OVEN GLOVE ,1.06
489,22189,CREAM HEART CARD HOLDER,3.39
490,17021,NAMASTE SWAGAT INCENSE,0.24
491,22059,CERAMIC STRAWBERRY DESIGN MUG,1.25
492,22188,BLACK HEART CARD HOLDER,3.39
493,84678,CLASSICAL ROSE SMALL VASE,1.25
494,85172,HYACINTH BULB T-LIGHT CANDLES,0.42
495,22142,CHRISTMAS CRAFT WHITE FAIRY ,1.45
496,21591,COSY HOUR CIGAR BOX MATCHES ,1.25
497,22480,RED TEA TOWEL CLASSIC DESIGN,1.25
498,22294,HEART FILIGREE DOVE  SMALL,1.25
499,21156,RETROSPOT CHILDRENS APRON,1.95
500,10133,COLOURING PENCILS BROWN TUBE,0.85
501,72800E,4 IVORY DINNER CANDLES SILVER FLOCK,2.55
502,84836,ZINC METAL HEART DECORATION,1.25
503,20774,GREEN FERN NOTEBOOK,1.65
504,20773,BLUE PAISLEY NOTEBOOK,1.65
505,20777,CHRYSANTHEMUM NOTEBOOK,1.65
506,16016,LARGE CHINESE STYLE SCISSOR,0.85
507,16014,SMALL CHINESE STYLE SCISSOR,0.42
508,21651,HANGING GLASS ETCHED TEALIGHT,1.65
509,22618,COOKING SET RETROSPOT,9.95
510,21586,KINGS CHOICE GIANT TUBE MATCHES,2.55
511,22152,PLACE SETTING WHITE STAR,0.42
512,84754,S/15 SILVER GLASS BAUBLES IN BAG,1.25
513,22670,FRENCH WC SIGN BLUE METAL,1.25
514,84849B,FAIRY SOAP SOAP HOLDER,1.69
515,22927,GREEN GIANT GARDEN THERMOMETER,5.95
516,22925,BLUE GIANT GARDEN THERMOMETER,5.95
517,21259,VICTORIAN SEWING BOX SMALL ,5.95
518,21257,VICTORIAN SEWING BOX MEDIUM,7.95
519,21121,SET/10 RED POLKADOT PARTY CANDLES,1.25
520,82552,WASHROOM METAL SIGN,1.45
521,90200B,BLACK SWEETHEART BRACELET,4.25
522,90059B,DIAMANTE HAIR GRIP PACK/2 BLACK DIA,1.65
523,90185C,BLACK DIAMANTE EXPANDABLE RING,4.25
524,90059E,DIAMANTE HAIR GRIP PACK/2 RUBY,1.65
525,90059C,DIAMANTE HAIR GRIP PACK/2 MONTANA,1.65
526,90200C,BLUE SWEETHEART BRACELET,4.25
527,90200D,PINK SWEETHEART BRACELET,4.25
528,90200A,PURPLE SWEETHEART BRACELET,4.25
529,22737,RIBBON REEL CHRISTMAS PRESENT ,1.65
530,21260,FIRST AID TIN,3.25
531,22744,MAKE YOUR OWN MONSOON CARD KIT,2.95
532,21985,PACK OF 12 HEARTS DESIGN TISSUES ,0.29
533,22295,HEART FILIGREE DOVE LARGE,1.65
534,16258A,SWIRLY CIRCULAR RUBBERS IN BAG,0.42
535,21992,VINTAGE PAISLEY STATIONERY SET,2.95
536,21124,SET/10 BLUE POLKADOT PARTY CANDLES,1.25
537,22735,RIBBON REEL SOCKS AND MITTENS,1.65
538,22945,CHRISTMAS METAL TAGS ASSORTED ,0.85
539,21816,CHRISTMAS TREE T-LIGHT HOLDER,1.45
540,21815,STAR  T-LIGHT HOLDER ,1.45
541,21814,HEART T-LIGHT HOLDER ,1.45
542,10125,MINI FUNKY DESIGN TAPES,0.85
543,22573,STAR WOODEN CHRISTMAS DECORATION,0.85
544,22577,WOODEN HEART CHRISTMAS SCANDINAVIAN,0.85
545,22603,CHRISTMAS RETROSPOT TREE WOOD,0.85
546,20878,SET/9 CHRISTMAS T-LIGHTS SCENTED ,1.25
547,20866,BLUE ROSE FABRIC MIRROR,1.25
548,85095,THREE CANVAS LUGGAGE TAGS,1.95
549,22333,RETROSPOT PARTY BAG + STICKER SET,1.65
550,21584,RETROSPOT SMALL TUBE MATCHES,1.65
551,22731,3D CHRISTMAS STAMPS STICKERS ,1.25
552,22558,CLOTHES PEGS RETROSPOT PACK 24 ,1.49
553,22956,36 FOIL HEART CAKE CASES,2.1
554,22582,PACK OF 6 SWEETIE GIFT BOXES,2.55
555,85231B,CINAMMON SET OF 9 T-LIGHTS,0.85
556,85231G,ORANGE SCENTED SET/9 T-LIGHTS,0.85
557,22082,RIBBON REEL STRIPES DESIGN ,1.65
558,22500,SET OF 2 TINS JARDIN DE PROVENCE,4.95
559,22742,MAKE YOUR OWN PLAYTIME CARD KIT,2.95
560,21329,DINOSAURS  WRITING SET ,1.65
561,21327,SKULLS WRITING SET ,1.65
562,48173C,DOORMAT BLACK FLOCK ,7.95
563,72818,CHRISTMAS DECOUPAGE CANDLE,0.85
564,22312,OFFICE MUG WARMER POLKADOT,2.95
565,21314,SMALL GLASS HEART TRINKET POT,1.85
566,21137,BLACK RECORD COVER FRAME,3.39
567,22041,"RECORD FRAME 7"" SINGLE SIZE ",2.1
568,20979,36 PENCILS TUBE RED RETROSPOT,1.25
569,20977,36 PENCILS TUBE WOODLAND,1.25
570,22571,ROCKING HORSE RED CHRISTMAS ,0.72
571,22595,CHRISTMAS GINGHAM HEART,0.72
572,22593,CHRISTMAS GINGHAM STAR,0.72
573,22423,REGENCY CAKESTAND 3 TIER,10.95
574,21621,VINTAGE UNION JACK BUNTING,8.5
575,47563A,RETRO LONGBOARD IRONING BOARD COVER,3.75
576,84558A,3D DOG PICTURE PLAYING CARDS,2.95
577,21577,SAVE THE PLANET COTTON TOTE BAG,2.25
578,22087,PAPER BUNTING WHITE LACE,2.95
579,22651,GENTLEMAN SHIRT REPAIR KIT ,0.85
580,22713,CARD I LOVE LONDON ,0.42
581,21370,MIRRORED WALL ART FOXY,6.35
582,21367,MIRRORED WALL ART GENTS,2.55
583,22376,AIRLINE BAG VINTAGE JET SET WHITE,4.25
584,21895,POTTING SHED SOW 'N' GROW SET,4.25
585,22372,AIRLINE BAG VINTAGE WORLD CHAMPION ,4.25
586,21190,PINK HEARTS PAPER GARLAND,1.65
587,21894,POTTING SHED SEED ENVELOPES,1.25
588,70007,HI TEC ALPINE HAND WARMER,1.65
589,46000M,POLYESTER FILLER PAD 45x45cm,1.55
590,22712,CARD DOLLY GIRL ,0.42
591,22983,CARD BILLBOARD FONT,0.42
592,22024,RAINY LADIES BIRTHDAY CARD,0.42
593,21488,RED WHITE SCARF  HOT WATER BOTTLE,3.95
594,22895,SET OF 2 TEA TOWELS APPLE AND PEARS,2.95
595,22784,LANTERN CREAM GAZEBO ,4.95
596,21441,BLUE BIRDHOUSE DECORATION,0.85
597,22423,REGENCY CAKESTAND 3 TIER,12.75
598,84947,ANTIQUE SILVER TEA GLASS ENGRAVED,1.06
599,21326,AGED GLASS SILVER T-LIGHT HOLDER,0.55
600,22485,SET OF 2 WOODEN MARKET CRATES,12.75
601,21794,CLASSIC FRENCH STYLE BASKET NATURAL,6.75
602,20707,CRAZY DAISY HEART DECORATION,1.25
603,22588,CARD HOLDER GINGHAM HEART,2.55
604,21292,SMALL STRIPES CHOCOLATE GIFT BAG ,0.85
605,22760,"TRAY, BREAKFAST IN BED",12.75
606,22107,PIZZA PLATE IN BOX,3.75
607,21486,PINK HEART DOTS HOT WATER BOTTLE,3.75
608,22151,PLACE SETTING WHITE HEART,0.42
609,22643,SET OF 4 NAPKIN CHARMS LEAVES   ,2.55
610,22642,SET OF 4 NAPKIN CHARMS STARS   ,2.55
611,22604,SET OF 4 NAPKIN CHARMS CUTLERY,2.55
612,22099,CARAVAN SQUARE TISSUE BOX,1.25
613,22653,BUTTON BOX ,1.95
614,22906,12 MESSAGE CARDS WITH ENVELOPES,1.65
615,22754,SMALL RED BABUSHKA NOTEBOOK ,0.85
616,22919,HERB MARKER MINT,0.65
617,22917,HERB MARKER ROSEMARY,0.65
618,22920,HERB MARKER BASIL,0.65
619,22921,HERB MARKER CHIVES ,0.65
620,22918,HERB MARKER PARSLEY,0.65
621,22916,HERB MARKER THYME,0.65
622,22575,METAL MERRY CHRISTMAS WREATH,1.95
623,21804,WHITE CHRISTMAS GARLAND STARS TREES,3.75
624,21588,RETROSPOT GIANT TUBE MATCHES,2.55
625,22955,36 FOIL STAR CAKE CASES ,2.1
626,22583,PACK OF 6 HANDBAG GIFT BOXES,2.55
627,22241,GARLAND WOODEN HAPPY EASTER,1.25
628,22904,CALENDAR PAPER CUT DESIGN,2.95
629,22905,CALENDAR IN SEASON DESIGN,2.95
630,22092,BLUE PAISLEY TISSUE BOX,1.25
631,22096,PINK PAISLEY SQUARE TISSUE BOX ,1.25
632,21358,TOAST ITS - HAPPY BIRTHDAY,1.25
633,21123,SET/10 IVORY POLKADOT PARTY CANDLES,1.25
634,21427,SKULLS STORAGE BOX SMALL,2.1
635,21930,JUMBO STORAGE BAG SKULLS,1.95
636,20772,GARDEN PATH JOURNAL,2.55
637,71406C,BLACK ORANGE SQUEEZER,0.42
638,84985A,SET OF 72 GREEN PAPER DOILIES,1.45
639,20754,RETROSPOT RED WASHING UP GLOVES,2.1
640,84596E,SMALL LICORICE DES PINK BOWL,1.25
641,21111,"SWISS ROLL TOWEL, CHOCOLATE  SPOTS",2.95
642,22501,PICNIC BASKET WICKER LARGE,9.95
643,22854,CREAM SWEETHEART EGG HOLDER,4.95
644,84997D,PINK 3 PIECE POLKADOT CUTLERY SET,3.75
645,47599A,PINK PARTY BAGS,2.1
646,47599B,BLUE PARTY BAGS ,2.1
647,20972,PINK CREAM FELT CRAFT TRINKET BOX ,1.25
648,21041,RED RETROSPOT OVEN GLOVE DOUBLE,2.95
649,21664,RIDGED GLASS STORAGE JAR CREAM LID,3.75
650,22907,PACK OF 20 NAPKINS PANTRY DESIGN,0.85
651,22776,SWEETHEART CAKESTAND 3 TIER,9.95
652,21810,CHRISTMAS HANGING STAR WITH BELL,1.25
653,21197,MULTICOLOUR  CONFETTI IN TUBE,1.65
654,85035B,CHOCOLATE 3 WICK MORRIS BOX CANDLE,4.25
655,84968C,SET OF 16 VINTAGE PISTACHIO CUTLERY,12.75
656,37370,RETRO COFFEE MUGS ASSORTED,1.25
657,21098,CHRISTMAS TOILET ROLL,1.25
658,20914,SET/5 RED RETROSPOT LID GLASS BOWLS,2.95
659,21192,WHITE BELL HONEYCOMB PAPER ,1.65
660,72800B, 4 PURPLE FLOCK DINNER CANDLES,2.55
661,84563A,PINK & WHITE BREAKFAST TRAY,5.95
662,47504H,ENGLISH ROSE SPIRIT LEVEL ,1.95
663,21742,LARGE ROUND WICKER PLATTER ,5.95
664,22481,BLACK TEA TOWEL CLASSIC DESIGN,1.25
665,22943,CHRISTMAS LIGHTS 10 VINTAGE BAUBLES,4.95
666,22699,ROSES REGENCY TEACUP AND SAUCER ,2.95
667,22217,T-LIGHT HOLDER HANGING LACE,1.25
668,22227,HANGING HEART MIRROR DECORATION ,0.65
669,21106,CREAM SLICE FLANNEL CHOCOLATE SPOT ,2.95
670,21107,CREAM SLICE FLANNEL PINK SPOT ,2.95
671,22697,GREEN REGENCY TEACUP AND SAUCER,2.95
672,21826,EIGHT PIECE DINOSAUR SET,1.25
673,22548,HEADS AND TAILS SPORTING FUN,1.25
674,17164B,ASS COL SMALL SAND GECKO P'WEIGHT,0.42
675,22429,ENAMEL MEASURING JUG CREAM,4.25
676,20974,12 PENCILS SMALL TUBE SKULL,0.65
677,20973,12 PENCIL SMALL TUBE WOODLAND,0.65
678,15044B,BLUE PAPER PARASOL ,2.95
679,21135,VICTORIAN  METAL POSTCARD SPRING,1.69
680,22173,METAL 4 HOOK HANGER FRENCH CHATEAU,2.95
681,22626,BLACK KITCHEN SCALES,8.5
682,22625,RED KITCHEN SCALES,8.5
683,22624,IVORY KITCHEN SCALES,8.5
684,84945,MULTI COLOUR SILVER T-LIGHT HOLDER,0.85
685,22244,3 HOOK HANGER MAGIC GARDEN,1.95
686,47421,ASSORTED COLOUR LIZARD SUCTION HOOK,0.42
687,20712,JUMBO BAG WOODLAND ANIMALS,1.95
688,22973,CHILDREN'S CIRCUS PARADE MUG,1.65
689,84569B,PACK 3 FIRE ENGINE/CAR PATCHES,1.25
690,22815,CARD PSYCHEDELIC APPLES,0.42
691,85114B,IVORY ENCHANTED FOREST PLACEMAT,1.65
692,22584,PACK OF 6 PANNETONE GIFT BOXES,2.55
693,22454,MEASURING TAPE BABUSHKA RED,2.95
694,22963,JAM JAR WITH GREEN LID,0.85
695,85114C,RED ENCHANTED FOREST PLACEMAT,1.65
696,22974,CHILDRENS DOLLY GIRL MUG,1.65
697,21452,TOADSTOOL MONEY BOX,2.95
698,22743,MAKE YOUR OWN FLOWERPOWER CARD KIT,2.95
699,22911,PAPER CHAIN KIT LONDON,2.95
700,22453,MEASURING TAPE BABUSHKA BLUE,2.95
701,22445,PENCIL CASE LIFE IS BEAUTIFUL,2.95
702,22607,WOODEN ROUNDERS GARDEN SET ,9.95
703,22635,CHILDS BREAKFAST SET DOLLY GIRL ,9.95
704,22634,CHILDS BREAKFAST SET SPACEBOY ,9.95
705,22222,CAKE PLATE LOVEBIRD WHITE,4.95
706,22947,WOODEN ADVENT CALENDAR RED,16.95
707,22187,GREEN CHRISTMAS TREE CARD HOLDER,4.25
708,22164,STRING OF STARS CARD HOLDER,2.95
709,72598,SET/12 TAPER CANDLES,0.85
710,21258,VICTORIAN SEWING BOX LARGE,12.75
711,22627,MINT KITCHEN SCALES,8.5
712,22487,WHITE WOOD GARDEN PLANT LADDER,9.95
713,22360,GLASS JAR ENGLISH CONFECTIONERY,2.95
714,22364,GLASS JAR DIGESTIVE BISCUITS,2.95
715,21657,MILK BOTTLE WITH GLASS STOPPER ,6.95
716,21071,VINTAGE BILLBOARD DRINK ME MUG,1.25
717,22120,WELCOME  WOODEN BLOCK LETTERS,9.95
718,21038,SET/4 MODERN VINTAGE COTTON NAPKINS,2.95
719,21625,VINTAGE UNION JACK APRON,6.95
720,22097,SWALLOW SQUARE TISSUE BOX,1.25
721,21179,NO JUNK MAIL METAL SIGN,1.25
722,22185,SLATE TILE NATURAL HANGING,1.65
723,21662,VINTAGE GLASS COFFEE CADDY,5.95
724,85104,SILVER GLASS T-LIGHT SET,2.95
725,21654,RIDGED GLASS FINGER BOWL,1.45
726,21658,GLASS  BEURRE DISH,3.95
727,21519,GIN & TONIC DIET GREETING CARD ,0.42
728,22819,"BIRTHDAY CARD, RETRO SPOT",0.42
729,22704,WRAP RED APPLES ,0.42
730,21498,RED RETROSPOT WRAP ,0.42
731,20679,EDWARDIAN PARASOL RED,5.95
732,22049,WRAP CHRISTMAS SCREEN PRINT,0.42
733,21497,FANCY FONTS BIRTHDAY WRAP,0.42
734,21333,CLASSIC WHITE FRAME,2.95
735,22194,BLACK DINER WALL CLOCK,8.5
736,22688,DOORMAT PEACE ON EARTH BLUE,7.95
737,84692,BOX OF 24 COCKTAIL PARASOLS,0.42
738,22444,GROW YOUR OWN PLANT IN A CAN ,1.06
739,22556,PLASTERS IN TIN CIRCUS PARADE ,1.65
740,22555,PLASTERS IN TIN STRONGMAN,1.65
741,22547,MINI JIGSAW DINOSAUR ,0.42
742,22543,MINI JIGSAW BAKE A CAKE ,0.42
743,22539,MINI JIGSAW DOLLY GIRL,0.42
744,22561,WOODEN SCHOOL COLOURING SET,1.65
745,22489,PACK OF 12 TRADITIONAL CRAYONS,0.42
746,22814,CARD PARTY GAMES ,0.42
747,21520,BOOZE & WOMEN GREETING CARD ,0.42
748,21982,PACK OF 12 SUKI TISSUES ,0.29
749,21981,PACK OF 12 WOODLAND TISSUES ,0.29
750,21967,PACK OF 12 SKULL TISSUES,0.29
751,21983,PACK OF 12 BLUE PAISLEY TISSUES ,0.29
752,22615,PACK OF 12 CIRCUS PARADE TISSUES ,0.29
753,22614,PACK OF 12 SPACEBOY TISSUES,0.29
754,22095,LADS ONLY TISSUE BOX,1.25
755,22094,RED RETROSPOT TISSUE BOX,1.25
756,21984,PACK OF 12 PINK PAISLEY TISSUES ,0.29
757,21786,POLKADOT RAIN HAT ,0.42
758,21080,SET/20 RED RETROSPOT PAPER NAPKINS ,0.85
759,22962,JAM JAR WITH PINK LID,0.85
760,22966,GINGERBREAD MAN COOKIE CUTTER,1.25
761,21874,GIN AND TONIC MUG,1.25
762,21873,IF YOU CAN'T STAND THE HEAT MUG,1.25
763,21870,I CAN ONLY PLEASE ONE PERSON MUG,1.25
764,84050,PINK HEART SHAPE EGG FRYING PAN,1.25
765,22315,200 RED + WHITE BENDY STRAWS,1.25
766,22667,RECIPE BOX RETROSPOT ,2.95
767,22666,RECIPE BOX PANTRY YELLOW DESIGN,2.95
768,22665,RECIPE BOX BLUE SKETCHBOOK DESIGN,2.95
769,22567,20 DOLLY PEGS RETROSPOT,1.25
770,82600,NO SINGING METAL SIGN,2.1
771,22842,BISCUIT TIN VINTAGE RED,6.75
772,22494,EMERGENCY FIRST AID TIN ,1.25
773,22740,POLKADOT PEN,0.85
774,22825,DECORATIVE PLANT POT WITH FRIEZE,7.95
775,22680,FRENCH BLUE METAL DOOR SIGN 5,1.25
776,22797,CHEST OF DRAWERS GINGHAM HEART ,16.95
777,21843,RED RETROSPOT CAKE STAND,10.95
778,22118,JOY WOODEN BLOCK LETTERS,4.95
779,22121,NOEL WOODEN BLOCK LETTERS ,5.95
780,22119,PEACE WOODEN BLOCK LETTERS,6.95
781,22311,OFFICE MUG WARMER BLACK+SILVER ,2.95
782,72817,SET OF 2 CHRISTMAS DECOUPAGE CANDLE,1.25
783,22277,COSMETIC BAG VINTAGE ROSE PAISLEY,2.1
784,20867,PINK ROSE FABRIC MIRROR,1.25
785,21688,SILVER PLATE CANDLE BOWL SMALL,2.95
786,21694,SMALL REGAL  SILVER CANDLEPOT ,2.95
787,22800,ANTIQUE TALL SWIRLGLASS TRINKET POT,3.75
788,22801,ANTIQUE GLASS PEDESTAL BOWL,3.75
789,22781,GUMBALL MAGAZINE RACK,7.65
790,21466,RED FLOWER CROCHET FOOD COVER,3.75
791,21467,CHERRY CROCHET FOOD COVER,3.75
792,21471,STRAWBERRY RAFFIA FOOD COVER,3.75
793,21469,POLKA DOT RAFFIA FOOD COVER,3.75
794,21524,DOORMAT SPOTTY HOME SWEET HOME,7.95
795,22791,T-LIGHT GLASS FLUTED ANTIQUE,1.25
796,21690,SILVER  CANDLEPOT JARDIN ,3.75
797,37343,POLKADOT MUG PINK ,1.65
798,22088,PAPER BUNTING COLOURED LACE,2.95
799,21143,ANTIQUE GLASS HEART DECORATION ,1.95
800,84944,SET OF 6 KASHMIR FOLKART BAUBLES,4.25
801,22601,CHRISTMAS RETROSPOT ANGEL WOOD,0.85
802,22600,CHRISTMAS RETROSPOT STAR WOOD,0.85
803,22574,HEART WOODEN CHRISTMAS DECORATION,0.85
804,85199L,LARGE HANGING IVORY & RED WOOD BIRD,0.65
805,85199S,SMALL HANGING IVORY/RED WOOD BIRD,0.42
806,72741,GRAND CHOCOLATECANDLE,1.45
807,37495,FAIRY CAKE BIRTHDAY CANDLE SET,3.75
808,22171,3 HOOK PHOTO SHELF ANTIQUE WHITE,8.5
809,82486,WOOD S/3 CABINET ANT WHITE FINISH,7.95
810,85067,CREAM SWEETHEART WALL CABINET,18.95
811,48184,DOORMAT ENGLISH ROSE ,7.95
812,48138,DOORMAT UNION FLAG,7.95
813,85019A,ROMANTIC IMAGES NOTEBOOK SET,4.25
814,85019C,CURIOUS  IMAGES NOTEBOOK SET,4.25
815,20902,VINTAGE KEEPSAKE BOX PARIS DAYS,6.35
816,21429,RED GINGHAM ROSE JEWELLERY BOX,1.65
817,85071A,BLUE CHARLIE+LOLA PERSONAL DOORSIGN,2.95
818,85071C,"CHARLIE+LOLA""EXTREMELY BUSY"" SIGN",2.55
819,22355,CHARLOTTE BAG SUKI DESIGN,0.85
820,21579,LOLITA  DESIGN  COTTON TOTE BAG,2.25
821,21576,LETS GO SHOPPING COTTON TOTE BAG,2.25
822,22493,PAINT YOUR OWN CANVAS SET,1.65
823,21833,CAMOUFLAGE LED TORCH,1.69
824,85135B,BLUE DRAGONFLY HELICOPTER,7.95
825,85136A,YELLOW SHARK HELICOPTER,7.95
826,85136C,RED SHARK HELICOPTER,7.95
827,21055,TOOL BOX SOFT TOY ,8.95
828,21056,DOCTOR'S BAG SOFT TOY,8.95
829,C2,CARRIAGE,50.0
830,21928,JUMBO BAG SCANDINAVIAN PAISLEY,1.95
831,20711,JUMBO BAG TOYS ,1.95
832,84970S,HANGING HEART ZINC T-LIGHT HOLDER,0.85
833,22466,FAIRY TALE COTTAGE NIGHTLIGHT,1.95
834,22174,PHOTO CUBE,1.65
835,79144B,PAINTED LIGHTBULB STAR+ MOON,0.42
836,22482,BLUE TEA TOWEL CLASSIC DESIGN,1.25
837,21917,SET 12 KIDS  WHITE CHALK STICKS,0.42
838,22599,CHRISTMAS MUSICAL ZINC STAR,0.85
839,22597,CHRISTMAS MUSICAL ZINC HEART ,0.85
840,22336,DOVE DECORATION PAINTED ZINC ,0.65
841,21922,UNION STRIPE WITH FRINGE  HAMMOCK,7.95
842,35961,FOLKART ZINC HEART CHRISTMAS DEC,0.85
843,21495,SKULLS AND CROSSBONES WRAP,0.42
844,46000R,POLYESTER FILLER PAD 45x30cm,1.45
845,46000S,POLYESTER FILLER PAD 40x40cm,1.45
846,84920,PINK FLOWER FABRIC PONY,3.75
847,22953,BIRTHDAY PARTY CORDON BARRIER TAPE,1.25
848,84508A,CAMOUFLAGE DESIGN TEDDY,2.55
849,22471,TV DINNER TRAY AIR HOSTESS ,4.95
850,21935,SUKI  SHOULDER BAG,1.65
851,21670,BLUE SPOT CERAMIC DRAWER KNOB,1.25
852,22041,"RECORD FRAME 7"" SINGLE SIZE ",2.55
853,22786,CUSHION COVER PINK UNION JACK,5.95
854,85064,CREAM SWEETHEART LETTER RACK,5.45
855,22212,FOUR HOOK  WHITE LOVEBIRDS,2.1
856,22678,FRENCH BLUE METAL DOOR SIGN 3,1.25
857,22686,FRENCH BLUE METAL DOOR SIGN No,1.25
858,85232B,SET OF 3 BABUSHKA STACKING TINS,4.95
859,84029G,KNITTED UNION FLAG HOT WATER BOTTLE,3.75
860,84685,BEACH HUT KEY CABINET,3.75
861,22755,SMALL PURPLE BABUSHKA NOTEBOOK ,0.85
862,20616,CHERRY BLOSSOM PASSPORT COVER,2.1
863,22753,SMALL YELLOW BABUSHKA NOTEBOOK ,0.85
864,79066K,RETRO MOD TRAY,0.85
865,22794,SWEETHEART WIRE MAGAZINE RACK,7.95
866,22592,CARDHOLDER HOLLY WREATH METAL,3.75
867,84352,SILVER CHRISTMAS TREE BAUBLE STAND ,16.95
868,79321,CHILLI LIGHTS,4.25
869,22795,SWEETHEART RECIPE BOOK STAND,6.75
870,22278,OVERNIGHT BAG VINTAGE ROSE PAISLEY,4.95
871,84884A,ANT WHITE WIRE HEART SPIRAL,3.95
872,51014C,"FEATHER PEN,COAL BLACK",0.85
873,51014L,"FEATHER PEN,LIGHT PINK",0.85
874,51014A,"FEATHER PEN,HOT PINK",0.85
875,22366,DOORMAT AIRMAIL ,6.75
876,22876,NUMBER TILE COTTAGE GARDEN 8,1.95
877,48129,DOORMAT TOPIARY,6.75
878,48111,DOORMAT 3 SMILEY CATS,6.75
879,22847,BREAD BIN DINER STYLE IVORY,14.95
880,22846,BREAD BIN DINER STYLE RED ,14.95
881,22402,MAGNETS PACK OF 4 VINTAGE COLLAGE,1.25
882,22400,MAGNETS PACK OF 4 HOME SWEET HOME,1.25
883,22399,MAGNETS PACK OF 4 CHILDHOOD MEMORY,1.25
884,20685,DOORMAT RED RETROSPOT,6.75
885,22780,LIGHT GARLAND BUTTERFILES PINK,4.25
886,22779,WOODEN OWLS LIGHT GARLAND ,4.25
887,79302M,"ART LIGHTS,FUNK MONKEY",2.95
888,37446,MINI CAKE STAND WITH HANGING CAKES,1.45
889,37449,CERAMIC CAKE STAND + HANGING CAKES,9.95
890,21231,SWEETHEART CERAMIC TRINKET BOX,1.25
891,84509B,SET OF 4 FAIRY CAKE PLACEMATS,3.75
892,22313,OFFICE MUG WARMER PINK,2.95
893,22314,OFFICE MUG WARMER CHOC+BLUE,2.95
894,21181,PLEASE ONE PERSON METAL SIGN,2.1
895,21818,GLITTER CHRISTMAS HEART ,0.85
896,22976,CIRCUS PARADE CHILDRENS EGG CUP ,1.25
897,21668,RED STRIPE CERAMIC DRAWER KNOB,1.25
898,21462,"NURSERY A,B,C PAINTED LETTERS",6.75
899,22496,SET OF 2 ROUND TINS DUTCH CHEESE,2.95
900,84870C,GREEN GEISHA GIRL ,3.75
901,84870B,BLUE GEISHA GIRL ,3.75
902,22765,NEWSPAPER STAND,14.95
903,21351,CINAMMON & ORANGE WREATH,6.75
904,21191,LARGE WHITE HONEYCOMB PAPER BELL  ,2.1
905,22581,WOOD STOCKING CHRISTMAS SCANDISPOT,0.85
906,22639,SET OF 4 NAPKIN CHARMS HEARTS,2.55
907,22579,WOODEN TREE CHRISTMAS SCANDINAVIAN,0.85
908,22572,ROCKING HORSE GREEN CHRISTMAS ,0.85
909,21809,CHRISTMAS HANGING TREE WITH BELL,1.25
910,22571,ROCKING HORSE RED CHRISTMAS ,0.85
911,21147,JINGLE BELLS TREE DECORATION,2.1
912,22640,SET OF 4 NAPKIN CHARMS 3 KEYS ,2.55
913,22641,SET OF 4 NAPKIN CHARMS INSTRUMENT,2.55
914,22638,SET OF 4 NAPKIN CHARMS CROWNS ,2.55
915,22576,SWALLOW WOODEN CHRISTMAS DECORATION,0.85
916,21817,GLITTER CHRISTMAS TREE,0.85
917,21813,GARLAND WITH STARS AND BELLS,4.95
918,21808,"CHRISTMAS GARLAND STARS,TREES",3.75
919,21014,SWISS CHALET TREE DECORATION ,0.85
920,21018,BIRD BOX CHRISTMAS TREE DECORATION,0.85
921,22946,WOODEN ADVENT CALENDAR CREAM,16.95
922,21871,SAVE THE PLANET MUG,1.25
923,M,Manual,1.25
924,22816,CARD MOTORBIKE SANTA,0.42
925,22818,CARD CHRISTMAS VILLAGE,0.42
926,22660,DOORMAT I LOVE LONDON,7.95
927,M,Manual,18.95
928,21761,WOOD AND GLASS MEDICINE CABINET,29.95
929,21781,MA CAMPAGNE CUTLERY BOX,14.95
930,22113,GREY HEART HOT WATER BOTTLE,3.39
931,22835,HOT WATER BOTTLE I AM SO POORLY,4.25
932,85032D,YULETIDE IMAGES GIFT WRAP SET,2.1
933,22696,WICKER WREATH LARGE,1.95
934,84360,TABLE LAMP WHITE SHADE WOOD BASE,5.95
935,35954,SMALL FOLKART STAR CHRISTMAS DEC,0.42
936,35957,SMALLFOLKART BAUBLE CHRISTMAS DEC,0.42
937,84760S,SMALL HANGING GLASS+ZINC LANTERN,1.45
938,72816,SET/3 CHRISTMAS DECOUPAGE CANDLES,1.25
939,22444,GROW YOUR OWN PLANT IN A CAN ,1.25
940,35598D,PINK/WHITE CHRISTMAS TREE 60CM,0.65
941,85045,GREEN CHRISTMAS TREE STRING 20LIGHT,4.95
942,21352,EUCALYPTUS & PINECONE  WREATH,6.75
943,22065,CHRISTMAS PUDDING TRINKET POT ,1.45
944,35598B,BLACK CHRISTMAS TREE 60CM,0.65
945,85048,15CM CHRISTMAS GLASS BALL 20 LIGHTS,7.95
946,22589,CARDHOLDER GINGHAM STAR,2.55
947,22578,WOODEN STAR CHRISTMAS SCANDINAVIAN,0.85
948,22855,FINE WICKER HEART ,1.25
949,22791,T-LIGHT GLASS FLUTED ANTIQUE,1.06
950,21864,UNION JACK FLAG PASSPORT COVER ,1.69
951,21107,CREAM SLICE FLANNEL PINK SPOT ,2.55
952,15056P,EDWARDIAN PARASOL PINK,4.6
953,85174,S/4 CACTI CANDLES,4.25
954,84029E,RED WOOLLY HOTTIE WHITE HEART.,2.95
955,82615,PINK MARSHMALLOW SCARF KNITTING KIT,2.55
956,21156,RETROSPOT CHILDRENS APRON,1.65
957,20727,LUNCH BAG  BLACK SKULL.,1.45
958,85038,6 CHOCOLATE LOVE HEART T-LIGHTS,1.69
959,15056N,EDWARDIAN PARASOL NATURAL,4.25
960,20971,PINK BLUE FELT CRAFT TRINKET BOX,1.06
961,21354,TOAST ITS - BEST MUM,1.05
962,20725,LUNCH BAG RED RETROSPOT,1.45
963,22646,CERAMIC STRAWBERRY CAKE MONEY BANK,1.25
964,22147,FELTCRAFT BUTTERFLY HEARTS,1.25
965,21232,STRAWBERRY CERAMIC TRINKET BOX,1.06
966,22965,3 TRADITIONAL COOKIE CUTTERS  SET,2.1
967,22972,CHILDRENS SPACEBOY MUG,1.65
968,21374,MIRRORED WALL ART SKULLS,3.75
969,21365,MIRRORED WALL ART STARS,2.95
970,84032A,CHARLIE+LOLA PINK HOT WATER BOTTLE,2.95
971,84031A,CHARLIE+LOLA RED HOT WATER BOTTLE ,4.65
972,21509,COWBOYS AND INDIANS BIRTHDAY CARD ,0.42
973,22025,RING OF ROSES BIRTHDAY CARD,0.42
974,22848,BREAD BIN DINER STYLE PINK,14.95
975,22725,ALARM CLOCK BAKELIKE CHOCOLATE,3.75
976,37448,CERAMIC CAKE DESIGN SPOTTED MUG,1.49
977,22421,LIPSTICK PEN FUSCHIA,0.42
978,17003,BROCADE RING PURSE ,0.21
979,84997A,GREEN 3 PIECE POLKADOT CUTLERY SET,3.75
980,21136,PAINTED METAL PEARS ASSORTED,1.69
981,71477,COLOUR GLASS. STAR T-LIGHT HOLDER,3.25
982,22030,SWALLOWS GREETING CARD,0.42
983,22135,LADLE LOVE HEART PINK,0.42
984,90214M,"LETTER ""M"" BLING KEY RING",1.25
985,90214V,"LETTER ""V"" BLING KEY RING",1.25
986,90214S,"LETTER ""S"" BLING KEY RING",1.25
987,90214J,"LETTER ""J"" BLING KEY RING",1.25
988,22378,WALL TIDY RETROSPOT ,2.1
989,21888,BINGO SET,3.75
990,21789,KIDS RAIN MAC PINK,0.85
991,21238,RED RETROSPOT CUP,0.85
992,21629,SQUARE FLOOR CUSHION VINTAGE RED,7.95
993,72807C,SET/3 VANILLA SCENTED CANDLE IN BOX,4.25
994,22497,SET OF 2 TINS VINTAGE BATHROOM ,4.25
995,21850,BLUE  DIAMANTE PEN IN GIFT BOX,4.95
996,20978,36 PENCILS TUBE SKULLS,1.25
997,20768,GREEN FERN JOURNAL ,2.55
998,22081,RIBBON REEL FLORA + FAUNA ,1.65
999,20780,BLACK EAR MUFF HEADPHONES,5.49
1000,21398,RED POLKADOT COFFEE  MUG,2.1
1001,22476,EMPIRE UNION JACK TV DINNER TRAY,4.95
1002,21643,ASSORTED TUTTI FRUTTI MIRROR,1.25
1003,21620,SET OF 4 ROSE BOTANICAL CANDLES,3.75
1004,22260,FELT EGG COSY BLUE RABBIT ,0.85
1005,22136,LOVE HEART SOCK HANGER,1.65
1006,47591B,SCOTTIES CHILDRENS APRON,1.65
1007,22366,DOORMAT AIRMAIL ,7.95
1008,22519,CHILDS GARDEN BRUSH PINK,2.1
1009,21472,LADYBIRD + BEE RAFFIA FOOD COVER,3.75
1010,21877,HOME SWEET HOME MUG,1.25
1011,22524,CHILDRENS GARDEN GLOVES BLUE,1.25
1012,20765,CHRYSANTHEMUM SKETCHBOOK ,3.75
1013,21704,BAG 250g SWIRLY MARBLES,0.85
1014,21703,BAG 125g SWIRLY MARBLES,0.42
1015,85035C,ROSE 3 WICK MORRIS BOX CANDLE,4.25
1016,72803A,ROSE SCENT CANDLE JEWELLED DRAWER,4.25
1017,20682,RED RETROSPOT CHILDRENS UMBRELLA,3.25
1018,40001,WHITE BAMBOO RIBS LAMPSHADE,0.85
1019,21709,FOLDING UMBRELLA CHOCOLATE POLKADOT,4.95
1020,22220,CAKE STAND LOVEBIRD 2 TIER WHITE,9.95
1021,85034A,3 GARDENIA MORRIS BOXED CANDLES,4.25
1022,72798C,SET/4 GARDEN ROSE DINNER CANDLE,1.65
1023,35271S,GOLD PRINT PAPER BAG,0.19
1024,21380,WOODEN HAPPY BIRTHDAY GARLAND,2.95
1025,21221,SET/4 BADGES CUTE CREATURES,1.25
1026,20755,BLUE PAISLEY POCKET BOOK,0.85
1027,21421,PORCELAIN ROSE LARGE ,1.25
1028,21422,PORCELAIN ROSE SMALL,0.85
1029,22617,BAKING SET SPACEBOY DESIGN,4.25
1030,20749,ASSORTED COLOUR MINI CASES,6.35
1031,22411,JUMBO SHOPPER VINTAGE RED PAISLEY,1.65
1032,22863,SOAP DISH BROCANTE,2.95
1033,22792,FLUTED ANTIQUE CANDLE HOLDER,0.85
1034,21364,PEACE SMALL WOOD LETTERS,6.75
1035,21042,RED RETROSPOT APRON ,5.95
1036,47567B,TEA TIME KITCHEN APRON,5.95
1037,22272,FELTCRAFT DOLL MARIA,2.95
1038,21172,PARTY METAL SIGN ,1.45
1039,72760B,VINTAGE CREAM 3 BASKET CAKE STAND,9.95
1040,22602,CHRISTMAS RETROSPOT HEART WOOD,0.85
1041,22365,DOORMAT RESPECTABLE HOUSE,7.95
1042,22507,MEMO BOARD RETROSPOT  DESIGN,4.95
1043,62096A,PINK/YELLOW FLOWERS HANDBAG,1.25
1044,85071D,CHARLIE+LOLA MY ROOM DOOR SIGN,2.55
1045,21272,SALLE DE BAIN HOOK,1.25
1046,22044,CHRISTMAS CARD STACK OF PRESENTS,0.42
1047,21918,SET 12 KIDS COLOUR  CHALK STICKS,0.42
1048,22029,SPACEBOY BIRTHDAY CARD,0.42
1049,22037,ROBOT BIRTHDAY CARD,0.42
1050,21360,JOY LARGE WOOD LETTERS,9.95
1051,84077,WORLD WAR 2 GLIDERS ASSTD DESIGNS,0.29
1052,22898,CHILDRENS APRON APPLES DESIGN,1.95
1053,84792,ENCHANTED BIRD COATHANGER 5 HOOK,4.65
1054,21356,TOAST ITS - FAIRY FLOWER,1.25
1055,21354,TOAST ITS - BEST MUM,1.25
1056,72741,GRAND CHOCOLATECANDLE,1.25
1057,22179,SET 10 LIGHTS NIGHT OWL,5.95
1058,85116,BLACK CANDELABRA T-LIGHT HOLDER,0.65
1059,85175,CACTI T-LIGHT CANDLES,0.42
1060,79302M,"ART LIGHTS,FUNK MONKEY",2.55
1061,20893,HANGING BAUBLE T-LIGHT HOLDER SMALL,2.1
1062,21743,STAR PORTABLE TABLE LIGHT ,2.55
1063,20975,12 PENCILS SMALL TUBE RED RETROSPOT,0.65
1064,22440,BALLOON WATER BOMB PACK OF 35,0.42
1065,22434,BALLOON PUMP WITH 10 BALLOONS,1.95
1066,22564,ALPHABET STENCIL CRAFT,1.25
1067,22943,CHRISTMAS LIGHTS 10 VINTAGE BAUBLES,4.25
1068,22965,3 TRADITIONAl BISCUIT CUTTERS  SET,2.1
1069,21215,IVORY PAPER CUP CAKE CASES ,0.42
1070,21977,PACK OF 60 PINK PAISLEY CAKE CASES,0.42
1071,84991,60 TEATIME FAIRY CAKE CASES,0.42
1072,21058,PARTY INVITES WOODLAND,0.85
1073,21060,PARTY INVITES BALLOON GIRL,0.85
1074,21719,LOVELY BONBON STICKER SHEET,0.85
1075,21722,SWEET PUDDING STICKER SHEET,0.85
1076,84826,ASSTD DESIGN 3D PAPER STICKERS,0.85
1077,21881,CUTE CATS TAPE,0.65
1078,10135,COLOURING PENCILS BROWN TUBE,1.25
1079,22422,TOOTHPASTE TUBE PEN,0.65
1080,22536,MAGIC DRAWING SLATE PURDEY,0.42
1081,22491,PACK OF 12 COLOURED PENCILS,0.85
1082,21355,TOAST ITS - I LOVE YOU ,1.25
1083,21518,BANK ACCOUNT  GREETING  CARD ,0.42
1084,22023,EMPIRE BIRTHDAY CARD,0.42
1085,22027,TEA PARTY BIRTHDAY CARD,0.42
1086,22718,CARD CAT AND TREE ,0.42
1087,22717,CARD DOG AND BALL ,0.42
1088,22028,PENNY FARTHING BIRTHDAY CARD,0.42
1089,21669,BLUE STRIPE CERAMIC DRAWER KNOB,1.25
1090,21671,RED SPOT CERAMIC DRAWER KNOB,1.25
1091,21673,WHITE SPOT BLUE CERAMIC DRAWER KNOB,1.25
1092,22245,"HOOK, 1 HANGER ,MAGIC GARDEN",0.85
1093,22460,EMBOSSED GLASS TEALIGHT HOLDER,1.25
1094,22432,WATERING CAN PINK BUNNY,1.95
1095,22433,WATERING CAN GREEN DINOSAUR,1.95
1096,22431,WATERING CAN BLUE ELEPHANT,1.95
1097,84674,FLYING PIG WATERING CAN,2.95
1098,21068,VINTAGE BILLBOARD LOVE/HATE MUG,1.25
1099,21069,VINTAGE BILLBOARD TEA MUG,1.25
1100,21070,VINTAGE BILLBOARD MUG ,1.25
1101,22419,LIPSTICK PEN RED,0.42
1102,22676,FRENCH BLUE METAL DOOR SIGN 1,1.25
1103,22672,FRENCH BATHROOM SIGN BLUE METAL,1.65
1104,22109,FULL ENGLISH BREAKFAST PLATE,3.39
1105,22928,YELLOW GIANT GARDEN THERMOMETER,5.95
1106,22776,"CAKESTAND, 3 TIER, LOVEHEART",9.95
1107,22778,GLASS BELL JAR SMALL,3.95
1108,22777,GLASS BELL JAR LARGE,8.5
1109,22477,WATERING CAN GARDEN MARKER,1.25
1110,21875,KINGS CHOICE MUG,1.25
1111,22924,FRIDGE MAGNETS LA VIE EN ROSE,0.85
1112,21217,RED RETROSPOT ROUND CAKE TINS,9.95
1113,22301,COFFEE MUG CAT + BIRD DESIGN,2.55
1114,22446,PIN CUSHION BABUSHKA PINK,3.35
1115,22832,BROCANTE SHELF WITH HOOKS,10.75
1116,20674,GREEN POLKADOT BOWL,1.25
1117,20676,RED RETROSPOT BOWL,1.25
1118,82582,AREA PATROLLED METAL SIGN,2.1
1119,22170,PICTURE FRAME WOOD TRIPLE PORTRAIT,6.75
1120,21679,SKULLS  STICKERS,0.85
1121,21428,SET3 BOOK BOX GREEN GINGHAM FLOWER ,4.25
1122,21868,POTTING SHED TEA MUG,1.25
1123,22840,ROUND CAKE TIN VINTAGE RED,7.95
1124,22855,FINE WICKER HEART ,1.06
1125,79191C,RETRO PLASTIC ELEPHANT TRAY,0.85
1126,20733,GOLD MINI TAPE MEASURE ,0.85
1127,47471,RAINBOW PEGS PHOTO CLIP STRING,0.65
1128,16046,TEATIME PEN CASE & PENS,0.85
1129,22654,DELUXE SEWING KIT ,5.95
1130,21154,RED RETROSPOT OVEN GLOVE ,1.25
1131,22796,PHOTO FRAME 3 CLASSIC HANGING,9.95
1132,22733,3D TRADITIONAL CHRISTMAS STICKERS,1.25
1133,22560,TRADITIONAL MODELLING CLAY,1.25
1134,22559,SEASIDE FLYING DISC,1.25
1135,22896,PEG BAG APPLES DESIGN,2.55
1136,20967,GREY FLORAL FELTCRAFT SHOULDER BAG,3.75
1137,84031B,CHARLIE LOLA BLUE HOT WATER BOTTLE ,4.65
1138,21430,SET/3 RED GINGHAM ROSE STORAGE BOX,3.75
1139,21313,GLASS HEART T-LIGHT HOLDER ,0.85
1140,47566B,TEA TIME PARTY BUNTING,4.65
1141,22499,WOODEN UNION JACK BUNTING,5.95
1142,22090,PAPER BUNTING RETROSPOT,2.95
1143,22071,SMALL WHITE RETROSPOT MUG IN BOX ,3.75
1144,22070,SMALL RED RETROSPOT MUG IN BOX ,3.75
1145,21216,"SET 3 RETROSPOT TEA,COFFEE,SUGAR",4.95
1146,20983,12 PENCILS TALL TUBE RED RETROSPOT,0.85
1147,21537,RED RETROSPOT PUDDING BOWL,4.25
1148,21527,RED RETROSPOT TRADITIONAL TEAPOT ,7.95
1149,21538,DAIRY MAID  PUDDING BOWL,3.75
1150,85216,ASSORTED CAKES FRIDGE MAGNETS,0.65
1151,22131,FOOD CONTAINER SET 3 LOVE HEART ,1.95
1152,21163,DO NOT TOUCH MY STUFF DOOR HANGER ,1.45
1153,21158,MOODY GIRL DOOR HANGER ,1.45
1154,21161,KEEP OUT BOYS DOOR HANGER ,1.45
1155,21159,MOODY BOY  DOOR HANGER ,1.45
1156,84406B,CREAM CUPID HEARTS COAT HANGER,3.25
1157,21390,FILIGRIS HEART WITH BUTTERFLY,1.25
1158,22335,HEART DECORATION PAINTED ZINC ,0.65
1159,22285,"DECORATION HEN ON NEST, HANGING",1.65
1160,22284,HEN HOUSE DECORATION,1.65
1161,21383,PACK OF 12 STICKY BUNNIES,0.65
1162,21381,MINI WOODEN HAPPY BIRTHDAY GARLAND,1.69
1163,47590B,PINK HAPPY BIRTHDAY BUNTING,5.45
1164,47590A,BLUE HAPPY BIRTHDAY BUNTING,5.45
1165,22210,WOOD STAMP SET BEST WISHES,1.65
1166,22209,WOOD STAMP SET HAPPY BIRTHDAY,1.65
1167,22208,WOOD STAMP SET THANK YOU,1.65
1168,21872,GLAMOROUS  MUG,1.25
1169,48111,DOORMAT 3 SMILEY CATS,7.95
1170,22822,CREAM WALL PLANTER HEART SHAPED,5.95
1171,22385,JUMBO BAG SPACEBOY DESIGN,1.95
1172,20969,RED FLORAL FELTCRAFT SHOULDER BAG,3.75
1173,20970,PINK FLORAL FELTCRAFT SHOULDER BAG,3.75
1174,22374,AIRLINE BAG VINTAGE JET SET RED,4.25
1175,22375,AIRLINE BAG VINTAGE JET SET BROWN,4.25
1176,21741,COSY SLIPPER SHOES LARGE GREEN,2.95
1177,85061W,WHITE JEWELLED HEART DECORATION,0.85
1178,21385,IVORY HANGING DECORATION  HEART,0.85
1179,21288,STRIPEY CHOCOLATE NESTING BOXES,2.95
1180,21803,CHRISTMAS TREE STAR DECORATION,0.42
1181,21801,CHRISTMAS TREE DECORATION WITH BELL,0.42
1182,72816,SET/3 CHRISTMAS DECOUPAGE CANDLES,1.06
1183,22909,SET OF 20 VINTAGE CHRISTMAS NAPKINS,0.64
1184,40016,CHINESE DRAGON PAPER LANTERNS,0.42
1185,22202,MILK PAN PINK POLKADOT,3.75
1186,21064,BOOM BOX SPEAKER BOYS,5.95
1187,47591D,PINK FAIRY CAKE CHILDRENS APRON,1.95
1188,85038,6 CHOCOLATE LOVE HEART T-LIGHTS,2.1
1189,84341B,SMALL PINK MAGIC CHRISTMAS TREE,0.85
1190,84509G,SET OF 4 FAIRY CAKE PLACEMATS ,3.75
1191,16235,RECYCLED PENCIL WITH RABBIT ERASER,0.21
1192,20986,BLUE CALCULATOR RULER,1.25
1193,20832,RED FLOCK LOVE HEART PHOTO FRAME,0.85
1194,84846A,SCENTED CANDLE IN DIGITALIS TIN,2.1
1195,22442,GROW YOUR OWN FLOWERS SET OF 3,7.95
1196,21563,RED HEART SHAPE LOVE BUCKET ,2.95
1197,21769,VINTAGE POST OFFICE CABINET,79.95
1198,85227,SET OF 6 3D KIT CARDS FOR KIDS,0.85
1199,20798,CLEAR MILKSHAKE GLASS,2.1
1200,22669,RED BABY BUNTING ,2.95
1201,22320,BIRDS MOBILE VINTAGE DESIGN,5.95
1202,21249,WOODLAND  HEIGHT CHART STICKERS ,2.95
1203,21561,DINOSAUR LUNCH BOX WITH CUTLERY,2.55
1204,21218,RED SPOTTY BISCUIT TIN,3.75
1205,85132A,CHARLIE + LOLA BISCUITS TINS,9.95
1206,85132B,CHARLIE AND LOLA TABLE TINS,9.95
1207,85132C,CHARLIE AND LOLA FIGURES TINS,9.95
1208,22215,CAKE STAND WHITE TWO TIER LACE,8.5
1209,20675,BLUE POLKADOT BOWL,1.25
1210,21239,PINK  POLKADOT CUP,0.85
1211,21207,SKULL AND CROSSBONES  GARLAND ,1.65
1212,21987,PACK OF 6 SKULL PAPER CUPS,0.65
1213,21988,PACK OF 6 SKULL PAPER PLATES,0.85
1214,21989,PACK OF 20 SKULL PAPER NAPKINS,0.85
1215,22316,200 BENDY SKULL STRAWS,1.25
1216,22332,SKULLS PARTY BAG + STICKER SET,1.65
1217,22437,SET OF 9 BLACK SKULL BALLOONS,0.85
1218,21206,STRAWBERRY HONEYCOMB  GARLAND ,1.65
1219,20677,PINK POLKADOT BOWL,1.25
1220,22659,LUNCH BOX I LOVE LONDON,1.65
1221,21790,VINTAGE SNAP CARDS,0.72
1222,21791,VINTAGE HEADS AND TAILS CARD GAME ,1.06
1223,22806,SET OF 6 T-LIGHTS WEDDING CAKE ,2.95
1224,22893,MINI CAKE STAND T-LIGHT HOLDER,0.42
1225,22841,ROUND CAKE TIN VINTAGE GREEN,7.95
1226,85159A,"BLACK TEA,COFFEE,SUGAR JARS",6.35
1227,21784,SHOE SHINE BOX ,9.95
1228,22849,BREAD BIN DINER STYLE MINT,16.95
1229,17090D,VANILLA INCENSE 40 CONES IN TIN,1.25
1230,17090A,LAVENDER INCENSE 40 CONES IN TIN,1.25
1231,72127,COLUMBIAN CANDLE ROUND ,1.25
1232,72133,COLUMBIAN CANDLE RECTANGLE,1.25
1233,84763,ZINC FINISH 15CM PLANTER POTS,1.25
1234,85127,SMALL SQUARE CUT GLASS CANDLESTICK,4.95
1235,22450,SILK PURSE BABUSHKA BLUE,3.35
1236,10124G,ARMY CAMO BOOKCOVER TAPE,0.42
1237,84519B,CARROT CHARLIE+LOLA COASTER SET,2.95
1238,22505,MEMO BOARD COTTAGE DESIGN,4.95
1239,22514,CHILDS GARDEN SPADE BLUE,2.1
1240,22862,LOVE HEART NAPKIN BOX ,4.25
1241,21504,SKULLS GREETING CARD,0.42
1242,22292,HANGING CHICK  YELLOW DECORATION,1.45
1243,21211,SET OF 72 SKULL PAPER  DOILIES,1.45
1244,21974,SET OF 36 PAISLEY FLOWER DOILIES,1.45
1245,22045,SPACEBOY GIFT WRAP,0.42
1246,90175C,BLUE GLASS CHUNKY CHARM BRACELET,8.95
1247,90180A,BLACK+WHITE NECKLACE W TASSEL,9.95
1248,90178A,AMBER CHUNKY GLASS+BEAD NECKLACE,11.95
1249,22746,POPPY'S PLAYHOUSE LIVINGROOM ,2.1
1250,22986,GINGHAM ROSE WRAP,0.42
1251,20984,12 PENCILS TALL TUBE POSY,0.85
1252,22436,12 COLOURED PARTY BALLOONS,0.65
1253,21465,PINK FLOWER CROCHET FOOD COVER,3.75
1254,21470,FLOWER VINE RAFFIA FOOD COVER,3.75
1255,16012,FOOD/DRINK SPONGE STICKERS,0.21
1256,85025C,PINK HEART SHAPE PHOTO FRAME,1.65
1257,21851,LILAC DIAMANTE PEN IN GIFT BOX,4.95
1258,21849,SILVER DIAMANTE PEN IN GIFT BOX,4.95
1259,85124B,BLUE JUICY FRUIT PHOTO FRAME,2.55
1260,85124C,GREEN JUICY FRUIT PHOTO FRAME,2.55
1261,20828,GLITTER BUTTERFLY CLIPS,2.55
1262,21830,ASSORTED CREEPY CRAWLIES,0.42
1263,21623,VINTAGE UNION JACK MEMOBOARD,9.95
1264,47591D,PINK FAIRY CAKE CHILDRENS APRON,1.65
1265,85177,BASKET OF FLOWERS SEWING KIT,0.85
1266,84947,ANTIQUE SILVER TEA GLASS ENGRAVED,1.25
1267,84946,ANTIQUE SILVER TEA GLASS ETCHED,1.25
1268,22169,FAMILY ALBUM WHITE PICTURE FRAME,8.5
1269,16156S,WRAP PINK FAIRY CAKES ,0.42
1270,85049F,BABY BOOM RIBBONS ,1.25
1271,22426,ENAMEL WASH BOWL CREAM,3.75
1272,22190,LOCAL CAFE MUG,2.1
1273,90082D,DIAMANTE BOW BROOCH BLACK COLOUR,6.35
1274,90082A,DIAMANTE BOW BROOCH GREEN COLOUR,6.35
1275,90082B,DIAMANTE BOW BROOCH RED COLOUR,6.35
1276,90081A,LILY BROOCH AMETHYST COLOUR,4.95
1277,90204,PAIR OF ENAMEL BUTTERFLY HAIRCLIP,3.35
1278,90185B,AMETHYST DIAMANTE EXPANDABLE RING,4.25
1279,90195A,PURPLE GEMSTONE BRACELET,8.95
1280,90195B,BLACK GEMSTONE BRACELET,8.95
1281,90196A,PURPLE GEMSTONE NECKLACE 45CM,12.75
1282,90199A,5 STRAND GLASS NECKLACE BLACK,6.35
1283,90177C,DROP DIAMANTE EARRINGS CRYSTAL,2.95
1284,90186A,AMETHYST HOOP EARRING FLORAL LEAF,2.95
1285,20894,HANGING BAUBLE T-LIGHT HOLDER LARGE,2.95
1286,85106,CUT GLASS HEXAGON T-LIGHT HOLDER,2.55
1287,21415,CLAM SHELL SMALL ,2.1
1288,21416,CLAM SHELL LARGE,3.75
1289,21417,COCKLE SHELL DISH,2.1
1290,22343,PARTY PIZZA DISH RED RETROSPOT,0.85
1291,22474,SPACEBOY TV DINNER TRAY,4.95
1292,18097A,PINK TALL PORCELAIN T-LIGHT HOLDER ,2.55
1293,18097C,WHITE TALL PORCELAIN T-LIGHT HOLDER,2.55
1294,22977,DOLLY GIRL CHILDRENS EGG CUP,1.25
1295,21137,BLACK RECORD COVER FRAME,3.75
1296,21899,"KEY FOB , GARAGE DESIGN",0.65
1297,21911,GARDEN METAL SIGN ,1.65
1298,21902,"KEY FOB , FRONT  DOOR ",0.65
1299,21901,"KEY FOB , BACK DOOR ",0.65
1300,21948,SET OF 6 CAKE CHOPSTICKS,1.25
1301,21949,SET OF 6 STRAWBERRY CHOPSTICKS,1.25
1302,20759,CHRYSANTHEMUM POCKET BOOK ,0.85
1303,20760,GARDEN PATH POCKET BOOK,0.85
1304,20757,RED DAISY POCKET BOOK ,0.85
1305,20981,12 PENCILS TALL TUBE WOODLAND,0.85
1306,20971,PINK BLUE FELT CRAFT TRINKET BOX,1.25
1307,85185D,FROG SOCK PUPPET,2.95
1308,85185B,PINK HORSE SOCK PUPPET,2.95
1309,79164,BLACK WINE GLASS,1.65
1310,84683,CLASSICAL ROSE CANDLESTAND,1.25
1311,21745,GAOLERS KEYS DECORATIVE GARDEN ,3.75
1312,79163,BLACK CHAMPAGNE GLASS,1.65
1313,21155,RED RETROSPOT PEG BAG,2.1
1314,15060B,FAIRY CAKE DESIGN UMBRELLA,3.75
1315,21700,BIG DOUGHNUT FRIDGE MAGNETS,0.85
1316,22985,"WRAP, BILLBOARD FONTS DESIGN",0.42
1317,22821,GIFT BAG PSYCHEDELIC APPLES,0.65
1318,85114A,BLACK ENCHANTED FOREST PLACEMAT,1.45
1319,22705,WRAP GREEN PEARS ,0.42
1320,20724,RED RETROSPOT CHARLOTTE BAG,0.85
1321,22084,PAPER CHAIN KIT EMPIRE,2.95
1322,22356,CHARLOTTE BAG PINK POLKADOT,0.85
1323,22380,TOY TIDY SPACEBOY  ,2.1
1324,72801C,4 ROSE PINK DINNER CANDLES,1.25
1325,72801D,4 SKY BLUE DINNER CANDLES,1.25
1326,21735,TWO DOOR CURIO CABINET,12.75
1327,21500,PINK POLKADOT WRAP ,0.42
1328,15036,ASSORTED COLOURS SILK FAN,0.75
1329,21408,SPOTTY PINK DUCK DOORSTOP,4.25
1330,BANK CHARGES,Bank Charges,15.0
1331,20718,RED RETROSPOT SHOPPER BAG,1.25
1332,21539,RED RETROSPOT BUTTER DISH,4.95
1333,22341,LOVE GARLAND PAINTED ZINC ,1.65
1334,22530,MAGIC DRAWING SLATE DOLLY GIRL ,0.36
1335,22492,MINI PAINT SET VINTAGE ,0.55
1336,22467,GUMBALL COAT RACK,2.1
1337,22454,MEASURING TAPE BABUSHKA RED,2.55
1338,22452,MEASURING TAPE BABUSHKA PINK,2.55
1339,22328,ROUND SNACK BOXES SET OF 4 FRUITS ,2.55
1340,22075,6 RIBBONS ELEGANT CHRISTMAS ,1.45
1341,21509,COWBOYS AND INDIANS BIRTHDAY CARD ,0.36
1342,21508,VINTAGE KID DOLLY CARD ,0.36
1343,21507,"ELEPHANT, BIRTHDAY CARD, ",0.36
1344,21506,"FANCY FONT BIRTHDAY CARD, ",0.36
1345,21500,PINK POLKADOT WRAP ,0.34
1346,21499,BLUE POLKADOT WRAP,0.34
1347,21498,RED RETROSPOT WRAP ,0.34
1348,20719,WOODLAND CHARLOTTE BAG,0.72
1349,16237,SLEEPING CAT ERASERS,0.16
1350,85178,VICTORIAN SEWING KIT,1.25
1351,85116,BLACK CANDELABRA T-LIGHT HOLDER,1.25
1352,84952C,MIRROR LOVE BIRD T-LIGHT HOLDER,1.25
1353,84952B,BLACK LOVE BIRD T-LIGHT HOLDER,1.25
1354,84692,BOX OF 24 COCKTAIL PARASOLS,0.32
1355,84347,ROTATING SILVER ANGELS T-LIGHT HLDR,1.88
1356,71459,HANGING JAM JAR T-LIGHT HOLDER,0.72
1357,48194,DOORMAT HEARTS,6.75
1358,48184,DOORMAT ENGLISH ROSE ,6.75
1359,35001G,HAND OPEN SHAPE GOLD,3.39
1360,22630,DOLLY GIRL LUNCH BOX,1.65
1361,22629,SPACEBOY LUNCH BOX ,1.65
1362,22536,MAGIC DRAWING SLATE PURDEY,0.36
1363,22534,MAGIC DRAWING SLATE SPACEBOY ,0.36
1364,22533,MAGIC DRAWING SLATE BAKE A CAKE ,0.36
1365,48187,DOORMAT NEW ENGLAND,6.75
1366,22453,MEASURING TAPE BABUSHKA BLUE,2.55
1367,84946,ANTIQUE SILVER TEA GLASS ETCHED,1.06
1368,84879,ASSORTED COLOUR BIRD ORNAMENT,1.45
1369,22264,FELT FARM ANIMAL WHITE BUNNY ,0.85
1370,20665,RED RETROSPOT PURSE ,2.95
1371,22181,SNOWSTORM PHOTO FRAME FRIDGE MAGNET,0.85
1372,21392,RED POLKADOT PUDDING BOWL,2.1
1373,21393,BLUE POLKADOT PUDDING BOWL,2.1
1374,21268,VINTAGE BLUE TINSEL REEL,0.42
1375,84952C,MIRROR LOVE BIRD T-LIGHT HOLDER,3.75
1376,84952B,BLACK LOVE BIRD T-LIGHT HOLDER,3.75
1377,85144,JARDIN ETCHED GLASS BUTTER DISH,7.25
1378,21025,SPACE FROG,1.25
1379,21031,SPACE CADET BLACK,1.25
1380,21030,SPACE CADET RED,1.25
1381,21026,SPACE OWL,1.25
1382,21032,SPACE CADET WHITE,1.25
1383,21578,WOODLAND DESIGN  COTTON TOTE BAG,2.25
1384,22350,ILLUSTRATED CAT BOWL ,2.55
1385,21357,TOAST ITS - DINOSAUR,1.25
1386,20719,WOODLAND CHARLOTTE BAG,0.85
1387,20766,GARDEN PATH SKETCHBOOK,3.75
1388,21399,BLUE POLKADOT COFFEE MUG,2.1
1389,22562,MONSTERS STENCIL CRAFT,1.25
1390,21714,CITRONELLA CANDLE GARDEN POT,1.25
1391,21990,MODERN FLORAL STATIONERY SET,2.95
1392,20751,FUNKY WASHING UP GLOVES ASSORTED,2.1
1393,21993,FLORAL FOLK STATIONERY SET,2.95
1394,20752,BLUE POLKADOT WASHING UP GLOVES,2.1
1395,22636,CHILDS BREAKFAST SET CIRCUS PARADE,8.5
1396,22617,BAKING SET SPACEBOY DESIGN,4.95
1397,21426,WOODLAND STORAGE BOX SMALL,2.1
1398,21581,SKULLS  DESIGN  COTTON TOTE BAG,2.25
1399,90002D,FLOWER BURST SILVER RING CRYSTAL,3.75
1400,22424,ENAMEL BREAD BIN CREAM,12.75
1401,82551,LAUNDRY 15C METAL SIGN,1.45
1402,82599,FANNY'S REST STOPMETAL SIGN,2.1
1403,21908,CHOCOLATE THIS WAY METAL SIGN,2.1
1404,82583,HOT BATHS METAL SIGN,2.1
1405,21174,POTTERING IN THE SHED METAL SIGN,1.95
1406,21900,"KEY FOB , SHED",0.65
1407,70006,LOVE HEART POCKET WARMER,1.65
1408,22031,BOTANICAL LAVENDER BIRTHDAY CARD,0.42
1409,21745,GAOLERS KEYS DECORATIVE GARDEN ,3.39
1410,22777,GLASS CLOCHE LARGE,7.65
1411,22778,GLASS CLOCHE SMALL,3.39
1412,21484,CHICK GREY HOT WATER BOTTLE,2.95
1413,21524,DOORMAT SPOTTY HOME SWEET HOME,6.75
1414,48138,DOORMAT UNION FLAG,6.75
1415,22365,DOORMAT RESPECTABLE HOUSE,6.75
1416,79067,CORONA MEXICAN TRAY,3.75
1417,21788,KIDS RAIN MAC BLUE,0.85
1418,22408,MONEY BOX CONFECTIONERY DESIGN,1.25
1419,22406,MONEY BOX KINGS CHOICE DESIGN,1.25
1420,22405,MONEY BOX POCKET MONEY DESIGN,1.25
1421,22846,BREAD BIN DINER STYLE RED ,16.95
1422,84950,ASSORTED COLOUR T-LIGHT HOLDER,0.55
1423,21833,CAMOUFLAGE LED TORCH,1.49
1424,22275,WEEKEND BAG VINTAGE ROSE PAISLEY,7.65
1425,37450,CERAMIC CAKE BOWL + HANGING CAKES,2.95
1426,22043,CHRISTMAS CARD SCREEN PRINT ,0.42
1427,22042,CHRISTMAS CARD SINGING ANGEL,0.42
1428,22089,PAPER BUNTING VINTAGE PAISLEY,2.95
1429,21059,PARTY INVITES DINOSAURS,0.85
1430,22430,ENAMEL WATERING CAN CREAM,4.95
1431,22425,ENAMEL COLANDER CREAM,4.95
1432,21240,BLUE POLKADOT CUP,0.85
1433,84077,WORLD WAR 2 GLIDERS ASSTD DESIGNS,0.18
1434,21915,RED  HARMONICA IN BOX ,1.06
1435,22207,FRYING PAN UNION FLAG,3.75
1436,21929,JUMBO BAG PINK VINTAGE PAISLEY,1.65
1437,21928,JUMBO BAG SCANDINAVIAN PAISLEY,1.65
1438,21927,BLUE/CREAM STRIPE CUSHION COVER ,1.25
1439,21925,UNION STRIPE CUSHION COVER ,1.25
1440,22763,KEY CABINET MA CAMPAGNE,9.95
1441,85066,CREAM SWEETHEART MINI CHEST,12.75
1442,71053,WHITE METAL LANTERN,3.75
1443,22334,DINOSAUR PARTY BAG + STICKER SET,1.65
1444,21349,IVY HEART WREATH,6.75
1445,22655,VINTAGE RED KITCHEN CABINET,295.0
1446,22060,LARGE CAKE STAND HANGING HEARTS,9.95
1447,22061,LARGE CAKE STAND  HANGING STRAWBERY,9.95
1448,21531,RED RETROSPOT SUGAR JAM BOWL,2.55
1449,21039,RED RETROSPOT SHOPPING BAG,2.55
1450,21157,RED RETROSPOT WASHBAG,2.1
1451,47559B,TEA TIME OVEN GLOVE,1.25
1452,22649,STRAWBERRY FAIRY CAKE TEAPOT,4.95
1453,16161P,WRAP ENGLISH ROSE ,0.42
1454,82482,WOODEN PICTURE FRAME WHITE FINISH,2.55
1455,16161M,WRAP  PINK FLOCK,0.42
1456,85214,TUB 24 PINK FLOWER PEGS,1.65
1457,21499,BLUE POLKADOT WRAP,0.42
1458,72232,FENG SHUI PILLAR CANDLE,0.19
1459,84077,WORLD WAR 2 GLIDERS ASSTD DESIGNS,0.21
1460,21508,VINTAGE KID DOLLY CARD ,0.42
1461,21507,"ELEPHANT, BIRTHDAY CARD, ",0.42
1462,84247G,"DECOUPAGE,GREETING CARD,",0.42
1463,22585,PACK OF 6 BIRDY GIFT TAGS,1.06
1464,22890,NOVELTY BISCUITS CAKE STAND 3 TIER,9.95
1465,22502,PICNIC BASKET WICKER SMALL,4.95
1466,21530,DAIRY MAID TOASTRACK,2.95
1467,21528,DAIRY MAID TRADITIONAL TEAPOT ,6.95
1468,21820,GLITTER HEART GARLAND WITH BELLS ,3.75
1469,21821,GLITTER STAR GARLAND WITH BELLS ,3.75
1470,22162,HEART GARLAND RUSTIC PADDED,2.95
1471,21114,LAVENDER SCENTED FABRIC HEART,1.25
1472,20615,BLUE POLKADOT PASSPORT COVER,2.1
1473,47021G,SET/6 BEAD COASTERS GAUZE BAG GOLD,1.25
1474,22443,GROW YOUR OWN HERBS SET OF 3,7.95
1475,20681,PINK POLKADOT CHILDRENS UMBRELLA,3.25
1476,22605,WOODEN CROQUET GARDEN SET,14.95
1477,22155,STAR DECORATION RUSTIC,0.42
1478,21807,WHITE CHRISTMAS STAR DECORATION,0.42
1479,22161,HEART DECORATION RUSTIC HANGING ,0.65
1480,20956,PORCELAIN T-LIGHT HOLDERS ASSORTED,1.25
1481,22067,CHOC TRUFFLE GOLD TRINKET POT ,1.65
1482,21930,JUMBO STORAGE BAG SKULLS,1.65
1483,22276,WASH BAG VINTAGE ROSE PAISLEY,2.55
1484,22503,CABIN BAG VINTAGE PAISLEY,29.95
1485,21430,SET/3 RED GINGHAM ROSE STORAGE BOX,4.25
1486,22504,CABIN BAG VINTAGE RETROSPOT,29.95
1487,22632,HAND WARMER RED POLKA DOT,2.1
1488,22747,POPPY'S PLAYHOUSE BATHROOM,2.1
1489,22621,TRADITIONAL KNITTING NANCY,1.45
1490,22845,VINTAGE CREAM CAT FOOD CONTAINER,6.35
1491,79000,MOROCCAN TEA GLASS,0.85
1492,22802,FAUX FUR CHOCOLATE THROW,19.95
1493,22078,RIBBON REEL LACE DESIGN ,2.1
1494,85049B,LUSH GREENS RIBBONS,1.25
1495,21730,GLASS STAR FROSTED T-LIGHT HOLDER,4.95
1496,POST,POSTAGE,40.0
1497,21878,PACK OF 6 SANDCASTLE FLAGS ASSORTED,0.85
1498,85131A,BEADED PEARL HEART WHITE ON STICK,1.25
1499,22158,3 HEARTS HANGING DECORATION RUSTIC,2.95
1500,22636,CHILDS BREAKFAST SET CIRCUS PARADE,7.65
1501,22634,CHILDS BREAKFAST SET SPACEBOY ,8.5
1502,22300,COFFEE MUG DOG + BALL DESIGN,2.55
1503,10123C,HEARTS WRAPPING TAPE ,0.65
1504,10120,DOGGY RUBBER,0.21
1505,84006,MAGIC TREE -PAPER FLOWERS,0.85
1506,20767,BLUE PAISLEY JOURNAL ,2.55
1507,90094,NECKLACE+BRACELET SET FRUIT SALAD ,2.55
1508,22758,LARGE PURPLE BABUSHKA NOTEBOOK  ,1.25
1509,21882,SKULLS TAPE,0.65
1510,21884,CAKES AND BOWS GIFT  TAPE,0.65
1511,22756,LARGE YELLOW BABUSHKA NOTEBOOK ,1.25
1512,22757,LARGE RED BABUSHKA NOTEBOOK ,1.25
1513,22154,ANGEL DECORATION 3 BUTTONS ,0.42
1514,84993A,75 GREEN PETIT FOUR CASES,0.42
1515,84987,SET OF 36 TEATIME PAPER DOILIES,1.45
1516,20998,ROSE DU SUD OVEN GLOVE,2.95
1517,21407,BROWN CHECK CAT DOORSTOP ,4.25
1518,22702,BLACK AND WHITE CAT BOWL,2.1
1519,22550,HOLIDAY FUN LUDO,3.75
1520,22076,6 RIBBONS EMPIRE  ,1.65
1521,84925D,LA PALMIERA WALL THERMOMETER,2.55
1522,84520B,PACK 20 ENGLISH ROSE PAPER NAPKINS,0.85
1523,21078,SET/20 STRAWBERRY PAPER NAPKINS ,0.85
1524,35001G,HAND OPEN SHAPE GOLD,4.25
1525,17090A,LAVENDER INCENSE 40 CONES IN TIN,0.85
1526,17084R,ASSORTED INCENSE PACK,0.16
1527,17091J,VANILLA INCENSE IN TIN,0.85
1528,21479,WHITE SKULL HOT WATER BOTTLE ,3.39
1529,22112,CHOCOLATE HOT WATER BOTTLE,4.25
1530,85018D,YULETIDE IMAGES S/6 PAPER BOXES,2.55
1531,22732,3D VINTAGE CHRISTMAS STICKERS ,1.25
1532,22384,LUNCH BAG PINK POLKADOT,1.45
1533,20728,LUNCH BAG CARS BLUE,1.45
1534,47503J,SET/3 FLORAL GARDEN TOOLS IN BAG,7.95
1535,37464,ROBOT MUG IN DISPLAY BOX,1.25
1536,84247N,PACK/12 BLUE FOLKART CARDS,2.95
1537,84247K,"FOLK ART GREETING CARD,pack/12",2.95
1538,22035,VINTAGE CARAVAN GREETING CARD ,0.42
1539,21250,SET OF SKULL WALL STICKERS,2.95
1540,21677,HEARTS  STICKERS,0.85
1541,47504K,ENGLISH ROSE GARDEN SECATEURS,1.95
1542,84212,"ASSORTED FLOWER COLOUR ""LEIS""",0.65
1543,21828,EIGHT PIECE SNAKE  SET,1.25
1544,21377,SMALL CAMPHOR WOOD FIELD  MUSHROOM,1.65
1545,21379,CAMPHOR WOOD PORTOBELLO MUSHROOM,1.25
1546,37489D,PINK/GREEN FLOWER DESIGN BIG MUG,1.95
1547,17107D,"FLOWER FAIRY,5 SUMMER B'DRAW LINERS",2.55
1548,22132,RED LOVE HEART SHAPE CUP,0.85
1549,22133,PINK LOVE HEART SHAPE CUP,0.85
1550,37489B,BLUE/YELLOW FLOWER DESIGN BIG MUG,1.95
1551,37489C,GREEN/BLUE FLOWER DESIGN BIG MUG,1.95
1552,21564,PINK  HEART SHAPE LOVE BUCKET ,2.95
1553,21932,SCANDINAVIAN PAISLEY PICNIC BAG,2.95
1554,21933,PINK VINTAGE PAISLEY PICNIC BAG,2.95
1555,21100,CHARLIE AND LOLA CHARLOTTE BAG,1.65
1556,37489A,YELLOW/PINK FLOWER DESIGN BIG MUG,1.95
1557,22452,MEASURING TAPE BABUSHKA PINK,2.95
1558,22072,RED RETROSPOT TEA CUP AND SAUCER ,3.75
1559,84534B,FAIRY CAKE NOTEBOOK A5 SIZE,0.85
1560,84536A,ENGLISH ROSE NOTEBOOK A7 SIZE,0.42
1561,21905,MORE BUTTER METAL SIGN ,2.1
1562,21164,HOME SWEET HOME METAL SIGN ,2.95
1563,47566,PARTY BUNTING,4.65
1564,22624,IVORY KITCHEN SCALES,7.65
1565,21945,STRAWBERRIES  DESIGN FLANNEL ,0.85
1566,71477,COLOUR GLASS. STAR T-LIGHT HOLDER,2.75
1567,22844,VINTAGE CREAM DOG FOOD CONTAINER,8.5
1568,22414,DOORMAT NEIGHBOURHOOD WITCH ,7.95
1569,21906,PHARMACIE FIRST AID TIN,6.75
1570,22456,NATURAL SLATE CHALKBOARD LARGE ,4.95
1571,22116,METAL SIGN HIS DINNER IS SERVED,2.95
1572,85130A,BEADED PEARL HEART WHITE LARGE,1.65
1573,85129C,BEADED CRYSTAL HEART BLUE SMALL,1.25
1574,15056P,EDWARDIAN PARASOL PINK,5.95
1575,22892,SET OF SALT AND PEPPER TOADSTOOLS,1.25
1576,22080,RIBBON REEL POLKADOTS ,1.65
1577,22948,METAL DECORATION NAUGHTY CHILDREN ,0.85
1578,22944,CHRISTMAS METAL POSTCARD WITH BELLS,1.25
1579,22246,"GARLAND, MAGIC GARDEN 1.8M",1.95
1580,35967,FOLK ART METAL STAR T-LIGHT HOLDER,0.38
1581,22847,BREAD BIN DINER STYLE IVORY,16.95
1582,22299,PIG KEYRING WITH LIGHT & SOUND ,1.25
1583,84849A,HELLO SAILOR BLUE SOAP HOLDER,1.69
1584,22304,COFFEE MUG BLUE PAISLEY DESIGN,2.55
1585,22121,NOEL WOODEN BLOCK LETTERS ,5.45
1586,21165,BEWARE OF THE CAT METAL SIGN ,1.69
1587,84559A,3D SHEET OF DOG STICKERS,0.85
1588,84559B,3D SHEET OF CAT STICKERS,0.85
1589,22137,BATHROOM SET LOVE HEART DESIGN,2.95
1590,85230B,CINNAMON SCENTED VOTIVE CANDLE,0.29
1591,85230F,JASMINE VOTIVE CANDLE,0.29
1592,22699,ROSES REGENCY TEACUP AND SAUCER ,2.55
1593,22697,GREEN REGENCY TEACUP AND SAUCER,2.55
1594,22306,SILVER MUG BONE CHINA TREE OF LIFE,1.95
1595,M,Manual,0.85
1596,22331,WOODLAND PARTY BAG + STICKER SET,1.65
1597,84849D,HOT BATHS SOAP HOLDER,1.69
1598,21446,12 RED ROSE PEG PLACE SETTINGS,1.25
1599,84507C,BLUE CIRCLES DESIGN MONKEY DOLL,2.55
1600,20910,VINTAGE PHOTO ALBUM PARIS DAYS,6.35
1601,82616C,MIDNIGHT GLAMOUR SCARF KNITTING KIT,2.95
1602,82616B,FRAPPUCINO SCARF KNITTING KIT,2.95
1603,21558,SKULL LUNCH BOX WITH CUTLERY ,2.55
1604,22409,MONEY BOX BISCUITS DESIGN,1.25
1605,90128B,BLUE LEAVES AND BEADS PHONE CHARM,1.25
1606,90196B,BLACK GEMSTONE NECKLACE 45CM,12.75
1607,90198B,VINTAGE ROSE BEAD BRACELET BLACK,4.25
1608,90152B,BLUE/GREEN SHELL NECKLACE W PENDANT,5.95
1609,90151,SILVER/NATURAL SHELL NECKLACE,8.5
1610,20661,BLUE POLKADOT PURSE ,2.95
1611,20652,BLUE POLKADOT LUGGAGE TAG ,1.25
1612,21845,DAIRY MAID STRIPE MUG,2.95
1613,22398,MAGNETS PACK OF 4 SWALLOWS,1.25
1614,20854,BLUE PATCH PURSE PINK HEART,1.65
1615,84877D,BLUE ROUND COMPACT MIRROR,3.75
1616,20657,TROPICAL LUGGAGE TAG,1.25
1617,47422,ASSORTED MONKEY SUCTION CUP HOOK,0.42
1618,21642,ASSORTED TUTTI FRUTTI PEN,0.85
1619,20658,RED RETROSPOT LUGGAGE TAG,1.25
1620,22396,MAGNETS PACK OF 4 RETRO PHOTO,1.25
1621,47503H,ASS FLORAL PRINT SPIRIT LEVEL ,1.95
1622,72130,COLUMBIAN CANDLE ROUND,0.65
1623,72128,COLUMBIAN CANDLE ROUND,0.85
1624,47343A,FUSCHIA FLOWER PURSE WITH BEADS,1.49
1625,72802A,ROSE SCENT CANDLE IN JEWELLED BOX,4.25
1626,84581,DOG TOY WITH PINK CROCHET SKIRT,3.75
1627,84580,MOUSE TOY WITH PINK T-SHIRT,3.75
1628,72807B,SET/3 OCEAN SCENT CANDLE JEWEL BOX,4.25
1629,72802B,OCEAN SCENT CANDLE IN JEWELLED BOX,4.25
1630,21054,NURSE'S BAG SOFT TOY,8.95
1631,21991,BOHEMIAN COLLAGE STATIONERY SET,2.95
1632,POST,POSTAGE,28.0
1633,84032B,CHARLIE + LOLA RED HOT WATER BOTTLE,2.55
1634,84562A,PINK/WHITE RIBBED MELAMINE JUG,7.95
1635,21936,RED RETROSPOT PICNIC BAG,2.95
1636,21040,MODERN VINTAGE COTTON SHOPPING BAG,2.55
1637,21937,STRAWBERRY   PICNIC BAG,2.95
1638,22701,PINK DOG BOWL,2.95
1639,22359,GLASS JAR KINGS CHOICE,2.95
1640,22361,GLASS JAR DAISY FRESH COTTON WOOL,2.95
1641,22362,GLASS JAR PEACOCK BATH SALTS,2.95
1642,82011C,BATHROOM SCALES FOOTPRINTS IN SAND,3.75
1643,84865,NEW BAROQUE BLACK PHOTO ALBUM,8.5
1644,84880,WHITE WIRE EGG HOLDER,5.95
1645,21287,SCENTED VELVET LOUNGE CANDLE ,1.25
1646,79337,BLUE FLOCK GLASS CANDLEHOLDER,1.65
1647,85111,SILVER GLITTER FLOWER VOTIVE HOLDER,1.25
1648,22307,GOLD MUG BONE CHINA TREE OF LIFE,1.95
1649,85078,SCANDINAVIAN 3 HEARTS NAPKIN RING,0.65
1650,85036B,CHOCOLATE 1 WICK MORRIS BOX CANDLE,4.25
1651,85035A,GARDENIA 3 WICK MORRIS BOXED CANDLE,4.25
1652,85034C,3 ROSE MORRIS BOXED CANDLES,4.25
1653,84614A,PINK BAROQUE FLOCK CANDLE HOLDER,5.95
1654,22509,SEWING BOX RETROSPOT DESIGN ,16.95
1655,22417,PACK OF 60 SPACEBOY CAKE CASES,0.42
1656,22586,FELTCRAFT HAIRBAND PINK AND BLUE,0.85
1657,22348,TEA BAG PLATE RED RETROSPOT,0.85
1658,20829,GLITTER HANGING BUTTERFLY STRING,2.1
1659,21224,SET/4 SKULL BADGES,1.25
1660,21721,CANDY SHOP  STICKER SHEET,0.85
1661,84988,SET OF 72 PINK HEART PAPER DOILIES,1.45
1662,21947,SET OF 6 HEART CHOPSTICKS,1.25
1663,21726,MULTI HEARTS  STICKERS,0.85
1664,22200,FRYING PAN PINK POLKADOT,4.25
1665,20697,LITTLE GREEN MONSTER SOFT TOY,2.55
1666,20699,MOUSEY LONG LEGS SOFT TOY,2.55
1667,22671,FRENCH LAUNDRY SIGN BLUE METAL,1.65
1668,85135C,RED DRAGONFLY HELICOPTER,7.95
1669,84949,SILVER HANGING T-LIGHT HOLDER,1.45
1670,21876,POTTERING MUG,1.25
1671,85054,FRENCH ENAMEL POT W LID,2.95
1672,85055,FRENCH ENAMEL UTENSIL HOLDER,3.75
1673,84924A,WAKE UP COCKEREL CALENDAR SIGN ,3.75
1674,35810B,ENAMEL BLUE RIM COFFEE CONTAINER,2.1
1675,35241,ENAMEL BLUE RIM BISCUIT BIN,4.95
1676,21112,"SWISS ROLL TOWEL, PINK  SPOTS",2.95
1677,17109D,FLOWER FAIRY INCENSE BOUQUET,1.69
1678,21011,GLITTER SNOW PEAR TREE DECORATION,1.45
1679,22853,CAT BOWL VINTAGE CREAM,3.25
1680,85034B,3 WHITE CHOC MORRIS BOXED CANDLES,4.25
1681,72800D,4 BLUE DINNER CANDLES SILVER FLOCK,2.55
1682,84819,DANISH ROSE ROUND SEWING BOX,4.25
1683,90185D,CRYSTAL DIAMANTE EXPANDABLE RING,4.25
1684,90175A,WHITE GLASS CHUNKY CHARM BRACELET,8.95
1685,22458,CAST IRON HOOK GARDEN FORK,2.55
1686,22459,CAST IRON HOOK GARDEN TROWEL,2.55
1687,22156,HEART DECORATION WITH PEARLS ,0.85
1688,22169,FAMILY ALBUM WHITE PICTURE FRAME,7.65
1689,21754,HOME BUILDING BLOCK WORD,5.45
1690,22079,RIBBON REEL HEARTS DESIGN ,1.65
1691,90162B,ANT SILVER LIME GREEN BOUDICCA RING,2.95
1692,90162D,ANT SILVER PURPLE BOUDICCA RING,2.95
1693,21626,VINTAGE UNION JACK PENNANT,1.95
1694,90167,BEADED LOVE HEART JEWELLERY SET,0.85
1695,22403,MAGNETS PACK OF 4 VINTAGE LABELS ,1.25
1696,11001,ASSTD DESIGN RACING CAR PEN,1.69
1697,22563,HAPPY STENCIL CRAFT,1.25
1698,84827,ASS DES PHONE SPONGE CRAFT STICKER,0.65
1699,20936,FORKED CACTUS CANDLE,2.95
1700,85174,S/4 CACTI CANDLES,4.95
1701,22799,SWEETHEART WIRE FRUIT BOWL,8.5
1702,22305,COFFEE MUG PINK PAISLEY DESIGN,2.55
1703,22666,RECIPE BOX PANTRY YELLOW DESIGN,2.55
1704,21216,"SET 3 RETROSPOT TEA,COFFEE,SUGAR",4.25
1705,84347,ROTATING SILVER ANGELS T-LIGHT HLDR,2.1
1706,20856,DENIM PATCH PURSE PINK BUTTERFLY,1.65
1707,84898F,YELLOW FLOWERS FELT HANDBAG KIT,2.1
1708,22415,WHITE TISSUE REAM,7.95
1709,22255,FELT TOADSTOOL  SMALL,0.85
1710,22256,FELT FARM ANIMAL CHICKEN,1.25
1711,21447,12 IVORY ROSE PEG PLACE SETTINGS,1.25
1712,47310M,"SMALL POP BOX,FUNKY MONKEY",1.25
1713,22525,CHILDRENS GARDEN GLOVES PINK,1.25
1714,22479,DAISY GARDEN MARKER,1.25
1715,22478,BIRDHOUSE GARDEN MARKER ,1.25
1716,84508B,STRIPES DESIGN TEDDY,2.55
1717,84678,CLASSICAL ROSE SMALL VASE,2.55
1718,21787,RAIN PONCHO RETROSPOT,0.85
1719,21774,DECORATIVE CATS BATHROOM BOTTLE,1.25
1720,21439,BASKET OF TOADSTOOLS,1.25
1721,21195,PINK  HONEYCOMB PAPER BALL ,2.1
1722,21555,CERAMIC STRAWBERRY TRINKET TRAY,2.55
1723,84279P,CHERRY BLOSSOM  DECORATIVE FLASK,3.75
1724,21829,DINOSAUR KEYRINGS ASSORTED,0.21
1725,22390,PAPERWEIGHT CHILDHOOD MEMORIES,2.55
1726,22483,RED GINGHAM TEDDY BEAR ,2.95
1727,84963A,PINK PAINTED KASHMIRI CHAIR,42.95
1728,72349B,SET/6 PURPLE BUTTERFLY T-LIGHTS,2.1
1729,17091J,VANILLA INCENSE IN TIN,1.25
1730,M,Manual,0.42
1731,84993B,75 BLACK PETIT FOUR CASES,0.42
1732,20686,DOLLY MIXTURE CHILDREN'S UMBRELLA,3.25
1733,22306,SILVER MUG BONE CHINA TREE OF LIFE,1.65
1734,22307,GOLD MUG BONE CHINA TREE OF LIFE,1.65
1735,22568,FELTCRAFT CUSHION OWL,3.39
1736,22271,FELTCRAFT DOLL ROSIE,2.55
1737,85206A,CREAM FELT EASTER EGG BASKET,1.65
1738,22021,BLUE FELT EASTER EGG BASKET,1.65
1739,35965,FOLKART HEART NAPKIN RINGS,2.95
1740,20684,STRAWBERRY DREAM CHILDS UMBRELLA,3.25
1741,84536B,FAIRY CAKES NOTEBOOK A7 SIZE,0.42
1742,84596G,SMALL CHOCOLATES PINK BOWL,1.25
1743,21110,LARGE CAKE TOWEL PINK SPOTS,6.75
1744,21445,12 PINK ROSE PEG PLACE SETTINGS,1.25
1745,77101A,UNION FLAG WINDSOCK,1.25
1746,84358,FLOOR LAMP SHADE WOOD BASE,9.95
1747,22572,ROCKING HORSE GREEN CHRISTMAS ,0.72
1748,21294,ETCHED GLASS COASTER,1.25
1749,21468,BUTTERFLY CROCHET FOOD COVER,3.75
1750,22123,PING MICROWAVE APRON,5.95
1751,22897,OVEN MITT APPLES DESIGN,1.45
1752,22939,APRON APPLE DELIGHT,4.95
1753,21836,GINGHAM OVEN GLOVE RED HEART ,3.75
1754,21802,CHRISTMAS TREE HEART DECORATION,0.42
1755,22598,CHRISTMAS MUSICAL ZINC TREE,0.85
1756,22532,MAGIC DRAWING SLATE LEAP FROG ,0.42
1757,21413,PERIWINKLE T-LIGHT HOLDER,1.25
1758,79149B,SILICON STAR BULB  BLUE,0.42
1759,21682,LARGE MEDINA STAMPED METAL BOWL ,4.95
1760,78034B,BLUE NETTING STORAGE HANGER,1.95
1761,22894,TABLECLOTH RED APPLES DESIGN ,8.5
1762,79151B,"SILICON CUBE 25W, BLUE",0.42
1763,21090,SET/6 COLLAGE PAPER PLATES,0.85
1764,21209,MULTICOLOUR HONEYCOMB FAN,1.65
1765,22354,RETROSPOT PADDED SEAT CUSHION,3.75
1766,21635,MADRAS NOTEBOOK LARGE ,3.75
1767,35471D,SET OF 3 BIRD LIGHT PINK FEATHER ,1.25
1768,21351,CINAMMON & ORANGE WREATH,5.95
1769,35653,VINTAGE BEAD NOTEBOOK,2.95
1770,85130D,BEADED CRYSTAL HEART PINK LARGE,1.65
1771,15039,SANDALWOOD FAN,0.85
1772,84978,HANGING HEART JAR T-LIGHT HOLDER,1.25
1773,84569D,PACK 6 HEART/ICE-CREAM PATCHES,1.25
1774,22175,PINK OWL SOFT TOY,2.95
1775,84050,PINK HEART SHAPE EGG FRYING PAN,1.65
1776,72351A,SET/6 TURQUOISE BUTTERFLY T-LIGHTS,2.1
1777,84921,CREAM AND PINK FLOWERS PONY ,3.75
1778,22381,TOY TIDY PINK POLKADOT,2.1
1779,22439,6 ROCKET BALLOONS ,0.65
1780,84508C,BLUE CIRCLES DESIGN TEDDY,2.55
1781,90086,CRYSTAL FROG PHONE CHARM,0.85
1782,62018,SOMBRERO ,1.95
1783,16011,ANIMAL STICKERS,0.21
1784,85179A,GREEN BITTY LIGHT CHAIN,4.65
1785,21785,RAIN PONCHO ,0.85
1786,21650,ASSORTED TUTTI FRUTTI BRACELET,0.65
1787,84874B,BLUE TRAVEL FIRST AID KIT,1.65
1788,22674,FRENCH TOILET SIGN BLUE METAL,1.25
1789,85167B,BLACK GRAND BAROQUE PHOTO FRAME,4.25
1790,22412,METAL SIGN NEIGHBOURHOOD WITCH ,2.1
1791,72051S,BAG OF SILVER STONES,0.42
1792,72799E,IVORY PILLAR CANDLE SILVER FLOCK,2.95
1793,72799F,IVORY PILLAR CANDLE GOLD FLOCK,2.95
1794,21864,UNION JACK FLAG PASSPORT COVER ,2.1
1795,20764,ABSTRACT CIRCLES SKETCHBOOK ,3.75
1796,84535B,FAIRY CAKES NOTEBOOK A6 SIZE,0.65
1797,47579,TEA TIME BREAKFAST BASKET,2.1
1798,21723,ALPHABET HEARTS STICKER SHEET,0.85
1799,35953,FOLKART STAR CHRISTMAS DECORATIONS,1.25
1800,84051,ASS COLOUR GLOWING TIARAS,0.85
1801,21187,WHITE BELL HONEYCOMB PAPER GARLAND ,1.65
1802,21696,SMALL SILVER TRELLIS CANDLEPOT,2.95
1803,22034,ROBIN CHRISTMAS CARD,0.42
1804,35598B,BLACK CHRISTMAS TREE 60CM,2.95
1805,20980,36 PENCILS TUBE POSY,1.25
1806,35958,FOLKART ZINC STAR CHRISTMAS DEC,0.85
1807,75013B,"STRING OF 8 BUTTERFLIES,PINK",1.65
1808,22830,UTILTY CABINET WITH HOOKS,26.95
1809,22684,FRENCH BLUE METAL DOOR SIGN 9,1.25
1810,82011B,BATHROOM SCALES RUBBER DUCKS,3.75
1811,21630,FLOOR CUSHION ELEPHANT CARNIVAL,8.95
1812,21580,RABBIT  DESIGN  COTTON TOTE BAG,2.25
1813,22231,JIGSAW TREE WITH BIRDHOUSE,1.45
1814,22859,EASTER TIN BUNNY BOUQUET,1.65
1815,22860,EASTER TIN CHICKS PINK DAISY,1.65
1816,22093,MOTORING TISSUE BOX,1.25
1817,22091,EMPIRE TISSUE BOX,1.25
1818,21865,PINK UNION JACK  PASSPORT COVER ,2.1
1819,20748,KENSINGTON COFFEE SET,12.75
1820,85208,SET/12 FUNKY FELT FLOWER PEG IN BAG,2.1
1821,22129,PARTY CONES CANDY TREE DECORATION,0.85
1822,22808,SET OF 6 T-LIGHTS EASTER CHICKS,2.95
1823,21109,"LARGE CAKE TOWEL, CHOCOLATE SPOTS",6.75
1824,20702,PINK PADDED MOBILE,4.25
1825,85187,S/12 MINI RABBIT EASTER,1.65
1826,22719,GUMBALL MONOCHROME COAT RACK,1.25
1827,22891,TEA FOR ONE POLKADOT,4.25
1828,21683,MEDIUM MEDINA STAMPED METAL BOWL ,2.95
1829,22770,MIRROR CORNICE,14.95
1830,22619,SET OF 6 SOLDIER SKITTLES,3.39
1831,84563B,BLUE & WHITE BREAKFAST TRAY,5.95
1832,82613B,"METAL SIGN,CUPCAKE SINGLE HOOK",1.25
1833,37446,MINI CAKE STAND WITH HANGING CAKES,1.25
1834,22355,CHARLOTTE BAG SUKI DESIGN,0.72
1835,37449,CERAMIC CAKE STAND + HANGING CAKES,8.5
1836,79190A,RETRO PLASTIC 70'S TRAY,0.42
1837,15034,PAPER POCKET TRAVELING FAN ,0.14
1838,47593B,SCOTTIE DOGS BABY BIB,1.25
1839,85129D,BEADED CRYSTAL HEART PINK SMALL,1.25
1840,85129B,BEADED CRYSTAL HEART GREEN SMALL,1.25
1841,35924,HANGING FAIRY CAKE DECORATION,2.1
1842,21624,VINTAGE UNION JACK DOORSTOP,5.95
1843,20671,BLUE TEATIME PRINT BOWL ,1.25
1844,35004B,SET OF 3 BLACK FLYING DUCKS,5.45
1845,21903,MAN FLU METAL SIGN,2.1
1846,21904,HOUSE WRECKING METAL SIGN ,2.1
1847,21361,LOVE LARGE WOOD LETTERS ,12.75
1848,22843,BISCUIT TIN VINTAGE GREEN,6.75
1849,22199,FRYING PAN RED RETROSPOT,4.25
1850,84968A,SET OF 16 VINTAGE ROSE CUTLERY,12.75
1851,22841,ROUND CAKE TIN VINTAGE GREEN,0.0
1852,M,Manual,0.65
1853,37509,NEW ENGLAND MUG W GIFT BOX,2.55
1854,47369A,PINK GREEN EMBROIDERY COSMETIC BAG,2.95
1855,47369B,BLUE GREEN EMBROIDERY COSMETIC BAG,2.95
1856,47367B,PAIR PADDED HANGERS PINK CHECK,3.75
1857,22337,ANGEL DECORATION PAINTED ZINC ,0.65
1858,21695,SMALL SILVER FLOWER CANDLE POT,2.95
1859,84773,RED ROSE AND LACE C/COVER,2.95
1860,21819,GLITTER CHRISTMAS STAR ,0.85
1861,22817,CARD SUKI BIRTHDAY,0.42
1862,16161U,WRAP SUKI AND FRIENDS,0.42
1863,22251,BIRDHOUSE DECORATION MAGIC GARDEN,1.25
1864,22252,BIRDCAGE DECORATION TEALIGHT HOLDER,1.25
1865,22069,BROWN  PIRATE TREASURE CHEST ,1.65
1866,21401,BLUE PUDDING SPOON,0.42
1867,84597C,RETRO PINK BALL ASHTRAY ,1.25
1868,51020A,SUMMER FUN DESIGN SHOWER CAP,1.25
1869,51020B,STRIPY DESIGN SHOWER CAP,1.25
1870,21306,SET/4 DAISY MIRROR MAGNETS,2.1
1871,21311,SET/4 BIRD MIRROR MAGNETS ,2.1
1872,21307,SET/4 BUTTERFLY MIRROR MAGNETS,2.1
1873,85114A,BLACK ENCHANTED FOREST PLACEMAT,1.65
1874,21277,FRENCH STYLE EMBOSSED HEART CABINET,21.95
1875,22475,SKULL DESIGN TV DINNER TRAY,4.95
1876,90200E,GREEN SWEETHEART BRACELET,4.25
1877,90062,CARNIVAL BRACELET,12.75
1878,21616,4 PEAR BOTANICAL DINNER CANDLES,3.75
1879,37461,FUNKY MONKEY MUG,1.25
1880,20655,QUEEN OF SKIES LUGGAGE TAG,1.25
1881,20659,ECONOMY LUGGAGE TAG,1.25
1882,71459,HANGING JAM JAR T-LIGHT HOLDER,0.85
1883,20985,HEART CALCULATOR,1.25
1884,84596L,BISCUITS SMALL BOWL LIGHT BLUE,1.25
1885,84596F,SMALL MARSHMALLOWS PINK BOWL,1.25
1886,22346,PARTY PIZZA DISH GREEN POLKADOT,0.85
1887,22344,PARTY PIZZA DISH PINK POLKADOT,0.85
1888,22345,PARTY PIZZA DISH BLUE POLKADOT,0.85
1889,85215,ASSORTED CHEESE FRIDGE MAGNETS,0.65
1890,20676,RED RETROSPOT BOWL,1.06
1891,17003,BROCADE RING PURSE ,0.16
1892,22090,PAPER BUNTING RETROSPOT,2.55
1893,47590A,BLUE HAPPY BIRTHDAY BUNTING,4.65
1894,21121,SET/10 RED POLKADOT PARTY CANDLES,1.06
1895,21122,SET/10 PINK POLKADOT PARTY CANDLES,1.06
1896,85062,PEARL CRYSTAL PUMPKIN T-LIGHT HLDR,1.65
1897,82484,WOOD BLACK BOARD ANT WHITE FINISH,5.55
1898,84658,WHITE STITCHED CUSHION COVER,6.95
1899,18098C,PORCELAIN BUTTERFLY OIL BURNER,2.95
1900,22849,"BREAD BIN, DINER STYLE, MINT",14.95
1901,22847,"BREAD BIN, DINER STYLE, IVORY",14.95
1902,85016,SET OF 6 VINTAGE NOTELETS KIT,2.55
1903,22984,CARD GINGHAM ROSE ,0.42
1904,85015,SET OF 12  VINTAGE POSTCARD SET,2.55
1905,22134,LADLE LOVE HEART RED ,0.42
1906,22949,36 DOILIES DOLLY GIRL,1.45
1907,85036C,ROSE 1 WICK MORRIS BOXED CANDLE,4.25
1908,85170D,SET/6 PINK BIRD T-LIGHT CANDLES,2.1
1909,21640,ASSORTED TUTTI FRUTTI  FOB NOTEBOOK,0.85
1910,21202,DOLLY HONEYCOMB GARLAND,1.65
1911,35971,ROSE FOLKART HEART DECORATIONS,1.25
1912,21822,GLITTER CHRISTMAS TREE WITH BELLS,1.95
1913,84531A,PINK KNITTED EGG COSY,1.95
1914,84531B,BLUE KNITTED EGG COSY,1.95
1915,21910,WAY OUT METAL SIGN ,1.65
1916,22461,SAVOY ART DECO CLOCK,12.75
1917,22833,HALL CABINET WITH 3 DRAWERS,49.95
1918,22690,DOORMAT HOME SWEET HOME BLUE ,7.95
1919,84881,BLUE WIRE SPIRAL CANDLE HOLDER,6.35
1920,21613,S/12 VANILLA  BOTANICAL T-LIGHTS,2.95
1921,21693,SMALL HAMMERED SILVER CANDLEPOT ,2.95
1922,84809A,WHITE CHRYSANTHEMUMS ART FLOWER,2.1
1923,79190D,RETRO PLASTIC DAISY TRAY,0.42
1924,84950,ASSORTED COLOUR T-LIGHT HOLDER,0.65
1925,22157,ANGEL DECORATION WITH LACE PADDED,0.85
1926,84795B,SUNSET CHECK HAMMOCK,7.95
1927,79191B,RETRO PLASTIC POLKA TRAY,0.85
1928,22831,WHITE BROCANTE SOAP DISH,2.95
1929,20770,ABSTRACT CIRCLE JOURNAL ,2.55
1930,20771,CHRYSANTHEMUM  JOURNAL,2.55
1931,37327,ASSTD MULTICOLOUR CIRCLES MUG,1.69
1932,22283,6 EGG HOUSE PAINTED WOOD,7.95
1933,85027L,FRENCH CHATEAU LARGE PLATTER ,7.95
1934,M,Manual,1.0
1935,85017C,ENVELOPE 50 CURIOUS IMAGES,0.85
1936,16010,FOLDING CAMPING SCISSOR W/KNIF & S,0.12
1937,35001W,HAND OPEN SHAPE DECO.WHITE,3.49
1938,84707B,PINK JEWELLED MIRROR TRINKET TRAY,9.95
1939,21167,WHITE SAGE INCENSE,0.21
1940,51008,AFGHAN SLIPPER SOCK PAIR,3.45
1941,22811,SET OF 6 T-LIGHTS CACTI ,2.95
1942,21713,CITRONELLA CANDLE FLOWERPOT,2.1
1943,20802,SMALL GLASS SUNDAE DISH CLEAR,1.65
1944,22052,VINTAGE CARAVAN GIFT WRAP,0.42
1945,20781,GOLD EAR MUFF HEADPHONES,5.49
1946,22389,PAPERWEIGHT SAVE THE PLANET,2.55
1947,22383,LUNCH BAG SUKI  DESIGN ,1.45
1948,72807A,SET/3 ROSE CANDLE IN JEWELLED BOX,4.25
1949,22622,BOX OF VINTAGE ALPHABET BLOCKS,8.5
1950,21889,WOODEN BOX OF DOMINOES,1.06
1951,21531,RED RETROSPOT SUGAR JAM BOWL,2.1
1952,22073,RED RETROSPOT STORAGE JAR,3.39
1953,21527,RED RETROSPOT TRADITIONAL TEAPOT ,6.95
1954,22073,RED RETROSPOT STORAGE JAR,3.75
1955,22279,POCKET BAG BLUE PAISLEY RED SPOT,1.25
1956,22280,POCKET BAG PINK PAISELY BROWN SPOT,1.25
1957,18007,ESSENTIAL BALM 3.5g TIN IN ENVELOPE,0.18
1958,21675,BUTTERFLIES STICKERS,0.85
1959,21720,CAKE SHOP  STICKER SHEET,0.85
1960,22952,72 CAKE CASES VINTAGE CHRISTMAS,0.55
1961,84968F,SET OF 16 VINTAGE SKY BLUE CUTLERY,12.75
1962,79030D,"TUMBLER, BAROQUE",1.65
1963,21291,SMALL POLKADOT CHOCOLATE GIFT BAG ,0.85
1964,21289,LARGE STRIPES CHOCOLATE GIFT BAG,1.25
1965,22606,WOODEN SKITTLES GARDEN SET,15.95
1966,37479B,CUBIC MUG FLOCK BLUE ON BROWN,2.55
1967,37482P,CUBIC MUG PINK POLKADOT,2.55
1968,20903,VINTAGE KEEPSAKE BOX TRAVELOGUE,6.35
1969,20897,VINTAGE NOTEBOOK PARIS DAYS,2.95
1970,71403,"PINK/WHITE ""KEEP CLEAN"" BULLET BIN",2.95
1971,21430,SET/3 RED GINGHAM ROSE STORAGE BOX,3.39
1972,22683,FRENCH BLUE METAL DOOR SIGN 8,1.25
1973,22685,FRENCH BLUE METAL DOOR SIGN 0,1.25
1974,21973,SET OF 36 MUSHROOM PAPER DOILIES,1.45
1975,48188,DOORMAT WELCOME PUPPIES,7.95
1976,22691,DOORMAT WELCOME SUNRISE,7.95
1977,47594A,CAROUSEL DESIGN WASHBAG,1.95
1978,21162,TOXIC AREA  DOOR HANGER ,1.45
1979,84926D,LA PALMIERA TILE COASTER,1.25
1980,84926A,WAKE UP COCKEREL TILE COASTER,1.25
1981,22233,JIGSAW RABBIT AND BIRDHOUSE,1.65
1982,21868,POTTING SHED TEA MUG,1.06
1983,21870,I CAN ONLY PLEASE ONE PERSON MUG,1.06
1984,22486,PLASMATRONIC LAMP,12.75
1985,72801G,4 BURGUNDY WINE DINNER CANDLES,1.25
1986,84711A,SILVER OVAL SHAPE TRINKET BOX,9.95
1987,16169N,WRAP BLUE RUSSIAN FOLKART,0.42
1988,20769,DAISY JOURNAL ,2.55
1989,35597A,DUSTY PINK CHRISTMAS TREE 30CM,1.25
1990,47480,HANGING PHOTO CLIP ROPE LADDER,1.65
1991,84522,PINK PARTY SUNGLASSES,1.95
1992,20731,POSY CANDY BAG,1.25
1993,35597B,BLACKCHRISTMAS TREE 30CM,1.25
1994,21253,SET OF PICTURE FRAME  STICKERS,2.95
1995,21366,MIRRORED WALL ART PHOTO FRAMES,4.25
1996,84945,MULTI COLOUR SILVER T-LIGHT HOLDER,0.72
1997,21219,SET/4 BADGES BALLOON GIRL,1.25
1998,84596B,SMALL DOLLY MIX DESIGN ORANGE BOWL,1.25
1999,21226,POCKET MIRROR WOODLAND,1.25
2000,21725,SWEETIES  STICKERS,0.85
2001,79030G,"TUMBLER, NEW ENGLAND",1.65
2002,79160,HEART SHAPE WIRELESS DOORBELL,2.1
2003,22203,MILK PAN RED RETROSPOT,3.75
2004,22329,ROUND CONTAINER SET OF 5 RETROSPOT,1.65
2005,72351B,SET/6 PINK  BUTTERFLY T-LIGHTS,2.1
2006,21648,ASSORTED TUTTI FRUTTI SMALL PURSE,1.25
2007,72131,COLUMBIAN CANDLE RECTANGLE,1.95
2008,21089,SET/6 GREEN SPRING PAPER CUPS,0.65
2009,21647,ASSORTED TUTTI FRUTTI LARGE PURSE,2.1
2010,72122,COFFEE SCENT PILLAR CANDLE,0.95
2011,84912A,PINK ROSE WASHBAG,3.75
2012,85036A,GARDENIA 1 WICK MORRIS BOXED CANDLE,4.25
2013,21692,SILVER LATTICE VANILLA CANDLE POT,3.75
2014,21618,4 WILDFLOWER BOTANICAL CANDLES,3.75
2015,84569A,PACK 3 IRON ON DOG PATCHES,1.25
2016,20775,DAISY NOTEBOOK ,1.65
2017,90179C,BLACK FINE BEAD NECKLACE W TASSEL,5.95
2018,90060D,FIRE POLISHED GLASS NECKL BRONZE,5.95
2019,85020,ROUND PINK HEART MIRROR,2.1
2020,22059,CERAMIC STRAWBERRY DESIGN MUG,1.49
2021,20861,GOLD COSMETIC BAG PINK STAR,2.1
2022,21827,EIGHT PIECE CREEPY CRAWLIE SET,1.25
2023,79051A,SMOKEY GREY COLOUR D.O.F. GLASS,0.65
2024,85169A,IVORY LOVE BIRD CANDLE,1.25
2025,22570,FELTCRAFT CUSHION RABBIT,3.39
2026,22569,FELTCRAFT CUSHION BUTTERFLY,3.39
2027,22149,FELTCRAFT 6 FLOWER FRIENDS,1.85
2028,M,Manual,0.19
2029,17007B,S/3 POT POURI CUSHIONS BLUE COLOURS,2.1
2030,22339,CHRISTMAS TREE PAINTED ZINC ,0.65
2031,22700,BLACK AND WHITE DOG BOWL,2.95
2032,10124A,SPOTS ON RED BOOKCOVER TAPE,0.42
2033,21644,ASSORTED TUTTI FRUTTI HEART BOX,1.25
2034,46000P,POLYESTER FILLER PAD 65CMx65CM,4.25
2035,21638,ASSORTED TUTTI FRUTTI NOTEBOOK,2.1
2036,22681,FRENCH BLUE METAL DOOR SIGN 6,1.25
2037,21746,SMALL RED RETROSPOT WINDMILL,1.25
2038,84916,HAND TOWEL PALE BLUE W FLOWERS,5.95
2039,40005B,BLUE ORGANDY ROUND LAMPSHADE W BEA,0.85
2040,18094C,WHITE AND BLUE CERAMIC OIL BURNER,1.25
2041,21481,FAWN BLUE HOT WATER BOTTLE,2.55
2042,22085,PAPER CHAIN KIT SKULLS ,2.95
2043,M,Manual,35.0
2044,47586A,PINK FAIRY CAKE CUSHION COVER,2.55
2045,85183B,CHARLIE & LOLA WASTEPAPER BIN FLORA,3.75
2046,46115B,GREEN POP ART MAO CUSHION COVER ,0.19
2047,84975,HEART SHAPED MIRROR,1.69
2048,22816,CARD MOTORBIKE SANTA,0.36
2049,21336,GOLD WASHBAG,2.95
2050,15044C,PURPLE PAPER PARASOL,2.95
2051,22673,FRENCH GARDEN SIGN BLUE METAL,1.25
2052,22788,BROCANTE COAT RACK,9.95
2053,22849,BREAD BIN DINER STYLE MINT,14.95
2054,21262,WHITE GOOSE FEATHER CHRISTMAS TREE ,2.95
2055,22050,PINK PAISLEY ROSE GIFT WRAP,0.42
2056,22834,HAND WARMER BABUSHKA DESIGN,1.85
2057,21680,WOODLAND  STICKERS,0.85
2058,20819,SILVER TEDDY BEAR,3.75
2059,35598D,PINK/WHITE CHRISTMAS TREE 60CM,1.25
2060,84925F,PSYCHEDELIC WALL THERMOMETER,2.55
2061,21812,GARLAND WITH HEARTS AND BELLS,4.95
2062,22777,GLASS CLOCHE LARGE,8.5
2063,22535,MAGIC DRAWING SLATE BUNNIES ,0.42
2064,21547,CERAMIC BIRDHOUSE CRESTED TIT SMALL,2.95
2065,17021,NAMASTE SWAGAT INCENSE,0.3
2066,16169K,WRAP FOLK ART,0.42
2067,M,Manual,5.95
2068,84707A,SILVER JEWELLED MIRROR TRINKET TRAY,9.95
2069,21617,4 LILY  BOTANICAL DINNER CANDLES,3.75
2070,21001,ROSE DU SUD WASHBAG ,5.95
2071,21000,ROSE DU SUD COSMETICS BAG,4.25
2072,22693,GROW A FLYTRAP OR SUNFLOWER IN TIN,1.25
2073,20782,CAMOUFLAGE EAR MUFF HEADPHONES,5.49
2074,21397,BLUE POLKADOT EGG CUP ,1.25
2075,35646,VINTAGE BEAD PINK EVENING BAG,4.25
2076,47574A,ENGLISH ROSE SCENTED HANGING FLOWER,4.25
2077,71279,PINK GLASS CANDLEHOLDER,2.95
2078,72819,CUPID DESIGN SCENTED CANDLES,2.55
2079,84665,SQUARE CHERRY BLOSSOM CABINET,5.95
2080,21756,BATH BUILDING BLOCK WORD,6.6
2081,22469,HEART OF WICKER SMALL,1.93
2082,22470,HEART OF WICKER LARGE,3.21
2083,20675,BLUE POLKADOT BOWL,1.06
2084,20677,PINK POLKADOT BOWL,1.06
2085,20750,RED RETROSPOT MINI CASES,6.35
2086,21174,POTTERING IN THE SHED METAL SIGN,1.65
2087,21244,BLUE POLKADOT PLATE ,1.45
2088,21428,SET3 BOOK BOX GREEN GINGHAM FLOWER ,3.75
2089,21537,RED RETROSPOT PUDDING BOWL,3.75
2090,21907,I'M ON HOLIDAY METAL SIGN,1.85
2091,21908,CHOCOLATE THIS WAY METAL SIGN,1.85
2092,82600,NO SINGING METAL SIGN,1.69
2093,20857,BLUE ROSE PATCH PURSE PINK BUTTERFL,1.65
2094,22908,PACK OF 20 NAPKINS RED APPLES,0.85
2095,21627,ELEPHANT CARNIVAL POUFFE,14.95
2096,22379,RECYCLING BAG RETROSPOT ,1.85
2097,17091J,VANILLA INCENSE IN TIN,0.38
2098,22776,SWEETHEART CAKESTAND 3 TIER,8.5
2099,22795,SWEETHEART RECIPE BOOK STAND,5.95
2100,22890,NOVELTY BISCUITS CAKE STAND 3 TIER,8.5
2101,21259,VICTORIAN SEWING BOX SMALL ,4.95
2102,84978,HANGING HEART JAR T-LIGHT HOLDER,1.06
2103,72130,COLUMBIAN CANDLE ROUND,0.53
2104,22457,NATURAL SLATE HEART CHALKBOARD ,2.55
2105,22498,WOODEN REGATTA BUNTING,5.95
2106,22199,FRYING PAN RED RETROSPOT,3.75
2107,84725,FREESTYLE CANVAS ART PICTURE,4.25
2108,37479P,CUBIC MUG FLOCK PINK ON BROWN,2.55
2109,21534,DAIRY MAID LARGE MILK JUG,4.95
2110,21843,RED RETROSPOT CAKE STAND,9.95
2111,22515,CHILDS GARDEN SPADE PINK,2.1
2112,22518,CHILDS GARDEN BRUSH BLUE,2.1
2113,22567,20 DOLLY PEGS RETROSPOT,1.06
2114,85152,HAND OVER THE CHOCOLATE   SIGN ,1.69
2115,22101,MIRROR MOSAIC VOTIVE HOLDER,2.1
2116,22545,MINI JIGSAW BUNNIES,0.36
2117,22544,MINI JIGSAW SPACEBOY,0.36
2118,22529,MAGIC DRAWING SLATE GO TO THE FAIR ,0.36
2119,17038,PORCELAIN BUDAH INCENSE HOLDER,0.07
2120,21012,ANTIQUE ALL GLASS CANDLESTICK,2.1
2121,84912B,GREEN ROSE WASHBAG,3.75
2122,84388,WISE MAN STAR SHAPE EGG PAN,1.65
2123,17084J,LOVE POTION MASALA INCENSE,0.21
2124,84968D,SET OF 16 VINTAGE RED CUTLERY,12.75
2125,22613,PACK OF 20 SPACEBOY NAPKINS,0.85
2126,72800E,4 IVORY DINNER CANDLES SILVER FLOCK,2.1
2127,22211,WOOD STAMP SET FLOWERS,1.65
2128,22903,CALENDAR FAMILY FAVOURITES,2.95
2129,22026,BANQUET BIRTHDAY  CARD  ,0.42
2130,20839,FRENCH PAISLEY CUSHION COVER ,2.95
2131,22139,RETROSPOT TEA SET CERAMIC 11 PC ,4.95
2132,37340,MULTICOLOUR SPRING FLOWER MUG,0.85
2133,85167B,BLACK GRAND BAROQUE PHOTO FRAME,1.25
2134,21171,BATHROOM METAL SIGN ,1.45
2135,85232D,SET/3 DECOUPAGE STACKING TINS,4.95
2136,20780,BLACK EAR MUFF HEADPHONES,4.65
2137,21187,WHITE BELL HONEYCOMB PAPER GARLAND ,1.45
2138,21704,BAG 250g SWIRLY MARBLES,0.72
2139,21586,KINGS CHOICE GIANT TUBE MATCHES,2.1
2140,21587,COSY HOUR GIANT TUBE MATCHES,2.1
2141,22178,VICTORIAN GLASS HANGING T-LIGHT,1.06
2142,22762,CUPBOARD 3 DRAWER MA CAMPAGNE,14.95
2143,21773,DECORATIVE ROSE BATHROOM BOTTLE,1.25
2144,84352,SILVER CHRISTMAS TREE BAUBLE STAND ,14.95
2145,21689,SILVER VANILLA  FLOWER CANDLE POT,3.75
2146,84247E,PACK/12 XMAS FUN CARD,2.95
2147,20762,GREEN FERN SKETCHBOOK ,3.75
2148,85170B,SET/6 BLACK BIRD T-LIGHT CANDLES,2.1
2149,84596J,MIXED NUTS LIGHT GREEN BOWL,1.25
2150,85170A,SET/6 IVORY BIRD T-LIGHT CANDLES,2.1
2151,22803,IVORY EMBROIDERED QUILT ,39.95
2152,85059,FRENCH ENAMEL WATER BASIN,3.75
2153,84497,BUTTONS AND STRIPES NOTEBOOK ,3.75
2154,85026B,EAU DE NILE JEWELLED T-LIGHT HOLDER,0.85
2155,90175D,TIGRIS EYE CHUNKY CHARM BRACELET,8.95
2156,82484,WOOD BLACK BOARD ANT WHITE FINISH,4.78
2157,22830,UTILTY CABINET WITH HOOKS,19.84
2158,22189,CREAM HEART CARD HOLDER,2.31
2159,22188,BLACK HEART CARD HOLDER,2.31
2160,21623,VINTAGE UNION JACK MEMOBOARD,6.38
2161,22765,NEWSPAPER STAND,9.89
2162,22507,MEMO BOARD RETROSPOT  DESIGN,3.86
2163,21769,VINTAGE POST OFFICE CABINET,52.77
2164,85064,CREAM SWEETHEART LETTER RACK,3.88
2165,22833,HALL CABINET WITH 3 DRAWERS,32.69
2166,84763,ZINC FINISH 15CM PLANTER POTS,1.06
2167,22158,3 HEARTS HANGING DECORATION RUSTIC,2.55
2168,22111,SCOTTIE DOG HOT WATER BOTTLE,4.25
2169,82001S,VINYL RECORD FRAME SILVER,3.39
2170,22625,RED KITCHEN SCALES,7.65
2171,22915,ASSORTED BOTTLE TOP  MAGNETS ,0.36
2172,22495,SET OF 2 ROUND TINS CAMEMBERT ,2.95
2173,85176,SEWING SUSAN 21 NEEDLE SET,0.85
2174,90212B,JET BLACK LAS VEGAS BRACELET ROUND,3.75
2175,90212C,PURPLE LAS VEGAS BRACELET ROUND,3.75
2176,22207,FRYING PAN UNION FLAG,4.25
2177,22708,WRAP DOLLY GIRL,0.42
2178,22048,BIRTHDAY BANQUET GIFT WRAP,0.42
2179,22057,CERAMIC PLATE STRAWBERRY DESIGN,1.49
2180,37447,CERAMIC CAKE DESIGN SPOTTED PLATE,1.49
2181,22930,BAKING MOULD HEART MILK CHOCOLATE,2.55
2182,22931,BAKING MOULD HEART WHITE CHOCOLATE,2.55
2183,22932,BAKING MOULD TOFFEE CUP CHOCOLATE,2.55
2184,22937,BAKING MOULD CHOCOLATE CUPCAKES,2.55
2185,22710,WRAP I LOVE LONDON ,0.42
2186,22051,BLUE SCANDINAVIAN PAISLEY WRAP,0.42
2187,22936,BAKING MOULD ROSE WHITE CHOCOLATE,3.25
2188,22935,BAKING MOULD ROSE MILK CHOCOLATE,3.25
2189,21463,MIRRORED DISCO BALL ,4.95
2190,22789,T-LIGHT HOLDER SWEETHEART HANGING,1.95
2191,21313,GLASS HEART T-LIGHT HOLDER ,0.64
2192,21735,TWO DOOR CURIO CABINET,10.95
2193,20716,PARTY FOOD SHOPPER BAG,1.25
2194,22167, OVAL WALL MIRROR DIAMANTE ,9.95
2195,47348A,FUSCHIA VOILE POINTY SHOE DEC,1.95
2196,90214C,"LETTER ""C"" BLING KEY RING",1.25
2197,90214B,"LETTER ""B"" BLING KEY RING",1.25
2198,90214K,"LETTER ""K"" BLING KEY RING",1.25
2199,20735,BLACK MINI TAPE MEASURE ,0.85
2200,85039C,S/4 BLACK MINI ROSE CANDLE IN BOWL,1.65
2201,22448,PIN CUSHION BABUSHKA RED,3.35
2202,20996,JAZZ HEARTS ADDRESS BOOK,0.42
2203,21686,MEDINA STAMPED METAL STOOL,39.95
2204,22932,BAKING MOULD TOFFEE CUP CHOCOLATE,2.1
2205,22935,BAKING MOULD ROSE MILK CHOCOLATE,2.75
2206,22931,BAKING MOULD HEART WHITE CHOCOLATE,2.1
2207,22930,BAKING MOULD HEART MILK CHOCOLATE,2.1
2208,85024C,PINK SMALL JEWELLED PHOTOFRAME,1.65
2209,71038,WHITE HANGING BEADS CANDLE HOLDER,5.45
2210,48173C,DOORMAT BLACK FLOCK ,6.75
2211,22688,DOORMAT PEACE ON EARTH BLUE,6.75
2212,84613C,BLUE NEW BAROQUE FLOCK CANDLESTICK,4.65
2213,84828,JUNGLE POPSICLES ICE LOLLY HOLDERS,1.25
2214,84910A,PINK PAISLEY CUSHION COVER ,5.95
2215,20763,DAISY SKETCHBOOK ,3.75
2216,22144,CHRISTMAS CRAFT LITTLE FRIENDS,1.85
2217,21201,TROPICAL  HONEYCOMB PAPER GARLAND ,2.55
2218,21246,RED RETROSPOT BIG BOWL,4.95
2219,21376,LARGE  TALL CAMPHOR WOOD TOADSTOOL ,5.45
2220,21375,LARGE CAMPHOR WOOD FIELD MUSHROOM ,5.45
2221,21205,MULTICOLOUR 3D BALLS GARLAND,2.55
2222,20618,QUEEN OF THE SKIES PASSPORT COVER ,2.1
2223,21896,POTTING SHED TWINE,2.1
2224,22509,SEWING BOX RETROSPOT DESIGN ,14.95
2225,22265,EASTER DECORATION NATURAL CHICK,0.65
2226,47420,ASSORTED COLOUR SUCTION CUP HOOK,0.19
2227,21931,JUMBO STORAGE BAG SUKI,1.65
2228,22386,JUMBO BAG PINK POLKADOT,1.65
2229,20712,JUMBO BAG WOODLAND ANIMALS,1.65
2230,22385,JUMBO BAG SPACEBOY DESIGN,1.65
2231,85099F,JUMBO BAG STRAWBERRY,1.65
2232,20711,JUMBO BAG TOYS ,1.65
2233,20713,JUMBO BAG OWLS,1.65
2234,22510,GINGHAM BABUSHKA DOORSTOP,3.75
2235,48116,DOORMAT MULTICOLOUR STRIPE,7.95
2236,72709,IVORY SCULPTED RND CANDLE ,0.85
2237,72132,COLUMBIAN CUBE CANDLE,1.95
2238,85118,HEART T-LIGHT HOLDER,1.25
2239,35968,FOLK ART METAL HEART T-LIGHT HOLDER,0.38
2240,85067,CREAM SWEETHEART WALL CABINET,16.95
2241,22761,CHEST 7 DRAWER MA CAMPAGNE,21.95
2242,22762,CUPBOARD 3 DRAWER MA CAMPAGNE,12.75
2243,22063,CERAMIC BOWL WITH STRAWBERRY DESIGN,2.95
2244,90184B,AMETHYST CHUNKY BEAD BRACELET W STR,8.95
2245,90184A,AMBER CHUNKY BEAD BRACELET W STRAP,8.95
2246,M,Manual,2.95
2247,84415B,BLUE FLOCK CUSHION COVER ,3.75
2248,20906,VINTAGE NOTEBOOK BEAUTY GIRL,2.95
2249,22083,PAPER CHAIN KIT RETROSPOT,2.55
2250,21098,CHRISTMAS TOILET ROLL,1.06
2251,21275,ZINC TOP  2 DOOR WOODEN SHELF ,16.95
2252,47566,PARTY BUNTING,3.75
2253,90173,PAIR BUTTERFLY HAIR CLIPS,3.75
2254,22513,DOORSTOP FOOTBALL DESIGN,3.75
2255,71496A,A4 WALL TIDY BLUE OFFICE,0.65
2256,71495B,CD WALL TIDY RED FLOWERS,0.42
2257,78124,MAGAZINE RACK GEBRA ASSORTED ,2.75
2258,37500,TEA TIME TEAPOT IN GIFT BOX,9.95
2259,22166,WALL MIRROR RECTANGLE DIAMANTE PINK,7.95
2260,22145,CHRISTMAS CRAFT HEART STOCKING ,2.1
2261,22163,HEART STRING MEMO HOLDER HANGING,2.95
2262,21215,IVORY PAPER CUP CAKE CASES ,0.55
2263,85048,15CM CHRISTMAS GLASS BALL 20 LIGHTS,6.95
2264,20761,BLUE PAISLEY SKETCHBOOK,3.75
2265,51008,AFGHAN SLIPPER SOCK PAIR,2.95
2266,85118,HEART T-LIGHT HOLDER,0.38
2267,85230G,ORANGE VOTIVE CANDLE,0.29
2268,16014,SMALL CHINESE STYLE SCISSOR,0.32
2269,35833P,4 PINK FLOCK CHRISTMAS BALLS,1.25
2270,71215,METAL BASE FOR CANDLES,0.42
2271,20886,BOX OF 9 PEBBLE CANDLES,1.95
2272,20695,FLORAL BLUE MONSTER,4.25
2273,20892,SET/3 TALL GLASS CANDLE HOLDER PINK,12.75
2274,22324,BLUE POLKADOT KIDS BAG,1.95
2275,22820,GIFT BAG BIRTHDAY,0.65
2276,16168M,FUNKY MONKEY GIFT BAG MEDIUM,0.42
2277,22644,CERAMIC CHERRY CAKE MONEY BANK,1.25
2278,22645,CERAMIC HEART FAIRY CAKE MONEY BANK,1.25
2279,84952A,CLEAR LOVE BIRD T-LIGHT HOLDER,3.75
2280,21846,PINK DIAMANTE PEN IN GIFT BOX,4.95
2281,22487,WHITE WOOD GARDEN PLANT LADDER,8.5
2282,84706D,CHERRY BLOSSOM TABLE CLOCK ,8.95
2283,22828,REGENCY MIRROR WITH SHUTTERS,165.0
2284,22827,RUSTIC  SEVENTEEN DRAWER SIDEBOARD,145.0
2285,21281,VINTAGE KITCHEN PRINT SEAFOOD,2.55
2286,22591,CARDHOLDER GINGHAM CHRISTMAS TREE,2.55
2287,22171,3 HOOK PHOTO SHELF ANTIQUE WHITE,7.65
2288,21361,LOVE LARGE WOOD LETTERS ,10.95
2289,21755,LOVE BUILDING BLOCK WORD,5.45
2290,22703,PINK CAT BOWL,2.1
2291,22605,WOODEN CROQUET GARDEN SET,12.75
2292,48188,DOORMAT WELCOME PUPPIES,6.75
2293,22804,CANDLEHOLDER PINK HANGING HEART,2.55
2294,21684,SMALL MEDINA STAMPED METAL BOWL ,0.85
2295,79000,MOROCCAN TEA GLASS,0.65
2296,84247L,FAWN AND MUSHROOM GREETING CARD,0.42
2297,22937,BAKING MOULD CHOCOLATE CUP CAKES,2.55
2298,85170C,SET/6 EAU DE NIL BIRD T-LIGHTS,2.1
2299,22516,CHILDS GARDEN RAKE BLUE,2.1
2300,22523,CHILDS GARDEN FORK PINK,0.85
2301,22521,CHILDS GARDEN TROWEL PINK,0.85
2302,22698,PINK REGENCY TEACUP AND SAUCER,2.95
2303,85053,FRENCH ENAMEL CANDLEHOLDER,2.1
2304,84875B,GREEN SQUARE COMPACT MIRROR,3.75
2305,84876D,BLUE HEART COMPACT MIRROR,3.75
2306,90211B,JET BLACK LAS VEGAS NECKLACE 45CM,5.95
2307,84192,ASSORTED COLOUR METAL CAT ,1.25
2308,22560,TRADITIONAL MODELLING CLAY,1.06
2309,21190,PINK HEARTS PAPER GARLAND,1.45
2310,21628,TRIANGULAR POUFFE VINTAGE ,14.95
2311,22779,WOODEN OWLS LIGHT GARLAND ,3.75
2312,22951,60 CAKE CASES DOLLY GIRL DESIGN,0.42
2313,22956,36 FOIL HEART CAKE CASES,1.85
2314,22254,FELT TOADSTOOL LARGE,1.25
2315,22769,CHALKBOARD KITCHEN ORGANISER,21.95
2316,21615,4 LAVENDER BOTANICAL DINNER CANDLES,3.75
2317,22236,CAKE STAND 3 TIER MAGIC GARDEN,10.95
2318,22933,BAKING MOULD EASTER EGG MILK CHOC,2.95
2319,22689,DOORMAT MERRY CHRISTMAS RED ,7.95
2320,85107,CUT GLASS T-LIGHT HOLDER OCTAGON,2.55
2321,22741,FUNKY DIVA PEN,0.85
2322,21051,RIBBONS PURSE ,2.1
2323,21382,SET/4 SPRING FLOWER DECORATION,2.95
2324,44234,ASSORTED CIRCULAR MOBILE,0.21
2325,44235,ASS COL CIRCLE MOBILE ,0.42
2326,75131,METAL TUBE CHIME ON BAMBOO,1.69
2327,40003,WHITE BAMBOO RIBS LAMPSHADE,1.25
2328,84360,TABLE LAMP WHITE SHADE WOOD BASE,4.65
2329,47480,HANGING PHOTO CLIP ROPE LADDER,1.45
2330,79190B,RETRO PLASTIC POLKA TRAY,0.42
2331,82001S,VINYL RECORD FRAME SILVER,3.75
2332,90036D,"FLOWER GLASS GARLAND NECKL.36""BLACK",7.95
2333,22830,UTILTY CABINET WITH HOOKS,19.94
2334,22154,ANGEL DECORATION 3 BUTTONS ,0.36
2335,16015,MEDIUM CHINESE STYLE SCISSOR,0.5
2336,16008,SMALL FOLDING SCISSOR(POINTED EDGE),0.25
2337,37444B,BLUE BREAKFAST CUP AND SAUCER ,2.95
2338,37333,"RETRO ""TEA FOR ONE"" ",4.95
2339,20778,GARDEN PATH NOTEBOOK ,1.65
2340,20758,ABSTRACT CIRCLES POCKET BOOK,0.85
2341,85039B,S/4 IVORY MINI ROSE CANDLE IN BOWL,1.65
2342,85040B,SET/4 BLUE FLOWER CANDLES IN BOWL,1.65
2343,21535,RED RETROSPOT SMALL MILK JUG,2.55
2344,22761,CHEST 7 DRAWER MA CAMPAGNE,24.95
2345,22319,HAIRCLIPS FORTIES FABRIC ASSORTED,0.65
2346,21284,RETROSPOT CANDLE  SMALL,1.69
2347,22824,3 TIER SWEETHEART GARDEN SHELF,35.95
2348,17084N,FAIRY DREAMS INCENSE ,0.21
2349,17084P,DRAGONS BLOOD INCENSE,0.21
2350,21128,GOLD FISHING GNOME,6.95
2351,21132,SILVER STANDING GNOME   ,4.25
2352,84818,DANISH ROSE PHOTO FRAME,2.55
2353,21879,HEARTS GIFT TAPE,0.65
2354,35001W,HAND OPEN SHAPE DECO.WHITE,2.95
2355,85008,SET OF 3 CONEY ISLAND OVAL BOXES,4.95
2356,84913B,MINT GREEN ROSE TOWEL,4.65
2357,84913A,SOFT PINK ROSE TOWEL ,4.65
2358,84915,HAND TOWEL PINK FLOWER AND DAISY,5.95
2359,84843,WHITE SOAP RACK WITH 2 BOTTLES,5.95
2360,22236,CAKE STAND 3 TIER MAGIC GARDEN,12.75
2361,85032A,ROMANTIC IMAGES GIFT WRAP SET,2.1
2362,85032C,CURIOUS IMAGES GIFT WRAP SET,2.1
2363,35648,VINTAGE BEAD PINK PURSE ,2.95
2364,37501,TEA TIME TEA SET IN GIFT BOX,6.95
2365,M,Manual,15.0
2366,84356,POMPOM CURTAIN,6.95
2367,22734,SET OF 6 RIBBONS VINTAGE CHRISTMAS,2.55
2368,47578A,ENGLISH ROSE SMALL SCENTED FLOWER,0.85
2369,22679,FRENCH BLUE METAL DOOR SIGN 4,1.25
2370,22416,SET OF 36 DOILIES SPACEBOY DESIGN ,1.45
2371,21562,HAWAIIAN GRASS SKIRT ,1.25
2372,84228,HEN HOUSE W CHICK STANDING,0.42
2373,22419,LIPSTICK PEN RED,0.36
2374,22856,ASSORTED EASTER DECORATIONS  BELLS,1.25
2375,22934,BAKING MOULD EASTER EGG WHITE CHOC,2.95
2376,21181,PLEASE ONE PERSON METAL SIGN,1.85
2377,22607,WOODEN ROUNDERS GARDEN SET ,8.5
2378,37475,SET/4 COLOURFUL MIXING BOWLS,9.95
2379,84951A,SET OF 4 PISTACHIO LOVEBIRD COASTER,2.55
2380,84951B,SET OF 4 BLACK LOVEBIRD COASTERS,2.55
2381,22308,TEA COSY BLUE STRIPE,2.55
2382,22053,EMPIRE DESIGN ROSETTE,1.25
2383,22692,DOORMAT WELCOME TO OUR HOME,7.95
2384,48116,DOORMAT MULTICOLOUR STRIPE,6.75
2385,21131,GOLD STANDING GNOME,3.75
2386,20654,FIRST CLASS LUGGAGE TAG ,1.25
2387,17165D,ASS COL LARGE SAND FROG P'WEIGHT,1.05
2388,21442,GREEN BIRDHOUSE DECORATION,0.72
2389,22291,HANGING CHICK CREAM DECORATION,1.45
2390,15058A,BLUE POLKADOT GARDEN PARASOL,7.95
2391,20868,SILVER FABRIC MIRROR,1.25
2392,21189,WHITE HONEYCOMB PAPER GARLAND ,1.65
2393,84820,DANISH ROSE TRINKET TRAYS,5.95
2394,85006,SET 4 NURSERY DES ROUND BOXES,2.95
2395,84821,DANISH ROSE DELUXE COASTER,0.85
2396,84638,SMALL KITCHEN FLOWER POTS PLAQUE,6.95
2397,84637,KITCHEN FLOWER POTS WALL PLAQUE,5.95
2398,84508A,CAMOUFLAGE DESIGN TEDDY,2.1
2399,22229,BUNNY WOODEN PAINTED WITH FLOWER ,0.85
2400,16236,KITTY PENCIL ERASERS,0.21
2401,22228,BUNNY WOODEN PAINTED WITH BIRD ,0.85
2402,16169P,WRAP GREEN RUSSIAN FOLKART ,0.42
2403,90081C,LILY BROOCH OLIVE COLOUR,4.95
2404,16054,POPART RECT PENCIL SHARPENER ASST,0.42
2405,84595E,LARGE TORTILLA DESIGN RED BOWL,3.75
2406,84459B,YELLOW METAL CHICKEN HEART ,1.49
2407,35915B,BLUE KNITTED HEN ,1.65
2408,85086A,CANDY SPOT HEART DECORATION,0.85
2409,22628,PICNIC BOXES SET OF 3 RETROSPOT ,4.95
2410,22377,BOTTLE BAG RETROSPOT ,2.1
2411,21781,MA CAMPAGNE CUTLERY BOX,12.75
2412,21261,GREEN GOOSE FEATHER CHRISTMAS TREE ,16.95
2413,85084,HOLLY TOP CHRISTMAS STOCKING,0.85
2414,81950V,FLOWER PURPLE CLOCK W/SUCKER,0.85
2415,21942,SKULLS DESIGN FLANNEL,0.85
2416,17012D,ORIGAMI ROSE INCENSE/CANDLE SET ,2.55
2417,17012B,ORIGAMI JASMINE INCENSE/CANDLE SET,2.55
2418,17012E,ORIGAMI OPIUM INCENSE/CANDLE SET ,2.55
2419,17012F,ORIGAMI SANDLEWOOD INCENSE/CAND SET,2.55
2420,84683,CLASSICAL ROSE CANDLESTAND,0.65
2421,84609,TALL ROCOCO CANDLE HOLDER,8.5
2422,84375,SET OF 20 KIDS COOKIE CUTTERS,1.95
2423,22690,DOORMAT HOME SWEET HOME BLUE ,6.75
2424,84754,S/15 SILVER GLASS BAUBLES IN BAG,1.06
2425,72351B,SET/6 PINK  BUTTERFLY T-LIGHTS,1.69
2426,22055,MINI CAKE STAND  HANGING STRAWBERY,1.45
2427,84631,FRUIT TREE AND BIRDS WALL PLAQUE,7.95
2428,84799,SPRIG LAVENDER ARTIFICIAL FLOWER,0.42
2429,35004P,SET OF 3 PINK FLYING DUCKS,5.45
2430,21454,PAINTED PINK RABBIT ,0.85
2431,22201,FRYING PAN BLUE POLKADOT,4.25
2432,15058B,PINK POLKADOT GARDEN PARASOL,7.95
2433,22621,TRADITIONAL KNITTING NANCY,1.25
2434,84789,ENCHANTED BIRD PLANT CAGE,3.75
2435,22393,PAPERWEIGHT VINTAGE COLLAGE,2.55
2436,22391,PAPERWEIGHT HOME SWEET HOME,2.55
2437,47599B,BLUE PARTY BAGS ,1.69
2438,21166,COOK WITH WINE METAL SIGN ,1.69
2439,21903,MAN FLU METAL SIGN,1.85
2440,82583,HOT BATHS METAL SIGN,1.69
2441,21165,BEWARE OF THE CAT METAL SIGN ,1.45
2442,84596G,SMALL CHOCOLATES PINK BOWL,1.06
2443,84596F,SMALL MARSHMALLOWS PINK BOWL,1.06
2444,84596E,SMALL LICORICE DES PINK BOWL,1.06
2445,84596B,SMALL DOLLY MIX DESIGN ORANGE BOWL,1.06
2446,84380,SET OF 3 BUTTERFLY COOKIE CUTTERS,1.06
2447,47559B,TEA TIME OVEN GLOVE,1.06
2448,35924,HANGING FAIRY CAKE DECORATION,1.69
2449,22064,PINK DOUGHNUT TRINKET POT ,1.45
2450,37450,CERAMIC CAKE BOWL + HANGING CAKES,2.55
2451,48185,DOORMAT FAIRY CAKE,6.75
2452,37447,CERAMIC CAKE DESIGN SPOTTED PLATE,1.25
2453,21231,SWEETHEART CERAMIC TRINKET BOX,1.06
2454,22065,CHRISTMAS PUDDING TRINKET POT ,1.25
2455,85230E,STRAWBRY SCENTED VOTIVE CANDLE,0.29
2456,22826,LOVE SEAT ANTIQUE WHITE METAL,175.0
2457,22852,DOG BOWL VINTAGE CREAM,4.25
2458,72802C,VANILLA SCENT CANDLE JEWELLED BOX,3.81
2459,72802A,ROSE SCENT CANDLE IN JEWELLED BOX,3.81
2460,22105,MIRROR MOSAIC GOBLET CANDLE HOLDER,4.25
2461,22102,MIRROR MOSAIC T-LIGHT HOLDER ,1.65
2462,22834,HAND WARMER BABUSHKA DESIGN,0.85
2463,85071B,RED CHARLIE+LOLA PERSONAL DOORSIGN,2.95
2464,16225,RATTLE SNAKE EGGS,1.25
2465,16033,MINI HIGHLIGHTER PENS,0.12
2466,20830,SILVER PHOTO FRAME,2.1
2467,20831,GOLD PHOTO FRAME,2.1
2468,22420,LIPSTICK PEN BABY PINK,0.42
2469,21944,KITTENS DESIGN FLANNEL,0.85
2470,22677,FRENCH BLUE METAL DOOR SIGN 2,1.25
2471,84509C,SET OF 4 POLKADOT PLACEMATS ,3.75
2472,90186B,CRYSTAL HOOP EARRING FLORAL LEAF,2.95
2473,90190C,SILVER/AMETHYST DROP EARRINGS LEAF,2.95
2474,90003D,CRYSTAL PAIR HEART HAIR SLIDES,3.75
2475,90003C,MIDNIGHT BLUE PAIR HEART HAIR SLIDE,3.75
2476,90067A,PINK VINTAGE VICTORIAN EARRINGS,2.95
2477,90003B,ROSE COLOUR PAIR HEART HAIR SLIDES,3.75
2478,21285,RETROSPOT CANDLE  MEDIUM,2.1
2479,21378,SMALL TALL CAMPHOR WOOD TOADSTOOL,1.65
2480,85032B,BLOSSOM IMAGES GIFT WRAP SET,2.1
2481,22857,ASSORTED EASTER GIFT TAGS,0.85
2482,85017B,ENVELOPE 50 BLOSSOM IMAGES,0.85
2483,22024,RAINY LADIES BIRTHDAY CARD,0.36
2484,22025,RING OF ROSES BIRTHDAY CARD,0.36
2485,22028,PENNY FARTHING BIRTHDAY CARD,0.36
2486,22718,CARD CAT AND TREE ,0.36
2487,21218,RED SPOTTY BISCUIT TIN,3.25
2488,22858,EASTER TIN KEEPSAKE,1.65
2489,22861,EASTER TIN CHICKS IN GARDEN,1.65
2490,22896,PEG BAG APPLES DESIGN,2.1
2491,22549,PICTURE DOMINOES,1.25
2492,22088,PAPER BUNTING COLOURED LACE,2.55
2493,84988,SET OF 72 PINK HEART PAPER DOILIES,1.25
2494,22661,CHARLOTTE BAG DOLLY GIRL DESIGN,0.72
2495,22623,BOX OF VINTAGE JIGSAW BLOCKS ,4.25
2496,22230,JIGSAW TREE WITH WATERING CAN,0.85
2497,22232,JIGSAW TOADSTOOLS 3 PIECE,1.65
2498,21717,EASTER TIN BUCKET,2.1
2499,20793,BLUE TILED TRAY,6.75
2500,17096,ASSORTED LAQUERED INCENSE HOLDERS,0.17
2501,16218,CARTOON  PENCIL SHARPENERS,0.16
2502,20664,TROPICAL HOLIDAY PURSE ,2.95
2503,47593A,CAROUSEL PONIES BABY BIB,1.25
2504,20670,VIP HOLIDAY PURSE,2.95
2505,21943,CAKES AND RABBITS DESIGN FLANNEL ,0.85
2506,21946,PARTY TIME DESIGN FLANNEL,0.85
2507,20666,ECONOMY HOLIDAY PURSE,2.95
2508,21846,PINK DIAMANTE PEN IN GIFT BOX,4.25
2509,20735,BLACK MINI TAPE MEASURE ,0.72
2510,22055,MINI CAKE STAND  HANGING STRAWBERY,1.65
2511,82605,OLD DOC RUSSEL METAL SIGN,2.1
2512,21027,NINJA RABBIT PINK,1.25
2513,22473,TV DINNER TRAY VINTAGE PAISLEY,1.95
2514,85136B,BLUE SHARK HELICOPTER,7.95
2515,70006,LOVE HEART POCKET WARMER,0.42
2516,22511,RETROSPOT BABUSHKA DOORSTOP,1.25
2517,84882,GREEN WIRE STANDING CANDLE HOLDER,3.75
2518,85031A,ROMANTIC IMAGES SCRAP BOOK SET,4.95
2519,21463,MIRRORED DISCO BALL ,2.5
2520,22546,MINI JIGSAW PURDEY,0.42
2521,16216,LETTER SHAPE PENCIL SHARPENER,0.16
2522,84660B,BLACK STITCHED WALL CLOCK,1.25
2523,21912,VINTAGE SNAKES & LADDERS,3.39
2524,22550,HOLIDAY FUN LUDO,3.39
2525,21888,BINGO SET,3.39
2526,22561,WOODEN SCHOOL COLOURING SET,1.45
2527,22635,CHILDS BREAKFAST SET DOLLY GIRL ,8.5
2528,21248,DOOR HANGER  MUM + DADS ROOM,1.45
2529,20663,QUEEN OF THE SKIES HOLIDAY PURSE ,2.95
2530,21736,GOLD SCROLL GLASS T-LIGHT HOLDER,2.1
2531,22363,GLASS JAR MARMALADE ,2.95
2532,84922,PINK BUTTERFLY WASHBAG,4.25
2533,85040A,S/4 PINK FLOWER CANDLES IN BOWL,1.65
2534,90036E,"FLOWER GLASS GARLD NECKL36""AMETHYST",7.95
2535,90160A,PURPLE BOUDICCA LARGE BRACELET,6.95
2536,90160B,RED BOUDICCA LARGE BRACELET,6.95
2537,90161B,ANT COPPER TURQ BOUDICCA BRACELET,4.95
2538,90160C,TURQ+RED BOUDICCA LARGE BRACELET,6.95
2539,90160D,PINK BOUDICCA LARGE BRACELET,6.95
2540,82011A,"BATHROOM SCALES, TROPICAL BEACH",3.75
2541,20801,LARGE PINK GLASS SUNDAE DISH,0.75
2542,21876,POTTERING MUG,0.42
2543,22638,SET OF 4 NAPKIN CHARMS CROWNS ,0.85
2544,85183A,CHARLIE & LOLA WASTEPAPER BIN BLUE,3.75
2545,21340,CLASSIC METAL BIRDCAGE PLANT HOLDER,9.95
2546,85035B,CHOCOLATE 3 WICK MORRIS BOX CANDLE,1.25
2547,85035C,ROSE 3 WICK MORRIS BOX CANDLE,1.25
2548,72349B,SET/6 PURPLE BUTTERFLY T-LIGHTS,1.69
2549,35610B,BLACK CHRISTMAS FLOCK DROPLET ,1.25
2550,35610C,WHITE CHRISTMAS FLOCK DROPLET ,1.25
2551,84927E,FLOWERS TILE HOOK,2.1
2552,22941,CHRISTMAS LIGHTS 10 REINDEER,7.65
2553,84816,DANISH ROSE BEDSIDE CABINET,39.95
2554,84818,DANISH ROSE PHOTO FRAME,0.85
2555,22184,CAKE STAND VICTORIAN FILIGREE LARGE,8.5
2556,22891,TEA FOR ONE POLKADOT,3.75
2557,85184C,S/4 VALENTINE DECOUPAGE HEART BOX,1.25
2558,90129A,PINK GLASS TASSLE BAG CHARM ,2.95
2559,90120D,WHITE MURANO TWIST BRACELET,4.25
2560,70007,HI TEC ALPINE HAND WARMER,0.42
2561,22700,BLACK AND WHITE DOG BOWL,0.85
2562,22512,DOORSTOP RACING CAR DESIGN,1.25
2563,22378,WALL TIDY RETROSPOT ,0.85
2564,22377,BOTTLE BAG RETROSPOT ,0.85
2565,21882,SKULLS TAPE,0.19
2566,21880,RED RETROSPOT TAPE,0.19
2567,21879,HEARTS GIFT TAPE,0.19
2568,21873,IF YOU CAN'T STAND THE HEAT MUG,0.42
2569,10135,COLOURING PENCILS BROWN TUBE,0.42
2570,10125,MINI FUNKY DESIGN TAPES,0.42
2571,22702,BLACK AND WHITE CAT BOWL,0.65
2572,22346,PARTY PIZZA DISH GREEN POLKADOT,0.21
2573,22345,PARTY PIZZA DISH BLUE POLKADOT,0.21
2574,22344,PARTY PIZZA DISH PINK POLKADOT,0.21
2575,22343,PARTY PIZZA DISH RED RETROSPOT,0.21
2576,22222,CAKE PLATE LOVEBIRD WHITE,1.95
2577,22117,METAL SIGN HER DINNER IS SERVED ,0.85
2578,21883,STARS GIFT TAPE ,0.19
2579,85015,SET OF 12  VINTAGE POSTCARD SET,0.65
2580,22952,60 CAKE CASES VINTAGE CHRISTMAS,0.42
2581,21539,RED RETROSPOT BUTTER DISH,4.25
2582,84212,"ASSORTED FLOWER COLOUR ""LEIS""",0.42
2583,22604,SET OF 4 NAPKIN CHARMS CUTLERY,2.1
2584,22639,SET OF 4 NAPKIN CHARMS HEARTS,2.1
2585,22642,SET OF 4 NAPKIN CHARMS STARS   ,2.1
2586,22600,CHRISTMAS RETROSPOT STAR WOOD,0.72
2587,72780,BLACK SILOUETTE CANDLE PLATE,0.85
2588,21619,4 VANILLA BOTANICAL CANDLES,3.75
2589,22954,HEN PARTY CORDON BARRIER TAPE,1.25
2590,22611,VINTAGE UNION JACK SHOPPING BAG,4.95
2591,22675,FRENCH KITCHEN SIGN BLUE METAL,1.25
2592,22792,FLUTED ANTIQUE CANDLE HOLDER,0.72
2593,22047,EMPIRE GIFT WRAP,0.42
2594,22214,CANDLE PLATE LACE WHITE,2.55
2595,90162C,ANT SILVER FUSCHIA BOUDICCA RING,2.95
2596,90078,PINK/WHITE GLASS DEMI CHOKER,7.5
2597,90014B,GOLD M PEARL  ORBIT NECKLACE,9.95
2598,90147,CHUNKY SILVER NECKLACE PASTEL FLOWE,9.95
2599,90032,IVORY SHELL HEART NECKLACE,6.25
2600,21955,DOORMAT UNION JACK GUNS AND ROSES,6.75
2601,22610,PENS ASSORTED FUNNY FACE,0.21
2602,21662,VINTAGE GLASS COFFEE CADDY,5.45
2603,21658,GLASS  BEURRE DISH,3.39
2604,21664,RIDGED GLASS STORAGE JAR CREAM LID,3.39
2605,21331,MOROCCAN BEATEN METAL DISH LARGE,12.75
2606,20846,ZINC HEART LATTICE T-LIGHT HOLDER,1.25
2607,21666,RIDGED GLASS T-LIGHT HOLDER,0.65
2608,20847,ZINC HEART LATTICE CHARGER LARGE,3.75
2609,20848,ZINC HEART LATTICE CHARGER SMALL,2.95
2610,20826,SILVER APERITIF GLASS,2.12
2611,21145,ANTIQUE GLASS PLACE SETTING,1.25
2612,22723,SET OF 6 HERB TINS SKETCHBOOK,3.95
2613,22722,SET OF 6 SPICE TINS PANTRY DESIGN,3.95
2614,22720,SET OF 3 CAKE TINS PANTRY DESIGN ,4.95
2615,84575A,PINK DOG CANNISTER,5.95
2616,84313C,ORANGE TV TRAY TABLE ,4.25
2617,84313B,BLUE TV TRAY TABLE ,4.25
2618,90125D,PURPLE BERTIE GLASS BEAD BAG CHARM,2.1
2619,21473,SWEETHEART CREAM STEEL TABLE RECT,19.95
2620,75131,METAL TUBE CHIME ON BAMBOO,1.25
2621,90210B,CLEAR ACRYLIC FACETED BANGLE,1.25
2622,90210A,GREY ACRYLIC FACETED BANGLE,1.25
2623,20704,MR ROBOT SOFT TOY,1.95
2624,21065,BOOM BOX SPEAKER GIRLS,1.25
2625,21109,LARGE CAKE TOWEL CHOCOLATE SPOTS,1.95
2626,21110,LARGE CAKE TOWEL PINK SPOTS,1.95
2627,21111,"SWISS ROLL TOWEL, CHOCOLATE  SPOTS",1.25
2628,21112,"SWISS ROLL TOWEL, PINK  SPOTS",1.25
2629,22074,6 RIBBONS SHIMMERING PINKS ,0.42
2630,22471,TV DINNER TRAY AIR HOSTESS ,1.95
2631,22655,VINTAGE RED KITCHEN CABINET,125.0
2632,84509G,SET OF 4 FAIRY CAKE PLACEMATS ,1.25
2633,84519A,TOMATO CHARLIE+LOLA COASTER SET,1.25
2634,84820,DANISH ROSE TRINKET TRAYS,1.25
2635,84819,DANISH ROSE ROUND SEWING BOX,0.85
2636,84823,DANISH ROSE FOLDING CHAIR,7.95
2637,85034B,3 WHITE CHOC MORRIS BOXED CANDLES,1.25
2638,85034C,3 ROSE MORRIS BOXED CANDLES,1.25
2639,85169A,IVORY LOVE BIRD CANDLE,0.42
2640,85169B,BLACK LOVE BIRD CANDLE,0.42
2641,85169D,PINK LOVE BIRD CANDLE,0.42
2642,85170B,SET/6 BLACK BIRD T-LIGHT CANDLES,0.85
2643,85170C,SET/6 EAU DE NIL BIRD T-LIGHTS,0.85
2644,85170D,SET/6 PINK BIRD T-LIGHT CANDLES,0.85
2645,90057,DIAMANTE RING ASSORTED IN BOX.,1.25
2646,90210C,RED   ACRYLIC FACETED BANGLE,1.25
2647,90210D,PURPLE ACRYLIC FACETED BANGLE,1.25
2648,17091A,LAVENDER INCENSE IN TIN,0.38
2649,84625A,PINK NEW BAROQUECANDLESTICK CANDLE,0.85
2650,84625C,BLUE NEW BAROQUE CANDLESTICK CANDLE,0.85
2651,22371,AIRLINE BAG VINTAGE TOKYO 78,3.75
2652,22374,AIRLINE BAG VINTAGE JET SET RED,3.95
2653,22375,AIRLINE BAG VINTAGE JET SET BROWN,3.95
2654,22656,VINTAGE BLUE KITCHEN CABINET,125.0
2655,20802,SMALL GLASS SUNDAE DISH CLEAR,0.42
2656,20803,SMALL PINK GLASS SUNDAE DISH,0.42
2657,21619,4 VANILLA BOTANICAL CANDLES,1.25
2658,22342,HOME GARLAND PAINTED ZINC ,0.85
2659,22782,SET 3 WICKER STORAGE BASKETS ,9.95
2660,22783,SET 3 WICKER OVAL BASKETS W LIDS,7.95
2661,84766,SILVER ROCOCO CANDLE STICK,1.95
2662,22784,LANTERN CREAM GAZEBO ,4.25
2663,22193,RED DINER WALL CLOCK,7.65
2664,21651,HANGING GLASS ETCHED TEALIGHT,1.45
2665,35095B,RED VICTORIAN FABRIC OVAL BOX,0.42
2666,22180,RETROSPOT LAMP,8.5
2667,18098C,PORCELAIN BUTTERFLY OIL BURNER,2.55
2668,22887,NUMBER TILE VINTAGE FONT 8,1.95
2669,22884,NUMBER TILE VINTAGE FONT 5,1.95
2670,22961,JAM MAKING SET PRINTED,1.25
2671,22665,RECIPE BOX BLUE SKETCHBOOK DESIGN,2.55
2672,47567B,TEA TIME KITCHEN APRON,4.65
2673,M,Manual,0.21
2674,21620,SET OF 4 ROSE BOTANICAL CANDLES,1.25
2675,21615,4 LAVENDER BOTANICAL DINNER CANDLES,1.25
2676,22504,CABIN BAG VINTAGE RETROSPOT,12.75
2677,84817,DANISH ROSE DECORATIVE PLATE,0.42
2678,84821,DANISH ROSE DELUXE COASTER,0.21
2679,22512,DOORSTOP RACING CAR DESIGN,3.75
2680,84927A,WAKE UP COCKEREL TILE HOOK,2.1
2681,22932,BAKING MOULD TOFFEE CUP  CHOCOLATE,2.55
2682,22937,BAKING MOULD CUPCAKE CHOCOLATE,2.55
2683,22721,SET OF 3 CAKE TINS SKETCHBOOK,4.95
2684,20622,VIPPASSPORT COVER ,2.1
2685,21884,CAKES AND BOWS GIFT  TAPE,0.19
2686,22481,BLACK TEA TOWEL CLASSIC DESIGN,0.42
2687,35651,VINTAGE BEAD PINK SCARF ,1.65
2688,84915,HAND TOWEL PINK FLOWER AND DAISY,1.25
2689,84916,HAND TOWEL PALE BLUE W FLOWERS,1.25
2690,84917,WHITE HAND TOWEL WITH BUTTERFLY,1.25
2691,84826,ASSTD DESIGN 3D PAPER STICKERS,0.21
2692,85036C,ROSE 1 WICK MORRIS BOXED CANDLE,1.85
2693,21442,GREEN BIRDHOUSE DECORATION,0.85
2694,M,Manual,20.0
2695,22906,12 MESSAGE CARDS WITH ENVELOPES,1.45
2696,M,Manual,5.0
2697,22711,WRAP CIRCUS PARADE,0.42
2698,22522,CHILDS GARDEN FORK BLUE ,0.85
2699,22520,CHILDS GARDEN TROWEL BLUE ,0.85
2700,22701,PINK DOG BOWL,0.85
2701,22270,HAPPY EASTER HANGING DECORATION,3.75
2702,85195,HANGING HEART BASKET,2.1
2703,21188,3D HEARTS  HONEYCOMB PAPER GARLAND,2.95
2704,21109,LARGE CAKE TOWEL CHOCOLATE SPOTS,6.75
2705,85194L,HANGING SPRING FLOWER EGG LARGE,0.85
2706,84660A,WHITE STITCHED WALL CLOCK,1.25
2707,84509E,SET OF 4 CAROUSEL PLACEMATS ,1.25
2708,84356,POMPOM CURTAIN,1.95
2709,82613C,"METAL SIGN,CUPCAKE SINGLE HOOK",0.42
2710,82613B,"METAL SIGN,CUPCAKE SINGLE HOOK",0.42
2711,75178,ASSTD COL BUTTERFLY/CRYSTAL W/CHIME,0.42
2712,75011,BLUE DAISY MOBILE,0.85
2713,47504K,ENGLISH ROSE GARDEN SECATEURS,0.85
2714,47504H,ENGLISH ROSE SPIRIT LEVEL ,0.85
2715,47503A,ASS FLORAL PRINT MULTI SCREWDRIVER,0.42
2716,35646,VINTAGE BEAD PINK EVENING BAG,1.25
2717,22889,NUMBER TILE VINTAGE FONT No ,0.75
2718,22888,NUMBER TILE VINTAGE FONT 9 ,0.42
2719,22887,NUMBER TILE VINTAGE FONT 8,0.42
2720,22886,NUMBER TILE VINTAGE FONT 7,0.42
2721,22885,NUMBER TILE VINTAGE FONT 6 ,0.42
2722,22884,NUMBER TILE VINTAGE FONT 5,0.42
2723,22883,NUMBER TILE VINTAGE FONT 4,0.42
2724,22882,NUMBER TILE VINTAGE FONT 3,0.42
2725,22881,NUMBER TILE VINTAGE FONT 2,0.42
2726,22880,NUMBER TILE VINTAGE FONT 1,0.42
2727,22879,NUMBER TILE VINTAGE FONT 0,0.42
2728,22647,CERAMIC LOVE HEART MONEY BANK,0.42
2729,22609,PENS ASSORTED SPACEBALL,0.21
2730,22608,PENS ASSORTED FUNKY JEWELED ,0.21
2731,22116,METAL SIGN HIS DINNER IS SERVED,0.85
2732,21632,VINTAGE PINK DECORATIVE PARASOL,3.95
2733,21631,HIPPY CHIC DECORATIVE PARASOL,3.95
2734,20705,MRS ROBOT SOFT TOY,1.95
2735,22252,BIRDCAGE DECORATION TEALIGHT HOLDER,1.06
2736,21355,TOAST ITS - I LOVE YOU ,1.05
2737,90125D,PURPLE BERTIE GLASS BEAD BAG CHARM,0.85
2738,90125A,PINK BERTIE GLASS BEAD BAG CHARM,0.85
2739,85180B,PINK HEARTS LIGHT CHAIN ,1.25
2740,85180A,RED HEARTS LIGHT CHAIN ,1.25
2741,85173,SET/6 FROG PRINCE T-LIGHT CANDLES,0.85
2742,85159B,"WHITE TEA,COFFEE,SUGAR JARS",1.25
2743,85159A,"BLACK TEA,COFFEE,SUGAR JARS",1.25
2744,84951B,SET OF 4 BLACK LOVEBIRD COASTERS,0.85
2745,84951A,SET OF 4 PISTACHIO LOVEBIRD COASTER,0.85
2746,84660C,PINK STITCHED WALL CLOCK,1.25
2747,22966,GINGERBREAD MAN COOKIE CUTTER,1.06
2748,22922,FRIDGE MAGNETS US DINER ASSORTED,0.72
2749,22963,JAM JAR WITH BLUE LID,0.72
2750,22722,SET OF 6 SPICE TINS PANTRY DESIGN,3.45
2751,22720,SET OF 3 CAKE TINS PANTRY DESIGN ,4.25
2752,21319,GLASS CHALICE GREEN  SMALL ,1.45
2753,22141,CHRISTMAS CRAFT TREE TOP ANGEL,1.85
2754,20931,BLUE POT PLANT CANDLE ,3.75
2755,79403,FROSTED WHITE BASE ,0.85
2756,21200,MULTICOLOUR HONEYCOMB PAPER GARLAND,1.65
2757,22667,RECIPE BOX RETROSPOT ,2.55
2758,22204,MILK PAN BLUE POLKADOT,3.75
2759,90058B,CRYSTAL STUD EARRINGS ASSORTED COL ,0.38
2760,21650,ASSORTED TUTTI FRUTTI BRACELET,0.19
2761,84597B,RETRO BROWN BALL ASHTRAY ,1.25
2762,17084R,ASSORTED INCENSE PACK,0.21
2763,84688,BEACH HUT DESIGN BLACKBOARD,4.25
2764,22508,DOORSTOP RETROSPOT HEART,3.39
2765,21949,SET OF 6 STRAWBERRY CHOPSTICKS,1.06
2766,21559,STRAWBERRY LUNCH BOX WITH CUTLERY,2.1
2767,22356,CHARLOTTE BAG PINK POLKADOT,0.72
2768,20617,FIRST CLASS PASSPORT COVER ,2.1
2769,62094B,TURQ ICE CREAM BUM BAG ,2.55
2770,84616,SILVER ROCCOCO CHANDELIER,29.95
2771,84827,ASS DES PHONE SPONGE CRAFT STICKER,0.19
2772,84666,SQUARE CHERRY BLOSSOM CABINET,3.95
2773,84673A,PINK FLY SWAT,0.65
2774,84673B,BLUE FLY SWAT,0.65
2775,21749,LARGE RED RETROSPOT WINDMILL,2.1
2776,17013D,ORIGAMI ROSE INCENSE IN TUBE,1.65
2777,22465,HANGING METAL STAR LANTERN,1.45
2778,82613D,METAL SIGN CUPCAKE SINGLE HOOK,0.42
2779,22486,PLASMATRONIC LAMP,3.95
2780,21386,IVORY HANGING DECORATION  EGG,0.85
2781,21066,VINTAGE RED MUG,1.25
2782,22223,CAKE PLATE LOVEBIRD PINK,1.95
2783,90185A,AMBER DIAMANTE EXPANDABLE RING,4.25
2784,90146,FINE SILVER NECKLACE W PASTEL FLOWE,7.5
2785,90161D,ANT COPPER PINK BOUDICCA BRACELET,4.95
2786,90161C,ANT COPPER LIME BOUDICCA BRACELET,4.95
2787,90129C,GREEN GLASS TASSLE BAG CHARM,2.95
2788,90129B,TURQUOISE GLASS TASSLE BAG CHARM ,2.95
2789,22269,EGG CUP NATURAL CHICKEN,1.25
2790,85039A,SET/4 RED MINI ROSE CANDLE IN BOWL,1.65
2791,85150,LADIES & GENTLEMEN METAL SIGN,2.1
2792,22170,PICTURE FRAME WOOD TRIPLE PORTRAIT,5.95
2793,22310,IVORY KNITTED MUG COSY ,1.45
2794,22077,6 RIBBONS RUSTIC CHARM,1.45
2795,22813,PACK 3 BOXES BIRD PANNETONE ,1.65
2796,21703,BAG 125g SWIRLY MARBLES,0.36
2797,22493,PAINT YOUR OWN CANVAS SET,1.45
2798,21200,MULTICOLOUR HONEYCOMB PAPER GARLAND,0.65
2799,21206,STRAWBERRY HONEYCOMB  GARLAND ,0.65
2800,22257,FELT FARM ANIMAL SHEEP,0.42
2801,22258,FELT FARM ANIMAL RABBIT,0.42
2802,22259,FELT FARM ANIMAL HEN,0.42
2803,22264,FELT FARM ANIMAL WHITE BUNNY ,0.19
2804,35610A,PINK CHRISTMAS FLOCK DROPLET ,1.25
2805,35817P,"ACRYLIC JEWEL SNOWFLAKE,PINK",2.55
2806,22788,BROCANTE COAT RACK,8.5
2807,85141,JARDIN ETCHED GLASS FRUITBOWL,10.75
2808,21656,RIDGED GLASS POSY VASE ,1.45
2809,35599B,BLACK CHRISTMAS TREE 120CM,8.49
2810,84279P,CHERRY BLOSSOM  DECORATIVE FLASK,3.39
2811,21717,EASTER TIN BUCKET,2.55
2812,90042A,FRESHWATER PEARL BRACELET GOLD,2.55
2813,90136,PALE PINK/AMETHYST STONE NECKLACE,9.95
2814,90060B,FIRE POLISHED GLASS NECKL GOLD,5.95
2815,90035A,"PEARL & SHELL 42""NECKL. GREEN",10.75
2816,90133,TEAL/FUSCHIA COL BEAD NECKLACE,4.95
2817,90179A,AMBER FINE BEAD NECKLACE W TASSEL,5.95
2818,79329,PINK FLOCK GLASS CANDLEHOLDER,1.65
2819,85146,JARDIN ETCHED GLASS SMALL BELL JAR,4.95
2820,22033,BOTANICAL ROSE GREETING CARD,0.42
2821,22032,BOTANICAL LILY GREETING CARD,0.42
2822,84751B,BLACK MEDIUM GLASS CAKE STAND,3.75
2823,84507B,STRIPES DESIGN MONKEY DOLL,2.55
2824,35957,SMALLFOLKART BAUBLE CHRISTMAS DEC,0.19
2825,22774,RED DRAWER KNOB ACRYLIC EDWARDIAN,0.85
2826,22773,GREEN DRAWER KNOB ACRYLIC EDWARDIAN,0.85
2827,22772,PINK DRAWER KNOB ACRYLIC EDWARDIAN,0.85
2828,22771,CLEAR DRAWER KNOB ACRYLIC EDWARDIAN,0.85
2829,21670,BLUE SPOT CERAMIC DRAWER KNOB,0.85
2830,21671,RED SPOT CERAMIC DRAWER KNOB,0.85
2831,21672,WHITE SPOT RED CERAMIC DRAWER KNOB,0.85
2832,21673,WHITE SPOT BLUE CERAMIC DRAWER KNOB,0.85
2833,M,Manual,0.32
2834,85211,S/4 GROOVY CAT MAGNETS,1.65
2835,22403,MAGNETS PACK OF 4 VINTAGE LABELS ,0.42
2836,84620,BLUE GINGHAM ROSE CUSHION COVER,5.95
2837,16225,RATTLE SNAKE EGGS,0.42
2838,85174,S/4 CACTI CANDLES,1.95
2839,22108,PING! MICROWAVE PLATE,3.75
2840,85212,MINI PAINTED GARDEN DECORATION ,0.21
2841,84929,ASSTD FRUIT+FLOWERS FRIDGE MAGNETS,0.55
2842,17012C,ORIGAMI LAVENDER INCENSE/CANDL SET ,2.55
2843,21194,PINK  HONEYCOMB PAPER FAN,2.1
2844,21792,CLASSIC FRENCH STYLE BASKET GREEN ,6.75
2845,21707,FOLDING UMBRELLA BLACKBLUE POLKADOT,4.95
2846,17014A,ORIGAMI VANILLA INCENSE CONES,0.5
2847,17012E,ORIGAMI OPIUM INCENSE/CANDLE SET ,0.5
2848,17012A,ORIGAMI VANILLA INCENSE/CANDLE SET ,0.5
2849,17012B,ORIGAMI JASMINE INCENSE/CANDLE SET,0.5
2850,17012C,ORIGAMI LAVENDER INCENSE/CANDL SET ,0.5
2851,17012F,ORIGAMI SANDLEWOOD INCENSE/CAND SET,0.5
2852,22868,NUMBER TILE COTTAGE GARDEN 0 ,1.95
2853,22877,NUMBER TILE COTTAGE GARDEN 9,1.95
2854,22878,NUMBER TILE COTTAGE GARDEN No,2.1
2855,22874,NUMBER TILE COTTAGE GARDEN 6,1.95
2856,22870,NUMBER TILE COTTAGE GARDEN 2,1.95
2857,22875,NUMBER TILE COTTAGE GARDEN 7,1.95
2858,22873,NUMBER TILE COTTAGE GARDEN 5,1.95
2859,22872,NUMBER TILE COTTAGE GARDEN 4,1.95
2860,22869,NUMBER TILE COTTAGE GARDEN 1,1.95
2861,22871,NUMBER TILE COTTAGE GARDEN 3 ,1.95
2862,22302,COFFEE MUG PEARS  DESIGN,2.55
2863,22840,ROUND CAKE TIN VINTAGE RED,6.95
2864,47594B,SCOTTIES DESIGN WASHBAG,1.95
2865,21196,ROUND WHITE CONFETTI IN TUBE,1.65
2866,21199,PINK  HEART CONFETTI IN TUBE,1.65
2867,M,Manual,1.45
2868,22218,CAKE STAND LACE WHITE,4.25
2869,22970,LONDON BUS COFFEE MUG,2.55
2870,84884A,ANT WHITE WIRE HEART SPIRAL,3.39
2871,22360,GLASS JAR ENGLISH CONFECTIONERY,2.55
2872,21195,PINK  HONEYCOMB PAPER BALL ,0.65
2873,90209C,PINK ENAMEL+GLASS HAIR COMB,2.1
2874,22295,HEART FILIGREE DOVE LARGE,1.45
2875,22294,HEART FILIGREE DOVE  SMALL,1.06
2876,22768,FAMILY PHOTO FRAME CORNICE,8.5
2877,22693,GROW A FLYTRAP OR SUNFLOWER IN TIN,1.06
2878,22303,COFFEE MUG APPLES DESIGN,2.55
2879,35001W,HAND OPEN SHAPE DECO.WHITE,2.0
2880,35001G,HAND OPEN SHAPE GOLD,2.0
2881,85180A,RED HEARTS LIGHT CHAIN ,4.65
2882,22062,CERAMIC BOWL WITH LOVE HEART DESIGN,2.95
2883,22040,BOTANICAL ROSE GIFT WRAP,0.42
2884,22174,PHOTO CUBE,1.25
2885,85150,LADIES & GENTLEMEN METAL SIGN,1.69
2886,21166,COOK WITH WINE METAL SIGN ,1.53
2887,85152,HAND OVER THE CHOCOLATE   SIGN ,1.53
2888,22693,GROW A FLYTRAP OR SUNFLOWER IN TIN,0.94
2889,21181,PLEASE ONE PERSON METAL SIGN,1.53
2890,21181,PLEASE ONE PERSON METAL SIGN,1.65
2891,72807A,SET/3 ROSE CANDLE IN JEWELLED BOX,3.81
2892,72807C,SET/3 VANILLA SCENTED CANDLE IN BOX,3.81
2893,72807B,SET/3 OCEAN SCENT CANDLE JEWEL BOX,3.81
2894,21348,PINK SPOTS CHOCOLATE NESTING BOXES ,2.55
2895,22302,COFFEE MUG PEARS  DESIGN,2.1
2896,22971,QUEENS GUARD COFFEE MUG,2.55
2897,20733,GOLD MINI TAPE MEASURE ,0.72
2898,84877B,GREEN ROUND COMPACT MIRROR,1.25
2899,84877D,BLUE ROUND COMPACT MIRROR,1.25
2900,84078A,SET/4 WHITE RETRO STORAGE CUBES ,34.95
2901,84926F,PSYCHEDELIC TILE COASTER,0.42
2902,21558,SKULL LUNCH BOX WITH CUTLERY ,2.1
2903,21400,RED PUDDING SPOON,0.42
2904,35911A,MULTICOLOUR RABBIT EGG WARMER,2.1
2905,85031C,CURIOUS IMAGES SCRAP BOOK SET,4.95
2906,20801,LARGE PINK GLASS SUNDAE DISH,2.55
2907,35651,VINTAGE BEAD PINK SCARF ,7.95
2908,84012,MAGIC SHEEP WOOL GROWING FROM PAPER,2.55
2909,84813,SET OF 4 DIAMOND NAPKIN RINGS,12.75
2910,84917,WHITE HAND TOWEL WITH BUTTERFLY,5.95
2911,22649,STRAWBERRY FAIRY CAKE TEAPOT,4.25
2912,84613A,PINK NEW BAROQUE FLOCK CANDLESTICK,4.65
2913,90145,SILVER HOOP EARRINGS WITH FLOWER,5.95
2914,90194,SILVER LARIAT BLACK STONE EARRINGS,4.25
2915,22342,HOME GARLAND PAINTED ZINC ,1.65
2916,21043,APRON MODERN VINTAGE COTTON,5.95
2917,22389,PAPERWEIGHT SAVE THE PLANET,0.85
2918,22395,PAPERWEIGHT VINTAGE PAISLEY,0.85
2919,37342,POLKADOT COFFEE CUP & SAUCER PINK,0.85
2920,37327,ASSTD MULTICOLOUR CIRCLES MUG,0.42
2921,84813,SET OF 4 DIAMOND NAPKIN RINGS,3.95
2922,85036B,CHOCOLATE 1 WICK MORRIS BOX CANDLE,1.25
2923,85169C,EAU DE NIL LOVE BIRD CANDLE,1.25
2924,85169D,PINK LOVE BIRD CANDLE,1.25
2925,10133,COLOURING PENCILS BROWN TUBE,0.42
2926,21774,DECORATIVE CATS BATHROOM BOTTLE,0.42
2927,21773,DECORATIVE ROSE BATHROOM BOTTLE,0.42
2928,84750B,BLACK SMALL GLASS CAKE STAND,1.95
2929,21425,SKULLS STORAGE BOX LARGE,2.95
2930,22108,PING! MICROWAVE PLATE,1.25
2931,85059,FRENCH ENAMEL WATER BASIN,1.25
2932,85054,FRENCH ENAMEL POT W LID,1.25
2933,22643,SET OF 4 NAPKIN CHARMS LEAVES   ,0.85
2934,22641,SET OF 4 NAPKIN CHARMS INSTRUMENT,0.85
2935,22640,SET OF 4 NAPKIN CHARMS 3 KEYS ,0.85
2936,22394,PAPERWEIGHT KINGS CHOICE ,0.85
2937,22393,PAPERWEIGHT VINTAGE COLLAGE,0.85
2938,22391,PAPERWEIGHT HOME SWEET HOME,0.85
2939,22390,PAPERWEIGHT CHILDHOOD MEMORIES,0.85
2940,22263,FELT EGG COSY LADYBIRD ,0.19
2941,22190,LOCAL CAFE MUG,0.85
2942,21616,4 PEAR BOTANICAL DINNER CANDLES,1.25
2943,21617,4 LILY  BOTANICAL DINNER CANDLES,1.25
2944,21618,4 WILDFLOWER BOTANICAL CANDLES,1.25
2945,22396,MAGNETS PACK OF 4 RETRO PHOTO,0.42
2946,35648,VINTAGE BEAD PINK PURSE ,0.85
2947,84012,MAGIC SHEEP WOOL GROWING FROM PAPER,0.85
2948,16219,HOUSE SHAPE PENCIL SHARPENER,0.21
2949,21279,VINTAGE KITCHEN PRINT FRUITS,2.55
2950,16048,TEATIME ROUND PENCIL SHARPENER ,0.42
2951,22510,GINGHAM BABUSHKA DOORSTOP,1.25
2952,22580,ADVENT CALENDAR GINGHAM SACK,0.0
2953,22150,3 STRIPEY MICE FELTCRAFT,1.65
2954,22769,CHALKBOARD KITCHEN ORGANISER,24.95
2955,22325,MOBILE VINTAGE HEARTS ,4.95
2956,21391,FRENCH LAVENDER SCENT HEART,2.1
2957,72800C,4 PINK DINNER CANDLE SILVER FLOCK,2.55
2958,17011F,ORIGAMI SANDLEWOOD INCENSE+FLOWER,2.1
2959,17012A,ORIGAMI VANILLA INCENSE/CANDLE SET ,2.55
2960,35809A,ENAMEL PINK TEA CONTAINER,2.1
2961,35810A,ENAMEL PINK COFFEE CONTAINER,2.1
2962,22971,QUEENS GUARD COFFEE MUG,2.1
2963,22970,LONDON BUS COFFEE MUG,2.1
2964,22988,SOLDIERS EGG CUP ,1.06
2965,21535,RED RETROSPOT SMALL MILK JUG,2.1
2966,20616,CHERRY BLOSSOM PASSPORT COVER,0.75
2967,20619,TROPICAL PASSPORT COVER ,0.75
2968,20622,VIPPASSPORT COVER ,0.75
2969,21633,SUNFLOWER DECORATIVE PARASOL,3.95
2970,21881,CUTE CATS TAPE,0.19
2971,84519B,CARROT CHARLIE+LOLA COASTER SET,1.25
2972,35607A,PINK FLUFFY CHRISTMAS DECORATION,0.19
2973,22410,MONEY BOX HOUSEKEEPING DESIGN,1.25
2974,21389,IVORY HANGING DECORATION  BIRD,0.85
2975,M,Manual,3.0
2976,21213,PACK OF 72 SKULL CAKE CASES,0.42
2977,72818,CHRISTMAS DECOUPAGE CANDLE,0.72
2978,84859A,SILVER DISCO HANDBAG,5.95
2979,85103,SILVER T-LIGHT SETTING,6.75
2980,85031B,BLOSSOM IMAGES SCRAP BOOK SET,4.95
2981,21348,PINK SPOTS CHOCOLATE NESTING BOXES ,2.95
2982,21286,RETROSPOT CANDLE  LARGE,2.55
2983,22249,DECORATION WHITE CHICK MAGIC GARDEN,0.85
2984,22407,MONEY BOX FIRST ADE DESIGN,1.25
2985,84584,PINK GINGHAM CAT WITH SCARF,2.55
2986,20696,FLORAL SOFT CAR TOY,3.75
2987,22503,CABIN BAG VINTAGE PAISLEY,12.75
2988,35914,PINK CHICK EGG WARMER + EGG CUP,2.1
2989,20794,BLUE  TILE HOOK,2.55
2990,85205B,PINK FELT EASTER RABBIT GARLAND,2.55
2991,79067,CORONA MEXICAN TRAY,2.95
2992,22929,SCHOOL DESK AND CHAIR ,65.0
2993,85163A,WHITE BAROQUE WALL CLOCK ,12.75
2994,85163B,BLACK BAROQUE WALL CLOCK ,12.75
2995,85232A,SET/3 POLKADOT STACKING TINS,4.95
2996,22810,SET OF 6 T-LIGHTS SNOWMEN,2.55
2997,22309,TEA COSY RED  STRIPE,2.55
2998,84674,FLYING PIG WATERING CAN,1.25
2999,21424,WOODLAND STORAGE BOX LARGE ,2.95
3000,22221,CAKE STAND LOVEBIRD 2 TIER PINK,9.95
3001,22223,CAKE PLATE LOVEBIRD PINK,4.95
3002,46000U,POLYESTER FILLER PAD 30CMx30CM,1.25
3003,21698,MOCK LOBSTER FRIDGE MAGNET,0.85
3004,35400,WOODEN BOX ADVENT CALENDAR ,8.95
3005,90177D,DROP DIAMANTE EARRINGS PURPLE,2.95
3006,90161A,ANT COPPER RED BOUDICCA BRACELET,4.95
3007,90177B,DROP DIAMANTE EARRINGS BLACK DIAMON,2.95
3008,90198A,VINTAGE ROSE BEAD BRACELET RASPBERR,4.25
3009,90154,LAZER CUT NECKLACE W PASTEL BEADS,8.95
3010,90199D,5 STRAND GLASS NECKLACE AMBER,6.35
3011,90014A,SILVER/MOP ORBIT NECKLACE,9.95
3012,90170,DAISY HAIR BAND,1.65
3013,90178B,PURPLE CHUNKY GLASS+BEAD NECKLACE,11.95
3014,90114,SUMMER DAISIES BAG CHARM,2.55
3015,21844,RED RETROSPOT MUG,2.55
3016,72351A,SET/6 TURQUOISE BUTTERFLY T-LIGHTS,1.69
3017,21793,CLASSIC FRENCH STYLE BASKET BROWN,6.75
3018,85023B,EAU DE NILE JEWELLED PHOTOFRAME,2.55
3019,85109,PINK BOUDOIR T-LIGHT HOLDER,0.85
3020,84804A,CREAM DELPHINIUM ARTIFICIAL FLOWER,2.95
3021,84800L,LARGE WHITE/PINK ROSE ART FLOWER,2.12
3022,84800M,MEDIUM WHITE/PINK ROSE ART FLOWER,1.69
3023,84802A,WHITE ANEMONE ARTIFICIAL FLOWER,1.69
3024,84806A,PINK CANDYSTUFT ARTIFICIAL FLOWER,1.45
3025,22668,PINK BABY BUNTING,2.95
3026,22286,"DECORATION , WOBBLY RABBIT , METAL ",1.65
3027,85173,SET/6 FROG PRINCE T-LIGHT CANDLES,2.55
3028,20941,FROG CANDLE,1.25
3029,22707,WRAP MONSTER FUN ,0.42
3030,21503,TOYBOX  WRAP ,0.42
3031,90108,BLUE BLOSSOM HAIR CLIP,1.05
3032,16207A,PINK STRAWBERRY HANDBAG ,2.95
3033,21372,MIRRORED WALL ART TABLE LAMP,2.95
3034,21747,SMALL SKULL WINDMILL,1.25
3035,22258,FELT FARM ANIMAL RABBIT,1.25
3036,22259,FELT FARM ANIMAL HEN,1.25
3037,84817,DANISH ROSE DECORATIVE PLATE,2.1
3038,84457,SET/3 RABBITS FLOWER SKIPPPING ROPE,0.85
3039,85130B,BEADED CRYSTAL HEART GREEN LARGE,1.65
3040,84249A,"GREETING CARD,SQUARE, DOUGHNUTS",0.42
3041,21251,DINOSAUR HEIGHT CHART STICKER SET,2.95
3042,22837,HOT WATER BOTTLE BABUSHKA LARGE,4.65
3043,22953,BIRTHDAY BANNER TAPE,1.25
3044,22314,OFFICE MUG WARMER CHOC+BLUE,4.95
3045,22545,MINI JIGSAW BUNNIES,0.42
3046,22538,MINI JIGSAW GO TO THE FAIR,0.42
3047,21198,WHITE HEART CONFETTI IN TUBE,0.42
3048,90027A,GLASS BEAD HOOP EARRINGS BLACK,2.95
3049,90027D,GLASS BEAD HOOP EARRINGS AMETHYST,2.95
3050,90019A,SILVER M.O.P ORBIT BRACELET,4.95
3051,90040A,MURANO STYLE GLASS BRACELET RED,3.5
3052,90120C,GREEN MURANO TWIST BRACELET,4.25
3053,90040B,MURANO STYLE GLASS BRACELET BLACK,3.5
3054,21989,PACK OF 20 SKULL PAPER NAPKINS,0.64
3055,84992,72 SWEETHEART FAIRY CAKE CASES,0.4
3056,84991,60 TEATIME FAIRY CAKE CASES,0.4
3057,21977,PACK OF 60 PINK PAISLEY CAKE CASES,0.4
3058,21975,PACK OF 60 DINOSAUR CAKE CASES,0.4
3059,21213,PACK OF 72 SKULL CAKE CASES,0.4
3060,21212,PACK OF 72 RETROSPOT CAKE CASES,0.4
3061,44228,CANNABIS LEAF BEAD CURTAIN,0.85
3062,85230G,ORANGE VOTIVE CANDLE,0.21
3063,85230F,JASMINE VOTIVE CANDLE,0.21
3064,85230E,STRAWBRY SCENTED VOTIVE CANDLE,0.21
3065,85230B,CINNAMON SCENTED VOTIVE CANDLE,0.21
3066,85230A,OPIUM SCENTED VOTIVE CANDLE,0.21
3067,20724,RED RETROSPOT CHARLOTTE BAG,0.72
3068,20723,STRAWBERRY CHARLOTTE BAG,0.72
3069,90214D,"LETTER ""D"" BLING KEY RING",1.25
3070,22066,LOVE HEART TRINKET POT,1.45
3071,22445,PENCIL CASE LIFE IS BEAUTIFUL,2.55
3072,20932,PINK POT PLANT CANDLE,3.75
3073,84199,GLOW IN DARK DOLPHINS,0.21
3074,72225C,LAVENDER SCENT CAKE CANDLE,0.29
3075,82613A,"METAL SIGN,CUPCAKE SINGLE HOOK",1.25
3076,22030,SWALLOWS GREETING CARD,0.36
3077,22682,FRENCH BLUE METAL DOOR SIGN 7,1.25
3078,22456,NATURAL SLATE CHALKBOARD LARGE ,4.25
3079,85135A,YELLOW DRAGONFLY HELICOPTER,7.95
3080,22608,PENS ASSORTED FUNKY JEWELED ,0.85
3081,22823,CHEST NATURAL WOOD 20 DRAWERS,125.0
3082,C2,CARRIAGE,150.0
3083,22616,PACK OF 12 LONDON TISSUES ,0.25
3084,22423,REGENCY CAKESTAND 3 TIER,0.0
3085,22526,WHEELBARROW FOR CHILDREN ,12.75
3086,22517,CHILDS GARDEN RAKE PINK,2.1
3087,22138,BAKING SET 9 PIECE RETROSPOT ,4.95
3088,15044A,PINK PAPER PARASOL ,2.95
3089,22282,12 EGG HOUSE PAINTED WOOD,12.75
3090,22858,EASTER TIN KEEPSAKE,1.45
3091,84459A,PINK METAL CHICKEN HEART ,1.25
3092,84459B,YELLOW METAL CHICKEN HEART ,1.25
3093,22859,EASTER TIN BUNNY BOUQUET,1.45
3094,22856,ASSORTED EASTER DECORATIONS  BELLS,1.06
3095,21935,SUKI  SHOULDER BAG,1.45
3096,22474,SPACEBOY TV DINNER TRAY,4.25
3097,22472,TV DINNER TRAY DOLLY GIRL,4.25
3098,22555,PLASTERS IN TIN STRONGMAN,1.45
3099,22273,FELTCRAFT DOLL MOLLY,2.55
3100,22750,FELTCRAFT PRINCESS LOLA DOLL,3.39
3101,22751,FELTCRAFT PRINCESS OLIVIA DOLL,3.39
3102,22749,FELTCRAFT PRINCESS CHARLOTTE DOLL,3.39
3103,21731,RED TOADSTOOL LED NIGHT LIGHT,1.45
3104,22352,LUNCH BOX WITH CUTLERY RETROSPOT ,2.1
3105,21202,DOLLY HONEYCOMB GARLAND,0.65
3106,84926D,LA PALMIERA TILE COASTER,0.42
3107,22974,CHILDRENS DOLLY GIRL MUG,1.45
3108,84997A,GREEN 3 PIECE POLKADOT CUTLERY SET,3.39
3109,84997B,RED 3 PIECE RETROSPOT CUTLERY SET,3.39
3110,84997C,BLUE 3 PIECE POLKADOT CUTLERY SET,3.39
3111,84997D,PINK 3 PIECE POLKADOT CUTLERY SET,3.39
3112,22326,ROUND SNACK BOXES SET OF4 WOODLAND ,2.55
3113,22382,LUNCH BAG SPACEBOY DESIGN ,1.45
3114,20726,LUNCH BAG WOODLAND,1.45
3115,POST,POSTAGE,35.0
3116,20700,GREEN CAT FLORAL CUSHION COVER ,3.75
3117,90022,EDWARDIAN DROP EARRINGS JET BLACK,3.75
3118,90104,PURPLE FRANGIPANI HAIRCLIP,0.85
3119,84499,BLACK FLOWER CANDLE PLATE,0.85
3120,62018,SOMBRERO ,1.25
3121,21403,BLUE EGG  SPOON,0.42
3122,21648,ASSORTED TUTTI FRUTTI SMALL PURSE,1.06
3123,21067,VINTAGE RED TEATIME MUG,1.25
3124,16045,POPART WOODEN PENCILS ASST,0.12
3125,82613C,"METAL SIGN,CUPCAKE SINGLE HOOK",1.25
3126,21394,RED POLKADOT BEAKER ,1.95
3127,21972,SET OF 36 DINOSAUR PAPER DOILIES,1.45
3128,22046,TEA PARTY  WRAPPING PAPER ,0.42
3129,21199,PINK  HEART CONFETTI IN TUBE,0.42
3130,17012C,ORIGAMI LAVENDER INCENSE/CANDL SET ,0.85
3131,17013D,ORIGAMI ROSE INCENSE IN TUBE,0.42
3132,90165B,WHITE ROSEBUD  PEARL EARRINGS,2.55
3133,16206B,RED PURSE WITH PINK HEART,1.25
3134,46138B,BLUE CHENILLE SHAGGY CUSHION COVER ,1.95
3135,20701,PINK CAT FLORAL CUSHION COVER ,3.75
3136,47585A,PINK FAIRY CAKE CUSHION COVER,3.75
3137,82613D,METAL SIGN CUPCAKE SINGLE HOOK,1.25
3138,M,Manual,0.2
3139,21661,VINTAGE GLASS TEA CADDY,5.95
3140,21359,RELAX LARGE WOOD LETTERS,15.95
3141,84926E,FLOWERS TILE COASTER,0.42
3142,85144,JARDIN ETCHED GLASS CHEESE DISH,7.25
3143,85169C,EAU DE NIL LOVE BIRD CANDLE,0.42
3144,20770,ABSTRACT CIRCLE JOURNAL ,2.1
3145,21609,SET 12 LAVENDER  BOTANICAL T-LIGHTS,2.55
3146,M,Manual,1.65
3147,22293,HANGING CHICK GREEN DECORATION,1.45
3148,22285,HANGING HEN ON NEST DECORATION,1.65
3149,22148,EASTER CRAFT 4 CHICKS ,1.95
3150,21129,SILVER FISHING GNOME ,6.95
3151,84218,BOX/12 CHICK & EGG IN BASKET,1.95
3152,85194S,HANGING SPRING FLOWER EGG SMALL,0.65
3153,22134,MINI LADLE LOVE HEART RED ,0.42
3154,85019A,ROMANTIC IMAGES NOTEBOOK SET,1.25
3155,22242,5 HOOK HANGER MAGIC TOADSTOOL,1.45
3156,21668,RED STRIPE CERAMIC DRAWER KNOB,1.06
3157,22087,PAPER BUNTING WHITE LACE,2.55
3158,21403,BLUE EGG  SPOON,0.36
3159,22715,CARD WEDDING DAY,0.42
3160,35911B,PINK/FLOWER RABBIT EGG WARMER ,2.1
3161,84989A,75 GREEN FAIRY CAKE CASES,0.55
3162,84968E,SET OF 16 VINTAGE BLACK CUTLERY,12.75
3163,79321,CHILLI LIGHTS,3.98
3164,22767,TRIPLE PHOTO FRAME CORNICE ,8.5
3165,21238,RED RETROSPOT CUP,0.72
3166,21240,BLUE POLKADOT CUP,0.72
3167,21242,RED RETROSPOT PLATE ,1.45
3168,21245,GREEN POLKADOT PLATE ,1.45
3169,20674,GREEN POLKADOT BOWL,1.06
3170,22303,COFFEE MUG APPLES DESIGN,2.1
3171,21217,RED RETROSPOT ROUND CAKE TINS,8.95
3172,22902,TOTE BAG I LOVE LONDON,1.69
3173,79071B,ENGLISH ROSE METAL WASTE BIN,2.95
3174,16169M,WRAP DAISY CARPET ,0.42
3175,20934,SET/3 POT PLANT CANDLES,5.45
3176,22709,WRAP WEDDING DAY,0.42
3177,85039C,S/4 BLACK MINI ROSE CANDLE IN BOWL,0.42
3178,85111,SILVER GLITTER FLOWER VOTIVE HOLDER,0.29
3179,22288,HANGING METAL RABBIT DECORATION,1.25
3180,21787,RAIN PONCHO RETROSPOT,0.65
3181,20785,FUSCHIA RETRO BAR STOOL,39.95
3182,37476,CONDIMENT TRAY 4 BOWLS AND 4 SPOONS,9.95
3183,85089,CANDY SPOT BUNNY,2.95
3184,84931A,PINK SCOTTIE DOG W FLOWER PATTERN,2.55
3185,84931B,BLUE SCOTTIE DOG W FLOWER PATTERN,2.55
3186,35909A,RABBIT EASTER DECORATION,2.95
3187,35910A,MULTICOLOUR EASTER RABBIT ,1.95
3188,85096,HILDA CANDY SPOT RABBIT,3.75
3189,21269,ANTIQUE CREAM CUTLERY SHELF ,8.5
3190,22782,SET 3 WICKER STORAGE BASKETS ,24.95
3191,21763,VINTAGE WOODEN BAR STOOL,29.95
3192,20933,YELLOW POT PLANT CANDLE,3.75
3193,35972,DAISY FOLKART HEART DECORATION,1.25
3194,21455,PAINTED YELLOW WOODEN DAISY,0.85
3195,22425,ENAMEL COLANDER CREAM,4.25
3196,21204,DAISIES  HONEYCOMB GARLAND ,1.65
3197,17096,ASSORTED LAQUERED INCENSE HOLDERS,0.21
3198,17038,PORCELAIN BUDAH INCENSE HOLDER,0.1
3199,21175,GIN + TONIC DIET METAL SIGN,1.85
3200,22078,RIBBON REEL LACE DESIGN ,1.85
3201,22079,RIBBON REEL HEARTS DESIGN ,1.45
3202,22080,RIBBON REEL POLKADOTS ,1.45
3203,22505,MEMO BOARD COTTAGE DESIGN,4.25
3204,22516,CHILDS GARDEN RAKE BLUE,1.85
3205,22517,CHILDS GARDEN RAKE PINK,1.85
3206,22518,CHILDS GARDEN BRUSH BLUE,1.85
3207,22519,CHILDS GARDEN BRUSH PINK,1.85
3208,22514,CHILDS GARDEN SPADE BLUE,1.85
3209,22515,CHILDS GARDEN SPADE PINK,1.85
3210,22522,CHILDS GARDEN FORK BLUE ,0.72
3211,22524,CHILDRENS GARDEN GLOVES BLUE,1.06
3212,22525,CHILDRENS GARDEN GLOVES PINK,1.06
3213,22934,BAKING MOULD EASTER EGG WHITE CHOC,2.55
3214,84218,BOX/12 CHICK & EGG IN BASKET,1.69
3215,84228,HEN HOUSE W CHICK STANDING,0.37
3216,22148,EASTER CRAFT 4 CHICKS ,1.65
3217,22857,ASSORTED EASTER GIFT TAGS,0.72
3218,21914,BLUE HARMONICA IN BOX ,1.06
3219,21891,TRADITIONAL WOODEN SKIPPING ROPE,1.06
3220,22620,4 TRADITIONAL SPINNING TOPS,1.06
3221,22692,DOORMAT WELCOME TO OUR HOME,6.75
3222,22354,RETROSPOT PADDED SEAT CUSHION,3.39
3223,21243,PINK  POLKADOT PLATE ,1.45
3224,21239,PINK  POLKADOT CUP,0.72
3225,22211,WOOD STAMP SET FLOWERS,1.45
3226,20866,BLUE ROSE FABRIC MIRROR,1.06
3227,47566B,TEA TIME PARTY BUNTING,3.75
3228,21086,SET/6 RED SPOTTY PAPER CUPS,0.53
3229,85175,CACTI T-LIGHT CANDLES,0.36
3230,22426,ENAMEL WASH BOWL CREAM,2.95
3231,85066,CREAM SWEETHEART MINI CHEST,10.95
3232,47589,CONGRATULATIONS BUNTING,5.45
3233,84927F,PSYCHEDELIC TILE HOOK,2.1
3234,37475,SET/4 COLOURFUL MIXING BOWLS,8.49
3235,22263,FELT EGG COSY LADYBIRD ,0.85
3236,21278,VINTAGE KITCHEN PRINT PUDDINGS,2.55
3237,21209,MULTICOLOUR HONEYCOMB FAN,0.65
3238,22723,SET OF 6 HERB TINS SKETCHBOOK,3.45
3239,47518F,ICON PLACEMAT POP ART ELVIS,0.42
3240,22364,GLASS JAR DIGESTIVE BISCUITS,2.55
3241,84755,COLOUR GLASS T-LIGHT HOLDER HANGING,0.55
3242,40016,CHINESE DRAGON PAPER LANTERNS,0.25
3243,85159B,"WHITE TEA,COFFEE,SUGAR JARS",6.35
3244,22182,CAKE STAND VICTORIAN FILIGREE SMALL,4.95
3245,22090,PAPER BUNTING RETROSPOT,0.0
3246,22553,PLASTERS IN TIN SKULLS,0.0
3247,47590B,PINK HAPPY BIRTHDAY BUNTING,4.65
3248,21198,WHITE HEART CONFETTI IN TUBE,1.65
3249,22507,MEMO BOARD RETROSPOT  DESIGN,4.25
3250,79337,BLUE FLOCK GLASS CANDLEHOLDER,0.38
3251,16156L,"WRAP, CAROUSEL",0.42
3252,22499,WOODEN UNION JACK BUNTING,4.95
3253,21319,GLASS CHALICE GREEN  SMALL ,1.65
3254,21318,GLASS CHALICE BLUE SMALL ,1.65
3255,85025B,EAU DE NILE HEART SHAPE PHOTO FRAME,1.65
3256,84800L,LARGE WHITE/PINK ROSE ART FLOWER,1.69
3257,21875,KINGS CHOICE MUG,1.06
3258,22357,KINGS CHOICE BISCUIT TIN,3.75
3259,47351B,BLUE  VOILE LAMPSHADE,2.95
3260,21002,ROSE DU SUD DRAWSTRING BAG,4.25
3261,21084,SET/6 COLLAGE PAPER CUPS,0.65
3262,21088,SET/6 FRUIT SALAD PAPER CUPS,0.65
3263,21096,SET/6 FRUIT SALAD  PAPER PLATES,0.85
3264,85093,CANDY SPOT EGG WARMER HARE,1.25
3265,85094,CANDY SPOT EGG WARMER RABBIT,1.25
3266,22358,KINGS CHOICE TEA CADDY ,2.55
3267,84251B,"GREETING CARD, STICKY GORDON",0.19
3268,84251G,"GREETING CARD, OVERCROWDED POOL.",0.19
3269,71038,WHITE HANGING BEADS CANDLE HOLDER,4.65
3270,37448,CERAMIC CAKE DESIGN SPOTTED MUG,1.25
3271,82582,AREA PATROLLED METAL SIGN,1.69
3272,21171,BATHROOM METAL SIGN ,1.25
3273,22670,FRENCH WC SIGN BLUE METAL,1.06
3274,22673,FRENCH GARDEN SIGN BLUE METAL,1.06
3275,22675,FRENCH KITCHEN SIGN BLUE METAL,1.06
3276,22464,HANGING METAL HEART LANTERN,1.45
3277,22893,MINI CAKE STAND T-LIGHT HOLDER,0.36
3278,22212,FOUR HOOK  WHITE LOVEBIRDS,1.69
3279,22219,LOVEBIRD HANGING DECORATION WHITE ,0.72
3280,22224,WHITE LOVEBIRD LANTERN,2.55
3281,21272,SALLE DE BAIN HOOK,1.06
3282,84792,ENCHANTED BIRD COATHANGER 5 HOOK,3.81
3283,84692,BOX OF 24 COCKTAIL PARASOLS,0.36
3284,22129,PARTY CONES CANDY TREE DECORATION,0.72
3285,22128,PARTY CONES CANDY ASSORTED,1.06
3286,22245,"HOOK, 1 HANGER ,MAGIC GARDEN",0.72
3287,22244,3 HOOK HANGER MAGIC GARDEN,1.65
3288,22250,DECORATION  BUTTERFLY  MAGIC GARDEN,0.72
3289,22249,DECORATION WHITE CHICK MAGIC GARDEN,0.72
3290,22248,DECORATION  PINK CHICK MAGIC GARDEN,0.72
3291,22247,BUNNY DECORATION MAGIC GARDEN,0.72
3292,22251,BIRDHOUSE DECORATION MAGIC GARDEN,1.06
3293,47580,TEA TIME DES TEA COSY,2.1
3294,15060B,FAIRY CAKE DESIGN UMBRELLA,2.95
3295,84251C,"GREETING CARD, TWO SISTERS.",0.19
3296,22248,DECORATION  PINK CHICK MAGIC GARDEN,0.85
3297,22250,DECORATION  BUTTERFLY  MAGIC GARDEN,0.85
3298,84510C,SET OF 4 POLKADOT COASTERS,1.25
3299,84741C,CITRUS GARLAND FELT FLOWERS ,1.95
3300,21220,SET/4 BADGES DOGS,1.25
3301,21222,SET/4 BADGES BEETLES,1.25
3302,22266,EASTER DECORATION HANGING BUNNY,0.65
3303,22268,EASTER DECORATION SITTING BUNNY,0.85
3304,22267,EASTER DECORATION EGG BUNNY ,1.25
3305,21003,ROSE DU SUD CUSHION COVER,6.35
3306,22084,PAPER CHAIN KIT EMPIRE,2.55
3307,85206A,CREAM FELT EASTER EGG BASKET,1.45
3308,21757,LIGHTHOUSE PRINTED METAL SIGN,4.95
3309,90123B,TURQUOISE HEART OF GLASS BRACELET,5.95
3310,90123C,GREEN HEART OF GLASS BRACELET,5.95
3311,90122A,PINK CRYSTAL+GLASS BRACELET,4.95
3312,90184C,BLACK CHUNKY BEAD BRACELET W STRAP,8.95
3313,90122C,TURQUOISE CRYSTAL+GLASS BRACELET,4.95
3314,90156,RESIN BRACELET W PASTEL BEADS,4.95
3315,90155,RESIN NECKLACE W PASTEL BEADS,7.5
3316,75049L,LARGE CIRCULAR MIRROR MOBILE,1.25
3317,22647,CERAMIC LOVE HEART MONEY BANK,1.45
3318,84600,NEW BAROQUE JEWELLERY BOX ,7.95
3319,84617,NEW BAROQUE BLACK BOXES,12.75
3320,21332,MOROCCAN BEATEN METAL MIRROR,12.75
3321,M,Manual,6.7
3322,84459A,PINK METAL CHICKEN HEART ,1.49
3323,85180B,PINK HEARTS LIGHT CHAIN ,4.65
3324,20985,HEART CALCULATOR,1.06
3325,85016,SET OF 6 VINTAGE NOTELETS KIT,0.65
3326,44091A,BLUE CRUSOE CHECK LAMPSHADE,0.42
3327,21280,VINTAGE KITCHEN PRINT VEGETABLES,2.55
3328,21733,RED HANGING HEART T-LIGHT HOLDER,3.24
3329,85123A,WHITE HANGING HEART T-LIGHT HOLDER,3.24
3330,22889,NUMBER TILE VINTAGE FONT No ,2.17
3331,22887,NUMBER TILE VINTAGE FONT 8,2.17
3332,22886,NUMBER TILE VINTAGE FONT 7,2.17
3333,22885,NUMBER TILE VINTAGE FONT 6 ,2.17
3334,22884,NUMBER TILE VINTAGE FONT 5,2.17
3335,22883,NUMBER TILE VINTAGE FONT 4,2.17
3336,22882,NUMBER TILE VINTAGE FONT 3,2.17
3337,22881,NUMBER TILE VINTAGE FONT 2,2.17
3338,22880,NUMBER TILE VINTAGE FONT 1,2.17
3339,22879,NUMBER TILE VINTAGE FONT 0,2.17
3340,21673,WHITE SPOT BLUE CERAMIC DRAWER KNOB,1.49
3341,21672,WHITE SPOT RED CERAMIC DRAWER KNOB,1.49
3342,21671,RED SPOT CERAMIC DRAWER KNOB,1.49
3343,21670,BLUE SPOT CERAMIC DRAWER KNOB,1.49
3344,21669,BLUE STRIPE CERAMIC DRAWER KNOB,1.49
3345,21668,RED STRIPE CERAMIC DRAWER KNOB,1.49
3346,22775,PURPLE DRAWERKNOB ACRYLIC EDWARDIAN,1.49
3347,22774,RED DRAWER KNOB ACRYLIC EDWARDIAN,1.49
3348,22773,GREEN DRAWER KNOB ACRYLIC EDWARDIAN,1.49
3349,22772,PINK DRAWER KNOB ACRYLIC EDWARDIAN,1.49
3350,22771,CLEAR DRAWER KNOB ACRYLIC EDWARDIAN,1.49
3351,21755,LOVE BUILDING BLOCK WORD,6.6
3352,22120,WELCOME  WOODEN BLOCK LETTERS,10.13
3353,21908,CHOCOLATE THIS WAY METAL SIGN,2.4
3354,22467,GUMBALL COAT RACK,2.65
3355,22413,METAL SIGN TAKE IT OR LEAVE IT ,3.21
3356,82600,NO SINGING METAL SIGN,2.21
3357,21903,MAN FLU METAL SIGN,2.4
3358,21181,PLEASE ONE PERSON METAL SIGN,2.4
3359,21175,GIN + TONIC DIET METAL SIGN,2.4
3360,21174,POTTERING IN THE SHED METAL SIGN,2.16
3361,21166,COOK WITH WINE METAL SIGN ,2.21
3362,21164,HOME SWEET HOME METAL SIGN ,3.21
3363,82578,KITCHEN METAL SIGN,0.73
3364,82581,TOILET METAL SIGN,0.73
3365,82580,BATHROOM METAL SIGN,0.73
3366,22219,LOVEBIRD HANGING DECORATION WHITE ,1.24
3367,84406B,CREAM CUPID HEARTS COAT HANGER,3.44
3368,84792,ENCHANTED BIRD COATHANGER 5 HOOK,4.68
3369,21272,SALLE DE BAIN HOOK,1.48
3370,22888,NUMBER TILE VINTAGE FONT 9 ,2.17
3371,82583,HOT BATHS METAL SIGN,2.21
3372,22212,FOUR HOOK  WHITE LOVEBIRDS,2.22
3373,22350,ILLUSTRATED CAT BOWL ,2.69
3374,22853,CAT BOWL VINTAGE CREAM,3.45
3375,22852,DOG BOWL VINTAGE CREAM,4.62
3376,22845,VINTAGE CREAM CAT FOOD CONTAINER,6.91
3377,22844,VINTAGE CREAM DOG FOOD CONTAINER,9.16
3378,22349,DOG BOWL CHASING BALL DESIGN,2.69
3379,22702,BLACK AND WHITE CAT BOWL,2.4
3380,22703,PINK CAT BOWL,2.4
3381,22701,PINK DOG BOWL,3.24
3382,22700,BLACK AND WHITE DOG BOWL,3.24
3383,21621,VINTAGE UNION JACK BUNTING,8.87
3384,21906,PHARMACIE FIRST AID TIN,7.13
3385,22333,RETROSPOT PARTY BAG + STICKER SET,1.45
3386,21201,TROPICAL  HONEYCOMB PAPER GARLAND ,2.1
3387,85183A,CHARLIE & LOLA WASTEPAPER BIN BLUE,1.25
3388,22955,36 FOIL STAR CAKE CASES ,1.85
3389,21381,MINI WOODEN HAPPY BIRTHDAY GARLAND,1.45
3390,85203,HANGING WOOD AND FELT BUTTERFLY ,0.42
3391,85204,HANGING WOOD AND FELT FLOWER,0.42
3392,85197,SET OF 12 MINI BUNNIES IN A BUCKET,2.1
3393,21028,NINJA RABBIT BLACK,1.25
3394,21775,DECORATIVE FLORE BATHROOM BOTTLE,0.42
3395,85019B,BLOSSOM  IMAGES NOTEBOOK SET,4.25
3396,16207B,PINK HEART RED HANDBAG,2.95
3397,20698,LITTLE PINK MONSTER SOFT TOY,2.55
3398,21108,FAIRY CAKE FLANNEL ASSORTED COLOUR,2.1
3399,47556B,TEA TIME TEA TOWELS ,2.55
3400,21208,PASTEL COLOUR HONEYCOMB FAN,1.65
3401,79323P,PINK CHERRY LIGHTS,6.75
3402,21655,HANGING RIDGE GLASS T-LIGHT HOLDER,1.69
3403,35265,COLOURFUL FLOWER FRUIT BOWL,6.95
3404,21411,GINGHAM HEART  DOORSTOP RED,3.75
3405,22696,WICKER WREATH LARGE,1.65
3406,M,Manual,12.75
3407,22281,EASTER TREE YELLOW BIRDS,5.95
3408,22543,MINI JIGSAW BAKE A CAKE ,0.36
3409,20662,FIRST CLASS HOLIDAY PURSE ,2.95
3410,21667,GLASS CAKE COVER AND PLATE,14.95
3411,22322,BIRD DECORATION GREEN POLKADOT,0.85
3412,85170D,SET/6 PINK BIRD T-LIGHT CANDLES,1.69
3413,85169C,EAU DE NIL LOVE BIRD CANDLE,1.06
3414,85169D,PINK LOVE BIRD CANDLE,1.06
3415,85169A,IVORY LOVE BIRD CANDLE,1.06
3416,22061,LARGE CAKE STAND  HANGING STRAWBERY,8.5
3417,22501,PICNIC BASKET WICKER LARGE,8.5
3418,22880,NUMBER TILE VINTAGE FONT 1,1.95
3419,22882,NUMBER TILE VINTAGE FONT 3,1.95
3420,22323,PINK POLKADOT KIDS BAG,1.95
3421,22103,MIRROR MOSAIC T-LIGHT HOLDER ROUND,1.65
3422,22489,PACK OF 12 TRADITIONAL CRAYONS,0.36
3423,23231,WRAP DOILEY DESIGN,0.42
3424,22669,RED BABY BUNTING ,2.55
3425,22668,PINK BABY BUNTING,2.55
3426,21621,VINTAGE UNION JACK BUNTING,7.45
3427,62086A,PINK RETRO BIG FLOWER BAG,1.95
3428,22208,WOOD STAMP SET THANK YOU,1.45
3429,21424,WOODLAND STORAGE BOX LARGE ,2.55
3430,21425,SKULLS STORAGE BOX LARGE,2.55
3431,21426,WOODLAND STORAGE BOX SMALL,1.85
3432,22135,MINI LADLE LOVE HEART PINK,0.42
3433,35912B,WHITE/PINK CHICK DECORATION,1.25
3434,23230,WRAP ALPHABET DESIGN,0.42
3435,85206B,PINK FELT EASTER EGG BASKET,1.65
3436,84748,FOLK FELT HANGING MULTICOL GARLAND,3.75
3437,85189,HANGING BUTTERFLY  EGG,0.85
3438,84745A,PINK HANGING GINGHAM EASTER HEN,0.42
3439,84745B,BLUE HANGING GINGHAM EASTER HEN,0.42
3440,22287,"DECORATION , WOBBLY CHICKEN, METAL ",1.65
3441,85186C,BUNNY EGG GARLAND,0.42
3442,85019C,CURIOUS  IMAGES NOTEBOOK SET,1.25
3443,22168,ORGANISER WOOD ANTIQUE WHITE ,0.0
3444,21117,BLOND DOLL DOORSTOP,6.75
3445,90010B,BLACK/WHITE GLASS/SILVER BRACELET,8.95
3446,90210C,RED   ACRYLIC FACETED BANGLE,2.95
3447,90210A,GREY ACRYLIC FACETED BANGLE,2.95
3448,22760,"TRAY, BREAKFAST IN BED",10.95
3449,21775,DECORATIVE FLORE BATHROOM BOTTLE,1.25
3450,21459,YELLOW EASTER EGG HUNT START POST,1.95
3451,21460,GREEN EASTER EGG HUNT START POST,1.95
3452,85186A,EASTER BUNNY GARLAND OF FLOWERS,0.42
3453,22247,BUNNY DECORATION MAGIC GARDEN,0.85
3454,22449,SILK PURSE BABUSHKA PINK,2.95
3455,22450,SILK PURSE BABUSHKA BLUE,2.95
3456,22451,SILK PURSE BABUSHKA RED,2.95
3457,22618,COOKING SET RETROSPOT,8.49
3458,22759,SET OF 3 NOTEBOOKS IN PARCEL,1.45
3459,21429,RED GINGHAM ROSE JEWELLERY BOX,1.45
3460,22466,FAIRY TALE COTTAGE NIGHTLIGHT,1.65
3461,22491,PACK OF 12 COLOURED PENCILS,0.72
3462,22029,SPACEBOY BIRTHDAY CARD,0.36
3463,22714,CARD BIRTHDAY COWBOY,0.36
3464,22715,CARD WEDDING DAY,0.36
3465,22035,VINTAGE CARAVAN GREETING CARD ,0.36
3466,21976,PACK OF 60 MUSHROOM CAKE CASES,0.42
3467,84992,72 SWEETHEART FAIRY CAKE CASES,0.42
3468,21210,SET OF 72 RETROSPOT PAPER  DOILIES,1.25
3469,22331,WOODLAND PARTY BAG + STICKER SET,1.45
3470,22613,PACK OF 20 SPACEBOY NAPKINS,0.64
3471,22908,PACK OF 20 NAPKINS RED APPLES,0.64
3472,21078,SET/20 STRAWBERRY PAPER NAPKINS ,0.64
3473,21124,SET/10 BLUE POLKADOT PARTY CANDLES,1.06
3474,20718,RED RETROSPOT SHOPPER BAG,1.06
3475,22399,MAGNETS PACK OF 4 CHILDHOOD MEMORY,1.06
3476,22898,CHILDRENS APRON APPLES DESIGN,1.65
3477,22899,CHILDREN'S APRON DOLLY GIRL ,1.85
3478,22367,CHILDRENS APRON SPACEBOY DESIGN,1.65
3479,22897,OVEN MITT APPLES DESIGN,1.25
3480,21669,BLUE STRIPE CERAMIC DRAWER KNOB,1.06
3481,22243,5 HOOK HANGER RED MAGIC TOADSTOOL,1.45
3482,22557,PLASTERS IN TIN VINTAGE PAISLEY ,1.45
3483,22551,PLASTERS IN TIN SPACEBOY,1.45
3484,22554,PLASTERS IN TIN WOODLAND ANIMALS,1.45
3485,85087,CANDY SPOT CUSHION COVER,2.95
3486,90125B,AQUA BERTIE GLASS BEAD BAG CHARM,0.85
3487,22362,GLASS JAR PEACOCK BATH SALTS,2.55
3488,22363,GLASS JAR MARMALADE ,2.55
3489,22361,GLASS JAR DAISY FRESH COTTON WOOL,2.55
3490,85049G,CHOCOLATE BOX RIBBONS ,1.06
3491,21292,SMALL STRIPES CHOCOLATE GIFT BAG ,0.64
3492,22936,BAKING MOULD ROSE WHITE CHOCOLATE,2.75
3493,22933,BAKING MOULD EASTER EGG MILK CHOC,2.55
3494,22967,SET 3 SONG BIRD PAPER EGGS ASSORTED,2.55
3495,22957,SET 3 PAPER VINTAGE CHICK PAPER EGG,2.55
3496,22766,PHOTO FRAME CORNICE,2.55
3497,22896,PEG BAG APPLE DESIGN,2.1
3498,22305,COFFEE MUG PINK PAISLEY DESIGN,2.1
3499,22199,FRYING PAN RED POLKADOT ,4.25
3500,22628,PICNIC BOXES SET OF 3 RETROSPOT ,4.25
3501,20914,SET/5 RED SPOTTY LID GLASS BOWLS,2.55
3502,22838,3 TIER CAKE TIN RED AND CREAM,12.75
3503,22429,ENAMEL MEASURING JUG CREAM,3.75
3504,22483,RED GINGHAM TEDDY BEAR ,2.55
3505,20725,LUNCH BAG RED SPOTTY,1.45
3506,22220,CAKE STAND LOVEBIRD 2 TIER WHITE,8.5
3507,22221,CAKE STAND LOVEBIRD 2 TIER PINK,8.5
3508,21110,LARGE CAKE TOWEL PINK SPOTS,3.35
3509,22957,SET 3 PAPER VINTAGE CHICK PAPER EGG,2.95
3510,21368,MIRRORED WALL ART LADIES,2.55
3511,85131D,BEADED CRYSTAL HEART PINK ON STICK,1.25
3512,85131C,BEADED CRYSTAL HEART BLUE ON STICK,1.25
3513,85131B,BEADED CRYSTAL HEART GREEN ON STICK,1.25
3514,22801,ANTIQUE GLASS PEDESTAL BOWL,3.39
3515,85039A,SET/4 RED MINI ROSE CANDLE IN BOWL,1.45
3516,17174,ASSTD RASTA KEY-CHAINS,0.42
3517,23233,WRAP POPPIES  DESIGN,0.42
3518,22830,UTILTY CABINET WITH HOOKS,10.0
3519,84078A,SET/4 WHITE RETRO STORAGE CUBES ,39.95
3520,22967,SET 3 SONG BIRD PAPER EGGS ASSORTED,2.95
3521,35921,EASTER BUNNY HANGING GARLAND,1.25
3522,85200,BUNNY EGG BOX,1.25
3523,47503A,ASS FLORAL PRINT MULTI SCREWDRIVER,1.25
3524,84231,EASTER BUNNY WITH BASKET ON BACK,0.65
3525,21461,BLUE EASTER EGG HUNT START POST,1.95
3526,84462,3 PINK HEN+CHICKS IN BASKET,1.25
3527,84461,12 PINK HEN+CHICKS IN BASKET,2.55
3528,35922,EASTER BUNNY WREATH,4.95
3529,84675,FROG KING WATERING CAN,2.95
3530,22447,PIN CUSHION BABUSHKA BLUE,3.35
3531,47481,50CM METAL STRING WITH  7 CLIPS,0.85
3532,47469,ASSORTED SHAPES PHOTO CLIP SILVER ,0.65
3533,23232,WRAP VINTAGE PETALS  DESIGN,0.42
3534,84905,PINK BUTTERFLY CUSHION COVER ,4.95
3535,22710,WRAP I LOVE LONDON ,0.34
3536,22900, SET 2 TEA TOWELS I LOVE LONDON ,2.55
3537,84799,SPRIG LAVENDER ARTIFICIAL FLOWER,1.25
3538,84806B,WHITE CANDYSTUFT ARTIFICIAL FLOWER,1.45
3539,21458,2 PICTURE BOOK EGGS EASTER BUNNY,1.25
3540,85188B,PINK METAL SWINGING BUNNY,0.85
3541,85198,ASSORTED FARMYARD ANIMALS IN BUCKET,0.85
3542,84520B,PACK 20 ENGLISH ROSE PAPER NAPKINS,0.64
3543,15044D,RED PAPER PARASOL,2.95
3544,85213,MINI  ZINC GARDEN DECORATIONS ,0.85
3545,22823,CHEST NATURAL WOOD 20 DRAWERS,110.0
3546,22138,BAKING SET 9 PIECE RETROSPOT ,4.25
3547,22060,LARGE CAKE STAND HANGING HEARTS,8.5
3548,37500,TEA TIME TEAPOT IN GIFT BOX,8.49
3549,23166,MEDIUM CERAMIC TOP STORAGE JAR,1.04
3550,85055,FRENCH ENAMEL UTENSIL HOLDER,2.95
3551,20845,ZINC HEART LATTICE 2 WALL PLANTER,6.35
3552,84033,FLAG OF ST GEORGE ,1.65
3553,20893,HANGING BAUBLE T-LIGHT HOLDER SMALL,2.55
3554,18097C,WHITE TALL PORCELAIN T-LIGHT HOLDER,1.95
3555,35095A,BLUE VICTORIAN FABRIC OVAL BOX,0.42
3556,22099,CARAVAN SQUARE TISSUE BOX,1.06
3557,84796B,BLUE SAVANNAH PICNIC HAMPER FOR 2,12.75
3558,M,Manual,0.38
3559,20619,TROPICAL PASSPORT COVER ,2.1
3560,21197,MULTICOLOUR  CONFETTI IN TUBE,0.42
3561,21557,SET OF 6 FUNKY BEAKERS,2.55
3562,22095,LADS ONLY TISSUE BOX,1.06
3563,21561,DINOSAUR LUNCH BOX WITH CUTLERY,2.1
3564,47599A,PINK PARTY BAGS,1.69
3565,22553,PLASTERS IN TIN SKULLS,1.45
3566,22254,FELT TOADSTOOL LARGE,1.06
3567,85049C,ROMANTIC PINKS RIBBONS ,1.06
3568,22972,CHILDREN'S SPACEBOY MUG,1.45
3569,22716,CARD CIRCUS PARADE,0.36
3570,84226,HEN HOUSE W FAMILY IN BARN & NEST,0.85
3571,21926,RED/CREAM STRIPE CUSHION COVER ,1.25
3572,37379A,PINK CHERRY BLOSSOM CUP & SAUCER,1.25
3573,22165,"DIAMANTE HEART SHAPED WALL MIRROR, ",12.75
3574,90214R,"LETTER ""R"" BLING KEY RING",1.25
3575,35920,FOUR RABBIT EASTER DECORATIONS,1.25
3576,84510E,SET OF 4 GREEN CAROUSEL COASTERS,1.25
3577,85125,SMALL ROUND CUT GLASS CANDLESTICK,4.95
3578,84801A,PINK HYDRANGEA ART FLOWER,2.1
3579,20972,PINK CREAM FELT CRAFT TRINKET BOX ,1.06
3580,84592,CROCHET ROSE PURSE WITH SUEDE BACK,2.95
3581,84927D,LA PALMIERA TILE HOOK,2.1
3582,84800S,SMALL WHITE/PINK ROSE ART FLOWER,1.25
3583,79192A,RETRO PLASTIC 70'S TRAY,1.25
3584,21420,OYSTER TRINKET BOX,3.25
3585,M,Manual,2.55
3586,85130C,BEADED CRYSTAL HEART BLUE  LARGE,1.65
3587,21845,DAIRY MAID STRIPE MUG,2.55
3588,22427,ENAMEL FLOWER JUG CREAM,5.45
3589,22430,ENAMEL WATERING CAN CREAM,4.25
3590,22907,PACK OF 20 NAPKINS PANTRY DESIGN,0.64
3591,22274,FELTCRAFT DOLL EMILY,2.55
3592,22744,MAKE YOUR OWN MONSOON CARD KIT,2.55
3593,21715,GIRLS VINTAGE TIN SEASIDE BUCKET,2.1
3594,22965,3 TRADITIONAL COOKIE CUTTERS  SET,1.85
3595,20756,GREEN FERN POCKET BOOK,0.85
3596,82581,TOILET METAL SIGN,0.42
3597,21169,YOU'RE CONFUSING ME METAL SIGN ,1.45
3598,82580,BATHROOM METAL SIGN,0.42
3599,20854,BLUE PATCH PURSE PINK HEART,1.45
3600,22435,SET OF 9 HEART SHAPED BALLOONS,1.06
3601,21371,MIRRORED WALL ART POPPIES,2.55
3602,21937,STRAWBERRY   PICNIC BAG,2.55
3603,21936,RED RETROSPOT PICNIC BAG,2.55
3604,21933,PINK VINTAGE PAISLEY PICNIC BAG,2.55
3605,21452,TOADSTOOL MONEY BOX,2.55
3606,21918,SET 12 KIDS COLOUR  CHALK STICKS,0.36
3607,21917,SET 12 KIDS  WHITE CHALK STICKS,0.36
3608,22964,3 PIECE SPACEBOY COOKIE CUTTER SET,1.85
3609,20717,STRAWBERRY SHOPPER BAG,1.06
3610,22329,ROUND CONTAINER SET OF 5 RETROSPOT,1.45
3611,20751,FUNKY WASHING UP GLOVES ASSORTED,1.69
3612,22984,CARD GINGHAM ROSE ,0.36
3613,21716,BOYS VINTAGE TIN SEASIDE BUCKET,2.1
3614,21249,WOODLAND  HEIGHT CHART STICKERS ,2.55
3615,21095,SET/6 POSIES PAPER PLATES,0.85
3616,22843,BISCUIT TIN VINTAGE GREEN,5.95
3617,22842,BISCUIT TIN VINTAGE RED,5.95
3618,22841,ROUND CAKE TIN VINTAGE GREEN,6.95
3619,22839,3 TIER CAKE TIN GREEN AND CREAM,12.75
3620,22341,LOVE GARLAND PAINTED ZINC ,1.45
3621,22796,PHOTO FRAME 3 CLASSIC HANGING,8.5
3622,72760B,VINTAGE CREAM 3 BASKET CAKE STAND,8.49
3623,22794,SWEETHEART WIRE MAGAZINE RACK,6.75
3624,22829,SWEETHEART WIRE WALL TIDY,8.5
3625,22797,CHEST OF DRAWERS GINGHAM HEART ,14.95
3626,22802,FAUX FUR CHOCOLATE THROW,16.95
3627,22786,CUSHION COVER PINK UNION JACK,4.95
3628,22785,SQUARECUSHION COVER PINK UNION FLAG,5.95
3629,22781,GUMBALL MAGAZINE RACK,6.75
3630,22728,ALARM CLOCK BAKELIKE PINK,3.39
3631,22727,ALARM CLOCK BAKELIKE RED ,3.39
3632,22789,T-LIGHT HOLDER SWEETHEART HANGING,1.65
3633,85062,PEARL CRYSTAL PUMPKIN T-LIGHT HLDR,1.45
3634,72802B,OCEAN SCENT CANDLE IN JEWELLED BOX,3.81
3635,84032A,CHARLIE+LOLA PINK HOT WATER BOTTLE,2.55
3636,22070,SMALL RED RETROSPOT MUG IN BOX ,3.39
3637,22637,PIGGY BANK RETROSPOT ,2.1
3638,84378,SET OF 3 HEART COOKIE CUTTERS,1.06
3639,84375,SET OF 20 KIDS COOKIE CUTTERS,1.85
3640,22973,CHILDREN'S CIRCUS PARADE MUG,1.45
3641,22721,SET OF 3 CAKE TINS SKETCHBOOK,4.25
3642,21069,VINTAGE BILLBOARD TEA MUG,1.06
3643,22929,SCHOOL DESK AND CHAIR ,57.95
3644,22325,MOBILE VINTAGE HEARTS ,4.25
3645,22318,FIVE HEART HANGING DECORATION,2.55
3646,22317,FIVE CATS HANGING DECORATION,2.55
3647,20682,RED RETROSPOT CHILDRENS UMBRELLA,2.75
3648,22844,VINTAGE CREAM DOG FOOD CONTAINER,7.65
3649,M,Manual,10.0
3650,40046A,RED DAISY PAPER LAMPSHADE,1.25
3651,37467,PIG MUG IN TWO COLOUR DESIGNS,0.85
3652,84527,FLAMES SUNGLASSES PINK LENSES,1.95
3653,72799C,PINK PILLAR CANDLE SILVER FLOCK,2.95
3654,22317,FIVE CATS HANGING DECORATION,2.95
3655,85212,MINI PAINTED GARDEN DECORATION ,0.85
3656,71101E,STANDING FAIRY POLE SUPPORT ,0.85
3657,21457,2 PICTURE BOOK EGGS EASTER DUCKS,1.25
3658,90072,RUBY DROP CHANDELIER EARRINGS,3.75
3659,90073,VINTAGE ENAMEL & CRYSTAL EARRINGS,4.95
3660,79191D,RETRO PLASTIC DAISY TRAY,0.85
3661,72134,COLUMBIAN  CUBE CANDLE ,0.85
3662,21456,2 PICTURE BOOK EGGS EASTER CHICKS,1.25
3663,21317,GLASS SPHERE CANDLE STAND MEDIUM,5.45
3664,35647,VINTAGE BEAD PINK SHADE ,1.25
3665,22215,CAKE STAND WHITE TWO TIER LACE,7.65
3666,90214G,"LETTER ""G"" BLING KEY RING",1.25
3667,82551,LAUNDRY 15C METAL SIGN,1.25
3668,21932,SCANDINAVIAN PAISLEY PICNIC BAG,2.55
3669,47570B,TEA TIME TABLE CLOTH,8.49
3670,72819,CUPID DESIGN SCENTED CANDLES,2.1
3671,22938,CUPCAKE LACE PAPER SET 6,1.65
3672,70006,LOVE HEART POCKET WARMER,1.25
3673,22763,KEY CABINET MA CAMPAGNE,8.5
3674,46775D,SUNSET COLOUR CHUNKY KNITTED THROW,16.95
3675,84789,ENCHANTED BIRD PLANT CAGE,2.95
3676,22027,TEA PARTY BIRTHDAY CARD,0.36
3677,21631,HIPPY CHIC DECORATIVE PARASOL,12.75
3678,20795,LARGE BLUE PROVENCAL CERAMIC BALL,2.1
3679,84976,RECTANGULAR SHAPED MIRROR,1.69
3680,84800M,MEDIUM WHITE/PINK ROSE ART FLOWER,1.27
3681,84632,DECORATIVE HANGING SHELVING UNIT,59.95
3682,22257,FELT FARM ANIMAL SHEEP,1.25
3683,90197B,BLACK GLASS BRACELET W HEART CHARMS,4.95
3684,90125C,TURQUOISE BERTIE GLASS BEAD CHARM,0.85
3685,22663,JUMBO BAG DOLLY GIRL DESIGN,1.65
3686,21257,VICTORIAN SEWING BOX MEDIUM,6.95
3687,21407,BROWN CHECK CAT DOORSTOP ,3.75
3688,35913B,WHITE/PINK CHICK EASTER DECORATION,0.85
3689,85202,HANGING WOOD AND FELT HEART,0.42
3690,22146,EASTER CRAFT IVY WREATH WITH CHICK,1.95
3691,21519,GIN & TONIC DIET GREETING CARD ,0.36
3692,22627,MINT KITCHEN SCALES,7.65
3693,85047,WHITE BEADED GARLAND STRING 20LIGHT,6.35
3694,21476,STEEL SWEETHEART ROUND TABLE CREAM,14.95
3695,22183,CAKE STAND VICTORIAN FILIGREE MED,5.95
3696,21988,PACK OF 6 SKULL PAPER PLATES,0.64
3697,16052,TEATIME PUSH DOWN RUBBER,0.42
3698,72815,3 WICK CHRISTMAS BRIAR CANDLE ,3.75
3699,21623,VINTAGE UNION JACK MEMOBOARD,8.5
3700,21617,4 LILY  BOTANICAL DINNER CANDLES,3.25
3701,21588,RETROSPOT GIANT TUBE MATCHES,2.1
3702,22854,CREAM SWEETHEART EGG HOLDER,4.25
3703,84974,S/2 ZINC HEART DESIGN PLANTERS,9.95
3704,22606,WOODEN SKITTLES GARDEN SET,12.75
3705,72821,CUPID SCENTED CANDLE IN GLASS,1.65
3706,22904,CALENDAR PAPER CUT DESIGN,2.55
3707,22246,MAGIC GARDEN FELT GARLAND ,1.95
3708,22091,EMPIRE TISSUE BOX,1.06
3709,M,Manual,4.0
3710,90123D,WHITE HEART OF GLASS BRACELET,5.95
3711,90123A,PINK HEART OF GLASS BRACELET,5.95
3712,90010E,AMBER GLASS/SILVER BRACELET,8.95
3713,90148,LONG SILVER NECKLACE PASTEL FLOWER,12.75
3714,90016B,GOLD/M.O.P PENDANT ORBIT NECKLACE,8.5
3715,90016A,SILVER/M.O.P PENDANT ORBIT NECKLACE,8.5
3716,84847,FLORAL BATHROOM SET,3.75
3717,85188A,GREEN METAL SWINGING BUNNY,0.85
3718,20898,VINTAGE NOTEBOOK TRAVELOGUE,2.95
3719,85141,JARDIN ETCHED GLASS FRUITBOWL,8.95
3720,21316,SMALL CHUNKY GLASS ROMAN  BOWL,2.95
3721,21320,GLASS CHALICE GREEN  LARGE ,2.55
3722,22822,CREAM WALL PLANTER HEART SHAPED,4.95
3723,22089,PAPER BUNTING VINTAGE PAISLEY,2.55
3724,20818,GOLD TEDDY BEAR,3.75
3725,85160B,BLACK BIRD GARDEN DESIGN MUG,1.25
3726,84465,15 PINK FLUFFY CHICKS IN BOX,2.95
3727,20851,ZINC HEART LATTICE TRAY OVAL ,5.95
3728,22881,NUMBER TILE VINTAGE FONT 2,1.95
3729,84715,SET OF 6 ICE CREAM SKITTLES,2.95
3730,84919,BLUE CUSHION COVER WITH FLOWER,6.95
3731,84907,PINK YELLOW PATCH CUSHION COVER,7.65
3732,85024B,EAU DE NILE JEWELLED PHOTOFRAME,1.65
3733,22559,SEASIDE FLYING DISC,1.06
3734,85014B,RED RETROSPOT UMBRELLA,4.95
3735,85014A,BLACK/BLUE POLKADOT UMBRELLA,4.95
3736,22414,DOORMAT NEIGHBOURHOOD WITCH ,6.75
3737,71496B,A4 WALL TIDY RED FLOWERS,0.65
3738,15036,ASSORTED COLOURS SILK FAN,0.53
3739,85146,JARDIN ETCHED GLASS SMALL BELL JAR,5.95
3740,35915C,PEACH KNITTED HEN ,1.65
3741,17028J,INCENSE BAZAAR PEACH,0.42
3742,17084A,TRANQUILITY MASALA INCENSE,0.21
3743,84795C,OCEAN STRIPE HAMMOCK ,7.95
3744,84660A,WHITE STITCHED WALL CLOCK,3.75
3745,21758,VINTAGE SHELLS PRINT,6.45
3746,62074B,ELEPHANT CLIP W SUCTION CUP,0.42
3747,84279B,CHERRY BLOSSOM DECORATIVE FLASK,3.75
3748,21922,UNION STRIPE WITH FRINGE  HAMMOCK,6.95
3749,84795B,SUNSET CHECK HAMMOCK,6.95
3750,16016,LARGE CHINESE STYLE SCISSOR,0.72
3751,85208,SET/12 FUNKY FELT FLOWER PEG IN BAG,1.69
3752,21563,RED HEART SHAPE LOVE BUCKET ,2.55
3753,21564,PINK  HEART SHAPE LOVE BUCKET ,2.55
3754,22817,CARD SUKI BIRTHDAY,0.36
3755,22983,CARD BILLBOARD FONT,0.36
3756,22156,HEART DECORATION WITH PEARLS ,0.72
3757,85230A,OPIUM SCENTED VOTIVE CANDLE,0.29
3758,84801B,WHITE HYDRANGEA ART FLOWER,2.1
3759,84805A,CREAM CLIMBING HYDRANGA ART FLOWER,3.75
3760,84509C,SET OF 4 POLKADOT PLACEMATS ,2.95
3761,47421,ASSORTED COLOUR LIZARD SUCTION HOOK,0.36
3762,47422,ASSORTED MONKEY SUCTION CUP HOOK,0.36
3763,17136A,BLUE STONES ON WIRE FOR CANDLE,0.21
3764,21070,VINTAGE BILLBOARD MUG ,1.06
3765,22151,PLACE SETTING WHITE HEART,0.36
3766,21115,ROSE CARAVAN DOORSTOP,5.95
3767,35923,CANDY HEART HANGING DECORATION,1.25
3768,21818,GLITTER HEART DECORATION,0.85
3769,84712B,PINK JEWELLED PHOTO FRAME,7.95
3770,84708B,PINK JEWELLED PHOTO FRAME ,4.95
3771,22595,GINGHAM HEART DECORATION,0.85
3772,75049L,LARGE CIRCULAR MIRROR MOBILE,0.85
3773,44089A,PINK GAUZE BUTTERFLY LAMPSHADE,0.42
3774,84723,CHERRY BLOSSOM CANVAS ART PICTURE,7.95
3775,22038,BOTANICAL LAVENDER GIFT WRAP ,0.42
3776,84086C,PINK/PURPLE RETRO RADIO,2.95
3777,84429A,MEDIUM PINK BUDDHA HEAD ,2.95
3778,37462E,"PET MUG, GOLDFISH",0.42
3779,22300,COFFEE MUG DOG + BALL DESIGN,2.1
3780,21980,PACK OF 12 RED RETROSPOT TISSUES ,0.25
3781,22713,CARD I LOVE LONDON ,0.36
3782,22985,"WRAP, BILLBOARD FONTS DESIGN",0.34
3783,22698,PINK REGENCY TEACUP AND SAUCER,2.55
3784,21877,HOME SWEET HOME MUG,1.06
3785,22348,TEA BAG PLATE RED RETROSPOT,0.72
3786,22730,ALARM CLOCK BAKELIKE IVORY,3.39
3787,22725,ALARM CLOCK BAKELIKE CHOCOLATE,3.39
3788,22652,TRAVEL SEWING KIT,1.45
3789,21984,PACK OF 12 PINK PAISLEY TISSUES ,0.25
3790,21175,GIN + TONIC DIET METAL SIGN,2.55
3791,21155,RED RETROSPOT PEG BAG,2.55
3792,22894,TABLECLOTH RED APPLES DESIGN ,9.95
3793,82483,WOOD 2 DRAWER CABINET WHITE FINISH,6.95
3794,82486,WOOD S/3 CABINET ANT WHITE FINISH,8.95
3795,21174,POTTERING IN THE SHED METAL SIGN,2.08
3796,90037B,TINY CRYSTAL BRACELET GREEN,2.55
3797,90098,NECKLACE+BRACELET PINK BUTTERFLY,2.55
3798,22103,MIRROR MOSAIC T-LIGHT HOLDER ROUND,1.45
3799,15058C,ICE CREAM DESIGN GARDEN PARASOL,7.95
3800,22989,SET 2 PANTRY DESIGN TEA TOWELS,2.95
3801,84406B,CREAM CUPID HEARTS COAT HANGER,4.15
3802,85036A,GARDENIA 1 WICK MORRIS BOXED CANDLE,3.81
3803,22412,METAL SIGN NEIGHBOURHOOD WITCH ,1.85
3804,44235,ASS COL CIRCLE MOBILE ,0.36
3805,44234,ASSORTED CIRCULAR MOBILE,0.18
3806,21788,KIDS RAIN MAC BLUE,0.65
3807,22541,MINI JIGSAW LEAP FROG,0.42
3808,22563,HAPPY STENCIL CRAFT,1.06
3809,22564,ALPHABET STENCIL CRAFT,1.06
3810,15036,ASSORTED COLOURS SILK FAN,0.65
3811,47566B,TEA TIME PARTY BUNTING,4.95
3812,21035,SET/2 RED RETROSPOT TEA TOWELS ,3.25
3813,85184C,S/4 VALENTINE DECOUPAGE HEART BOX,2.55
3814,22989,SET 2 PANTRY DESIGN TEA TOWELS,3.25
3815,47504H,ENGLISH ROSE SPIRIT LEVEL ,1.25
3816,47566,PARTY BUNTING,4.15
3817,21166,COOK WITH WINE METAL SIGN ,2.08
3818,47566,PARTY BUNTING,4.95
3819,84452,METAL RABBIT LADDER EASTER ,0.85
3820,84997D,PINK 3 PIECE POLKADOT CUTLERY SET,4.15
3821,84997B,RED 3 PIECE RETROSPOT CUTLERY SET,4.15
3822,84997C,BLUE 3 PIECE POLKADOT CUTLERY SET,4.15
3823,84997A,GREEN 3 PIECE POLKADOT CUTLERY SET,4.15
3824,82484,WOOD BLACK BOARD ANT WHITE FINISH,7.95
3825,22353,LUNCH BOX WITH CUTLERY FAIRY CAKES ,2.55
3826,22863,SOAP DISH BROCANTE,2.55
3827,22173,METAL 4 HOOK HANGER FRENCH CHATEAU,2.55
3828,22990,COTTON APRON PANTRY DESIGN,4.95
3829,84568,GIRLS ALPHABET IRON ON PATCHES ,0.21
3830,84598,BOYS ALPHABET IRON ON PATCHES,0.21
3831,84659A,WHITE TRAVEL ALARM CLOCK,2.55
3832,22609,PENS ASSORTED SPACEBALL,0.85
3833,20694,FLORAL PINK MONSTER,3.75
3834,85092,CANDY SPOT TEA COSY,3.35
3835,37413,ICON MUG REVOLUTIONARY,1.25
3836,79321,CHILLI LIGHTS,5.75
3837,35815P,"ACRYLIC JEWEL SNOWFLAKE, PINK",2.1
3838,82484,WOOD BLACK BOARD ANT WHITE FINISH,4.77
3839,22378,WALL TIDY RETROSPOT ,1.85
3840,21228,"POCKET MIRROR ""GLAMOROUS""",1.25
3841,22775,PURPLE DRAWERKNOB ACRYLIC EDWARDIAN,1.06
3842,21080,SET/20 RED RETROSPOT PAPER NAPKINS ,0.72
3843,82552,WASHROOM METAL SIGN,1.25
3844,21175,GIN + TONIC DIET METAL SIGN,2.08
3845,82583,HOT BATHS METAL SIGN,1.85
3846,22662,LUNCH BAG DOLLY GIRL DESIGN,1.45
3847,85232A,SET/3 POLKADOT STACKING TINS,4.25
3848,20902,VINTAGE KEEPSAKE BOX PARIS DAYS,5.55
3849,85232D,SET/3 DECOUPAGE STACKING TINS,4.25
3850,90202B,WHITE ENAMEL FLOWER HAIR TIE,2.95
3851,90202C,GREEN ENAMEL FLOWER HAIR TIE,2.95
3852,90174,BUTTERFLY HAIR BAND,2.55
3853,90039C,FIRE POLISHED GLASS BRACELET BLACK,3.75
3854,90120B,BLUE MURANO TWIST BRACELET,4.25
3855,90122B,JADE CRYSTAL+GLASS BRACELET,4.95
3856,90070,RUBY GLASS CLUSTER BRACELET,5.95
3857,90010A,MIDNIGHT BLUE GLASS/SILVER BRACELET,8.95
3858,75178,ASSTD COL BUTTERFLY/CRYSTAL W/CHIME,1.25
3859,75172,PAINTED SEA SHELL METAL WINDCHIME,3.75
3860,45013,FOLDING SHOE TIDY,2.95
3861,21636,MADRAS NOTEBOOK MEDIUM,2.55
3862,22616,PACK OF 12 LONDON TISSUES ,0.22
3863,21981,PACK OF 12 WOODLAND TISSUES ,0.22
3864,21982,PACK OF 12 SUKI TISSUES ,0.22
3865,21986,PACK OF 12 PINK POLKADOT TISSUES,0.22
3866,21985,PACK OF 12 HEARTS DESIGN TISSUES ,0.22
3867,85177,BASKET OF FLOWERS SEWING KIT,0.64
3868,22651,GENTLEMAN SHIRT REPAIR KIT ,0.72
3869,21878,PACK OF 6 SANDCASTLE FLAGS ASSORTED,0.72
3870,21746,SMALL RED RETROSPOT WINDMILL,1.06
3871,22301,COFFEE MUG CAT + BIRD DESIGN,2.1
3872,84535B,FAIRY CAKES NOTEBOOK A6 SIZE,0.0
3873,71510,SQUARE METAL CANDLEHOLDER BASE,0.85
3874,15056N,EDWARDIAN PARASOL NATURAL,4.95
3875,21641,ASSORTED TUTTI FRUTTI KEYRING BALL,0.85
3876,44265,M/COLOUR POM-POM CURTAIN,4.25
3877,21471,STRAWBERRY RAFFIA FOOD COVER,2.95
3878,22828,REGENCY MIRROR WITH SHUTTERS,145.0
3879,35241,ENAMEL BLUE RIM BISCUIT BIN,4.25
3880,22774,RED DRAWER KNOB ACRYLIC EDWARDIAN,1.06
3881,79323B,BLACK CHERRY LIGHTS,6.75
3882,82484,WOOD BLACK BOARD ANT WHITE FINISH,6.75
3883,82600,NO SINGING METAL SIGN,1.85
3884,20966,SANDWICH BATH SPONGE,1.06
3885,90055,CRACKED GLAZE EARRINGS BROWN,2.55
3886,90064B,BLACK VINTAGE  CRYSTAL EARRINGS,3.75
3887,90011B,BLACK CRYSTAL DROP EARRINGS,2.95
3888,90064A,WHITE VINTAGE CRYSTAL EARRINGS,3.75
3889,90063A,WHITE VINT ART DECO CRYSTAL NECKLAC,8.5
3890,90063B,BLACK VINT ART DEC CRYSTAL NECKLACE,8.5
3891,90029,NEW BAROQUE SMALL NECKLACE BLACK,8.5
3892,22543,MINI JIGSAW BAKE A CAKE ,0.32
3893,84840,SWEETHEART CARRY-ALL BASKET,8.5
3894,44089C,LILAC GAUZE BUTTERFLY LAMPSHADE,0.42
3895,44236,PINK/PURPLE CIRCLE CURTAIN,4.65
3896,22748,POPPY'S PLAYHOUSE KITCHEN,1.85
3897,22926,IVORY GIANT GARDEN THERMOMETER,4.95
3898,22782,SET 3 WICKER STORAGE BASKETS ,21.95
3899,84519A,TOMATO CHARLIE+LOLA COASTER SET,2.55
3900,17003,BROCADE RING PURSE ,0.29
3901,21681,GIANT MEDINA STAMPED METAL BOWL ,9.95
3902,35909B,PINK FLOWERS RABBIT EASTER,2.95
3903,90180B,PURPLE AMETHYST NECKLACE W TASSEL,9.95
3904,90152C,BLUE/NAT SHELL NECKLACE W PENDANT,5.95
3905,90152A,SILVER/NAT SHELL NECKLACE W PENDANT,5.95
3906,90018A,SILVER M.O.P ORBIT DROP EARRINGS,4.25
3907,90023,FILIGREE DIAMANTE EARRINGS,4.25
3908,90192,JADE DROP EARRINGS W FILIGREE,4.95
3909,21422,PORCELAIN ROSE SMALL,0.72
3910,21421,PORCELAIN ROSE LARGE ,1.06
3911,84880,WHITE WIRE EGG HOLDER,7.5
3912,21287,SCENTED VELVET LOUNGE CANDLE ,0.38
3913,23231,WRAP DOILEY DESIGN,0.34
3914,23230,WRAP ALPHABET DESIGN,0.34
3915,22989,SET 2 PANTRY DESIGN TEA TOWELS,2.75
3916,22990,COTTON APRON PANTRY DESIGN,4.25
3917,22907,PACK OF 20 NAPKINS PANTRY DESIGN,0.72
3918,22613,PACK OF 20 SPACEBOY NAPKINS,0.72
3919,22631,CIRCUS PARADE LUNCH BOX ,1.65
3920,22556,PLASTERS IN TIN CIRCUS PARADE ,1.45
3921,21164,HOME SWEET HOME METAL SIGN ,2.55
3922,20973,12 PENCIL SMALL TUBE WOODLAND,0.55
3923,21058,PARTY INVITES WOODLAND,0.72
3924,21195,PINK  HONEYCOMB PAPER BALL ,1.69
3925,21191,LARGE WHITE HONEYCOMB PAPER BELL  ,1.69
3926,21192,WHITE BELL HONEYCOMB PAPER ,1.45
3927,84663A,GRASS HOPPER WOODEN WALL CLOCK ,5.95
3928,22883,NUMBER TILE VINTAGE FONT 4,1.95
3929,22885,NUMBER TILE VINTAGE FONT 6 ,1.95
3930,22780,LIGHT GARLAND BUTTERFILES PINK,3.75
3931,85180A,RED HEARTS LIGHT CHAIN ,3.81
3932,20931,BLUE POT PLANT CANDLE ,2.95
3933,22461,SAVOY ART DECO CLOCK,10.95
3934,35637A,IVORY STRING CURTAIN WITH POLE ,5.95
3935,85163B,BLACK BAROQUE WALL CLOCK ,10.95
3936,21673,WHITE SPOT BLUE CERAMIC DRAWER KNOB,1.06
3937,84661C,PINK SQUARE TABLE CLOCK,2.55
3938,84857C,PINK MONTE CARLO HANDBAG,8.5
3939,84859C,PINK DISCO HANDBAG,5.95
3940,22747,POPPY'S PLAYHOUSE BATHROOM,1.85
3941,22745,POPPY'S PLAYHOUSE BEDROOM ,1.85
3942,22746,POPPY'S PLAYHOUSE LIVINGROOM ,1.85
3943,21785,RAIN PONCHO ,0.65
3944,20803,SMALL PINK GLASS SUNDAE DISH,1.65
3945,21756,BATH BUILDING BLOCK WORD,5.45
3946,23232,WRAP VINTAGE PETALS  DESIGN,0.34
3947,79160,HEART SHAPE WIRELESS DOORBELL,1.69
3948,M,Manual,3.75
3949,22335,HEART DECORATION PAINTED ZINC ,0.55
3950,22597,MUSICAL ZINC HEART DECORATION ,0.85
3951,22602,RETROSPOT WOODEN HEART DECORATION,0.85
3952,22185,SLATE TILE NATURAL HANGING,1.45
3953,22192,BLUE DINER WALL CLOCK,7.65
3954,18007,ESSENTIAL BALM 3.5g TIN IN ENVELOPE,0.06
3955,48138,DOORMAT UNION FLAG,7.65
3956,79406,FROSTED WHITE BASE ,0.22
3957,22289,HANGING METAL CHICKEN DECORATION,1.25
3958,22980,PANTRY SCRUBBING BRUSH,1.65
3959,21811,HANGING HEART WITH BELL,1.25
3960,22993,SET OF 4 PANTRY JELLY MOULDS,1.25
3961,21556,CERAMIC STRAWBERRY MONEY BOX,2.25
3962,23006,TRAVEL CARD WALLET FLOWER MEADOW,0.42
3963,23004,TRAVEL CARD WALLET PANTRY,0.42
3964,23002,TRAVEL CARD WALLET SKULLS,0.42
3965,23003,TRAVEL CARD WALLET VINTAGE ROSE ,0.42
3966,23000,TRAVEL CARD WALLET TRANSPORT,0.42
3967,22994,TRAVEL CARD WALLET RETROSPOT,0.42
3968,22998,TRAVEL CARD WALLET KEEP CALM,0.42
3969,21633,SUNFLOWER DECORATIVE PARASOL,12.75
3970,22991,GIRAFFE WOODEN RULER,1.95
3971,22992,REVOLVER WOODEN RULER ,1.95
3972,21672,WHITE SPOT RED CERAMIC DRAWER KNOB,1.06
3973,21671,RED SPOT CERAMIC DRAWER KNOB,1.06
3974,21670,BLUE SPOT CERAMIC DRAWER KNOB,1.06
3975,21898,POTTING SHED ROSE CANDLE,2.95
3976,22805,BLUE DRAWER KNOB ACRYLIC EDWARDIAN,1.06
3977,22772,PINK DRAWER KNOB ACRYLIC EDWARDIAN,1.06
3978,22771,CLEAR DRAWER KNOB ACRYLIC EDWARDIAN,1.06
3979,82582,AREA PATROLLED METAL SIGN,1.85
3980,21905,MORE BUTTER METAL SIGN ,1.85
3981,21174,POTTERING IN THE SHED METAL SIGN,1.85
3982,82599,FANNY'S REST STOPMETAL SIGN,1.69
3983,22674,FRENCH TOILET SIGN BLUE METAL,1.06
3984,84406B,CREAM CUPID HEARTS COAT HANGER,3.75
3985,77101A,UNION FLAG WINDSOCK,1.06
3986,37413,ICON MUG REVOLUTIONARY,0.39
3987,79063D,"RETRO PILL BOX , REVOLUTIONARY",0.18
3988,22191,IVORY DINER WALL CLOCK,7.65
3989,22993,SET OF 4 PANTRY JELLY MOULDS,1.06
3990,22937,BAKING MOULD CHOCOLATE CUPCAKES,2.1
3991,23003,TRAVEL CARD WALLET VINTAGE ROSE ,0.36
3992,22999,TRAVEL CARD WALLET RETRO PETALS,0.36
3993,22998,TRAVEL CARD WALLET KEEP CALM,0.36
3994,22995,TRAVEL CARD WALLET SUKI,0.36
3995,22996,TRAVEL CARD WALLET VINTAGE TICKET,0.36
3996,22691,DOORMAT WELCOME SUNRISE,6.75
3997,22978,PANTRY ROLLING PIN,3.75
3998,22997,TRAVEL CARD WALLET UNION JACK,0.42
3999,23005,TRAVEL CARD WALLET I LOVE LONDON,0.42
4000,22996,TRAVEL CARD WALLET VINTAGE TICKET,0.42
4001,22995,TRAVEL CARD WALLET SUKI,0.42
4002,22999,TRAVEL CARD WALLET RETRO PETALS,0.42
4003,79062D,"RETRO TIN ASHTRAY,REVOLUTIONARY",0.65
4004,20837,FRENCH FLORAL CUSHION COVER ,2.95
4005,47341A,FUSCHIA TABLE RUN FLOWER ,3.75
4006,22120,WELCOME  WOODEN BLOCK LETTERS,8.5
4007,22845,VINTAGE CREAM CAT FOOD CONTAINER,5.55
4008,22190,LOCAL CAFE MUG,1.85
4009,84926E,FLOWERS TILE COASTER,1.25
4010,22351,DOTCOMGIFTSHOP TEA TOWEL,1.65
4011,84997C,CHILDRENS CUTLERY POLKADOT BLUE,4.15
4012,84997D,CHILDRENS CUTLERY POLKADOT PINK,4.15
4013,79331,PINK FLOCK GLASS CANDLEHOLDER,1.65
4014,85092,CANDY SPOT TEA COSY,1.25
4015,84306,S/3 PINK SQUARE PLANTERS ROSES,10.95
4016,22223,CAKE PLATE LOVEBIRD PINK,4.25
4017,44092C,PURPLE/COPPER HANGING LAMPSHADE,0.85
4018,44092B,BLUE WHITE PLASTIC RINGS LAMPSHADE,0.85
4019,90018B,GOLD M.O.P ORBIT DROP EARRINGS,4.25
4020,90065A,WHITE VINTAGE CRYSTAL BRACELET,6.75
4021,90191,SILVER LARIAT 40CM,12.75
4022,90024F,NEW BAROQUE B'FLY NECKLACE CRYSTAL,8.5
4023,90026D,GLASS BEAD HOOP NECKLACE AMETHYST,8.5
4024,90143,SILVER BRACELET W PASTEL FLOWER,7.5
4025,90024C,NEW BAROQUE B'FLY NECKLACE GREEN,8.5
4026,90000B,MIDNIGHT BLUE COPPER FLOWER NECKLAC,5.95
4027,90000D,COPPER/OLIVE GREEN FLOWER NECKLACE,5.95
4028,90000A,RASPBERRY ANT COPPER FLOWER NECKLAC,5.95
4029,90026C,GLASS BEAD HOOP NECKLACE GREEN,8.5
4030,90026B,GLASS BEAD HOOP NECKLACE MONTANA,8.5
4031,20705,MRS ROBOT SOFT TOY,6.95
4032,20704,MR ROBOT SOFT TOY,6.95
4033,35638A,PINK AND BLACK STRING CURTAIN,5.95
4034,22488,NATURAL SLATE RECTANGLE CHALKBOARD,1.45
4035,21749,LARGE RED RETROSPOT WINDMILL,1.85
4036,21975,PACK OF 60 DINOSAUR CAKE CASES,0.42
4037,21390,FILIGRIS HEART WITH BUTTERFLY,1.06
4038,22131,FOOD CONTAINER SET 3 LOVE HEART ,1.65
4039,85194L,HANGING SPRING FLOWER EGG LARGE,0.72
4040,20979,36 PENCILS TUBE RED RETROSPOT,1.06
4041,21035,SET/2 RED RETROSPOT TEA TOWELS ,2.75
4042,21684,SMALL MEDINA STAMPED METAL BOWL ,0.64
4043,21947,SET OF 6 HEART CHOPSTICKS,1.06
4044,22480,RED TEA TOWEL CLASSIC DESIGN,1.06
4045,22482,BLUE TEA TOWEL CLASSIC DESIGN,1.06
4046,22754,SMALL RED BABUSHKA NOTEBOOK ,0.72
4047,22755,SMALL PURPLE BABUSHKA NOTEBOOK ,0.72
4048,22757,LARGE RED BABUSHKA NOTEBOOK ,1.06
4049,22819,"BIRTHDAY CARD, RETRO SPOT",0.36
4050,22908,PACK OF 20 NAPKINS RED APPLES,0.72
4051,22292,HANGING CHICK  YELLOW DECORATION,1.25
4052,84970L,SINGLE HEART ZINC T-LIGHT HOLDER,0.79
4053,35961,FOLKART ZINC HEART CHRISTMAS DEC,0.72
4054,21209,MULTICOLOUR HONEYCOMB FAN,1.45
4055,21208,PASTEL COLOUR HONEYCOMB FAN,1.45
4056,22832,BROCANTE SHELF WITH HOOKS,9.95
4057,22026,BANQUET BIRTHDAY  CARD  ,0.36
4058,22814,CARD PARTY GAMES ,0.36
4059,22334,DINOSAUR PARTY BAG + STICKER SET,1.45
4060,22332,SKULLS PARTY BAG + STICKER SET,1.45
4061,22743,MAKE YOUR OWN FLOWERPOWER CARD KIT,2.55
4062,22653,BUTTON BOX ,1.65
4063,21987,PACK OF 6 SKULL PAPER CUPS,0.53
4064,21989,PACK OF 20 SKULL PAPER NAPKINS,0.72
4065,22437,SET OF 9 BLACK SKULL BALLOONS,0.72
4066,22992,REVOLVER WOODEN RULER ,1.65
4067,22895,SET OF 2 TEA TOWELS APPLE AND PEARS,2.55
4068,84987,SET OF 36 TEATIME PAPER DOILIES,1.25
4069,84691,PACK 20 DOLLY PEGS,0.72
4070,84796B,BLUE SAVANNAH PICNIC HAMPER FOR 2,10.95
4071,22892,SET OF SALT AND PEPPER TOADSTOOLS,1.06
4072,22991,GIRAFFE WOODEN RULER,1.65
4073,M,Manual,320.69
4074,21112,SWISS ROLL TOWEL PINK  SPOTS,2.95
4075,90057,DIAMANTE RING ASSORTED IN BOX.,3.39
4076,22053,EMPIRE DESIGN ROSETTE,0.82
4077,22383,LUNCH BAG SUKI DESIGN ,1.65
4078,84997B,CHILDRENS CUTLERY RETROSPOT RED ,4.15
4079,84997A,CHILDRENS CUTLERY POLKADOT GREEN ,4.15
4080,22380,TOY TIDY SPACEBOY  ,1.85
4081,22664,TOY TIDY DOLLY GIRL DESIGN,1.85
4082,17012B,ORIGAMI JASMINE INCENSE/CANDLE SET,0.85
4083,90209C,PINK ENAMEL+GLASS HAIR COMB,1.75
4084,90209B,GREEN ENAMEL+GLASS HAIR COMB,1.75
4085,22268,EASTER DECORATION SITTING BUNNY,0.72
4086,22267,EASTER DECORATION EGG BUNNY ,1.06
4087,82486,WOOD S/3 CABINET ANT WHITE FINISH,8.15
4088,21873,IF YOU CAN'T STAND THE HEAT MUG,1.06
4089,20828,GLITTER BUTTERFLY CLIPS,2.1
4090,84876B,GREEN HEART COMPACT MIRROR,1.25
4091,46776B,WOVEN BERRIES CUSHION COVER ,4.95
4092,22980,PANTRY SCRUBBING BRUSH,1.45
4093,22815,CARD PSYCHEDELIC APPLES,0.36
4094,84997A,CHILDRENS CUTLERY POLKADOT GREEN ,3.75
4095,22270,HAPPY EASTER HANGING DECORATION,3.39
4096,16235,RECYCLED PENCIL WITH RABBIT ERASER,0.16
4097,22416,SET OF 36 DOILIES SPACEBOY DESIGN ,1.25
4098,84997D,CHILDRENS CUTLERY POLKADOT PINK,3.75
4099,22216,T-LIGHT HOLDER WHITE LACE,0.85
4100,21414,SCALLOP SHELL SOAP DISH,2.1
4101,82095,HEART BUTTONS JEWELLERY BOX,7.65
4102,35637C,PINK STRING CURTAIN WITH POLE,5.95
4103,21207,SKULL AND CROSSBONES  GARLAND ,1.45
4104,84509A,SET OF 4 ENGLISH ROSE PLACEMATS,2.95
4105,84466,TOP SECRET PEN SET,1.25
4106,90214A,"LETTER ""A"" BLING KEY RING",1.25
4107,90100,NECKLACE+BRACELET SET PINK DAISY,2.55
4108,90096,NECKLACE+BRACELET SET BLUE BLOSSOM,2.55
4109,21087,SET/6 POSIES PAPER CUPS,0.65
4110,22702,BLACK AND WHITE CAT BOWL,0.85
4111,21112,SWISS ROLL TOWEL PINK  SPOTS,1.25
4112,20679,EDWARDIAN PARASOL RED,4.6
4113,21928,JUMBO BAG SCANDINAVIAN BLUE PAISLEY,1.95
4114,10135,COLOURING PENCILS BROWN TUBE,1.06
4115,84356,POMPOM CURTAIN,5.95
4116,84819,DANISH ROSE ROUND SEWING BOX,3.39
4117,84809B,PINK CHRYSANTHEMUMS ART FLOWER,2.1
4118,21166,COOK WITH WINE METAL SIGN ,1.85
4119,21418,STARFISH SOAP DISH,2.55
4120,84858C,PINK RIVIERA HANDBAG,5.95
4121,22183,CAKE STAND VICTORIAN FILIGREE MED,3.0
4122,72140E,BEST DAD CANDLE LETTERS,0.85
4123,10080,GROOVY CACTUS INFLATABLE,0.85
4124,22886,NUMBER TILE VINTAGE FONT 7,1.95
4125,22888,NUMBER TILE VINTAGE FONT 9 ,1.95
4126,22879,NUMBER TILE VINTAGE FONT 0,1.95
4127,72134,COLUMBIAN  CUBE CANDLE ,0.42
4128,17001,HEAVENS SCENT FRAGRANCE OILS ASSTD,0.29
4129,71050,SMALL SINGLE FLAME CANDLE HOLDER,0.35
4130,17014A,ORIGAMI VANILLA INCENSE CONES,0.42
4131,22053,EMPIRE DESIGN ROSETTE,1.06
4132,35916C,PINK FELT HANGING HEART W FLOWER,0.85
4133,22395,PAPERWEIGHT VINTAGE PAISLEY,2.55
4134,84687,BEACH HUT SHELF W 3 DRAWERS,5.95
4135,79051A,SMOKEY GREY COLOUR D.O.F. GLASS,0.53
4136,40001,WHITE BAMBOO RIBS LAMPSHADE,0.64
4137,46118,FUNKY MONKEY CUSHION COVER,0.85
4138,84802B,PURPLE ANEMONE ARTIFICIAL FLOWER,1.69
4139,84803B,WHITE ALLIUM  ARTIFICIAL FLOWER,1.69
4140,84798A,PINK FOXGLOVE ARTIIFCIAL FLOWER,2.55
4141,84766,SILVER ROCOCO CANDLE STICK,5.95
4142,M,Manual,376.5
4143,M,Manual,280.05
4144,M,Manual,183.75
4145,M,Manual,275.6
4146,21293,MIRRORED DOVE WALL DECORATION,2.1
4147,23182,TOILET SIGN OCCUPIED OR VACANT,0.83
4148,20796,SMALL BLUE PROVENCAL CERAMIC BALL,1.65
4149,22979,PANTRY WASHING UP BRUSH,1.45
4150,22119,PEACE WOODEN BLOCK LETTERS,6.35
4151,23177,TREASURE ISLAND BOOK BOX,2.25
4152,23193,BUFFALO BILL TREASURE BOOK BOX,2.25
4153,23194,GYMKHANNA TREASURE BOOK BOX,2.25
4154,23176,ABC TREASURE BOOK BOX ,2.25
4155,22982,PANTRY PASTRY BRUSH,1.25
4156,82484,WOOD BLACK BOARD ANT WHITE FINISH,7.9
4157,23126,DOLLCRAFT GIRL AMELIE KIT,4.95
4158,23127,DOLLCRAFT GIRL NICOLE,4.95
4159,16020C,CLEAR STATIONERY BOX SET ,0.85
4160,21621,VINTAGE UNION JACK BUNTING,6.98
4161,22978,PANTRY ROLLING PIN,3.39
4162,22539,MINI JIGSAW DOLLY GIRL,0.36
4163,22708,WRAP DOLLY GIRL,0.34
4164,84997B,CHILDRENS CUTLERY RETROSPOT RED ,3.75
4165,22046,TEA PARTY  WRAPPING PAPER ,0.34
4166,22615,PACK OF 12 CIRCUS PARADE TISSUES ,0.25
4167,21981,PACK OF 12 WOODLAND TISSUES ,0.25
4168,22093,MOTORING TISSUE BOX,1.06
4169,22045,SPACEBOY GIFT WRAP,0.34
4170,22541,MINI JIGSAW LEAP FROG,0.36
4171,22540,MINI JIGSAW CIRCUS PARADE ,0.36
4172,22272,FELTCRAFT DOLL MARIA,2.55
4173,21320,GLASS CHALICE GREEN  LARGE ,2.1
4174,22800,ANTIQUE TALL SWIRLGLASS TRINKET POT,3.39
4175,23127,FELTCRAFT GIRL NICOLE KIT,4.95
4176,46776C,WOVEN FROST CUSHION COVER,4.95
4177,23128,FELTCRAFT BOY JEAN-PAUL KIT,4.95
4178,23126,FELTCRAFT GIRL AMELIE KIT,4.95
4179,23194,GYMKHANA TREASURE BOOK BOX,2.25
4180,15058C,ICE CREAM DESIGN GARDEN PARASOL,3.95
4181,23183,MOTHER'S KITCHEN SPOON REST ,3.75
4182,23179,CLOCK MAGNET MUM'S KITCHEN,2.89
4183,23178,JAM CLOCK MAGNET,2.89
4184,22981,PANTRY APPLE CORER,1.45
4185,90166,PINK & WHITE ROSEBUD RING,4.25
4186,15044D,RED PAPER PARASOL,2.55
4187,15044B,BLUE PAPER PARASOL ,2.55
4188,15044A,PINK PAPER PARASOL ,2.55
4189,15044C,PURPLE PAPER PARASOL,2.55
4190,20754,RETROSPOT RED WASHING UP GLOVES,1.69
4191,21039,RED RETROSPOT SHOPPING BAG,2.1
4192,37423,WHITE WITH BLACK CATS PLATE,0.85
4193,23180,MUM'S KITCHEN CLOCK,4.95
4194,21634,ASSORTED MINI MADRAS NOTEBOOK,1.25
4195,90141C,TURQ PENDANT TRIPLE SHELL NECKLACE,4.95
4196,90141A,GREEN PENDANT TRIPLE SHELL NECKLACE,4.95
4197,90183C,BLACK DROP EARRINGS W LONG BEADS,2.95
4198,90124B,BLUE MURANO TWIST NECKLACE,9.95
4199,22440,BALLOON WATER BOMB PACK OF 35,0.36
4200,23194,GYMKHANNA TREASURE BOOK BOX,2.08
4201,23193,BUFFALO BILL TREASURE BOOK BOX,2.08
4202,23049,RECYCLED ACAPULCO MAT RED,8.25
4203,23053,RECYCLED ACAPULCO MAT PINK,8.25
4204,23054,RECYCLED ACAPULCO MAT LAVENDER,8.25
4205,23050,RECYCLED ACAPULCO MAT GREEN,8.25
4206,23052,RECYCLED ACAPULCO MAT TURQUOISE,8.25
4207,23051,RECYCLED ACAPULCO MAT BLUE,8.25
4208,79026B,"S/4 ICON COASTER,ELVIS LIVES",1.25
4209,23128,DOLLCRAFT BOY JEAN-PAUL ,4.95
4210,23185,FRENCH STYLE STORAGE JAR JAM,1.25
4211,23184,BULL DOG BOTTLE OPENER,4.95
4212,21713,CITRONELLA CANDLE FLOWERPOT,1.85
4213,21793,CLASSIC FRENCH STYLE BASKET BROWN,5.95
4214,90084,PINK CRYSTAL GUITAR PHONE CHARM,0.85
4215,35607B,BLACK FEATHER CHRISTMAS DECORATION,0.19
4216,21172,PARTY METAL SIGN ,1.25
4217,22826,LOVE SEAT ANTIQUE WHITE METAL,195.0
4218,84798B,PURPLE FOXGLOVE ARTIIFCIAL FLOWER,2.55
4219,22824,3 TIER SWEETHEART GARDEN SHELF,32.95
4220,22979,PANTRY WASHING UP BRUSH,1.25
4221,22982,PANTRY PASTRY BRUSH,1.06
4222,90040C,MURANO STYLE GLASS BRACELET GOLD,3.5
4223,90038B,GLASS AND PAINTED BEADS BRACELET OL,3.75
4224,90038C,GLASS AND BEADS BRACELET IVORY,3.75
4225,90214P,"LETTER ""P"" BLING KEY RING",1.25
4226,21369,MIRRORED WALL ART SPLODGES,3.75
4227,35916A,YELLOW FELT HANGING HEART W FLOWER,0.85
4228,21928,JUMBO BAG SCANDINAVIAN BLUE PAISLEY,1.65
4229,84596F,SMALL MARSHMALLOWS PINK BOWL,0.42
4230,84596L,BISCUITS SMALL BOWL LIGHT BLUE,0.42
4231,84596E,SMALL LICORICE DES PINK BOWL,0.42
4232,62096B,PURPLE/TURQ FLOWERS HANDBAG,1.25
4233,M,Manual,45.0
4234,21504,SKULLS GREETING CARD,0.36
4235,84593,CROCHET ROSE DES CLOTHES HANGER,2.95
4236,16248B,BLUE HOLE PUNCH,1.25
4237,21841,BABY MOUSE RED GINGHAM DRESS,4.25
4238,84313C,ORANGE TV TRAY TABLE ,1.95
4239,84313B,BLUE TV TRAY TABLE ,1.95
4240,22394,PAPERWEIGHT KINGS CHOICE ,2.55
4241,84531A,PINK KNITTED EGG COSY,0.39
4242,84531B,BLUE KNITTED EGG COSY,0.39
4243,21043,APRON MODERN VINTAGE COTTON,1.95
4244,21038,SET/4 MODERN VINTAGE COTTON NAPKINS,0.79
4245,21040,MODERN VINTAGE COTTON SHOPPING BAG,0.79
4246,17136A,BLUE STONES ON WIRE FOR CANDLE,0.08
4247,23181,BULL DOG BOTTLE TOP WALL CLOCK,8.25
4248,21981,PACK OF 12 WOODLAND TISSUES ,0.21
4249,22616,PACK OF 12 LONDON TISSUES ,0.21
4250,20802,SMALL GLASS SUNDAE DISH CLEAR,1.45
4251,22799,SWEETHEART WIRE FRUIT BOWL,7.65
4252,23187,FRENCH STYLE STORAGE JAR BONBONS,1.25
4253,35911A,MULTICOLOUR RABBIT EGG WARMER,0.85
4254,72799F,IVORY PILLAR CANDLE GOLD FLOCK,2.55
4255,37444C,PINK BREAKFAST CUP AND SAUCER ,0.39
4256,37444A,YELLOW BREAKFAST CUP AND SAUCER,0.39
4257,M,Manual,2.1
4258,23126,DOLLCRAFT GIRL AMELIE,4.95
4259,21397,BLUE POLKADOT EGG CUP ,0.39
4260,37423,WHITE WITH BLACK CATS PLATE,0.39
4261,72128,COLUMBIAN CANDLE ROUND,0.64
4262,23186,FRENCH STYLE STORAGE JAR CAFE ,1.25
4263,M,Manual,7.95
4264,21260,FIRST AID TIN,3.4
4265,22764,"RUSTIC WOODEN CABINET, GLASS DOORS",24.95
4266,84596B,SMALL DOLLY MIX DESIGN ORANGE BOWL,0.42
4267,84596G,SMALL CHOCOLATES PINK BOWL,0.42
4268,84086B,YELLOW/BLUE RETRO RADIO,2.95
4269,47593A,CAROUSEL PONIES BABY BIB,0.29
4270,47593B,SCOTTIE DOGS BABY BIB,0.39
4271,79063C,"RETRO PILL BOX KEY CHAIN,THE KING",0.19
4272,37479B,CUBIC MUG FLOCK BLUE ON BROWN,0.39
4273,23181,BULL DOG BOTTLE TOP WALL CLOCK,7.5
4274,37343,POLKADOT MUG PINK ,0.39
4275,37342,POLKADOT COFFEE CUP & SAUCER PINK,0.79
4276,23009,I LOVE LONDON BABY GIFT SET,14.95
4277,23007, SPACEBOY BABY GIFT SET,14.95
4278,23008,DOLLY GIRL BABY GIFT SET,14.95
4279,85088,CANDY SPOT HAND BAG,2.1
4280,85093,CANDY SPOT EGG WARMER HARE,0.39
4281,22742,MAKE YOUR OWN PLAYTIME CARD KIT,2.55
4282,20974,12 PENCILS SMALL TUBE SKULL,0.55
4283,20975,12 PENCILS SMALL TUBE RED RETROSPOT,0.55
4284,21380,WOODEN HAPPY BIRTHDAY GARLAND,2.55
4285,22432,WATERING CAN PINK BUNNY,1.65
4286,22433,WATERING CAN GREEN DINOSAUR,1.65
4287,22431,WATERING CAN BLUE ELEPHANT,1.65
4288,21112,SWISS ROLL TOWEL PINK  SPOTS,2.55
4289,23010,CIRCUS PARADE BABY GIFT SET,14.95
4290,20653,CHERRY BLOSSOM LUGGAGE TAG,1.25
4291,22066,LOVE HEART TRINKET POT,0.39
4292,23007, SPACEBOY BABY GIFT SET,16.95
4293,23008,DOLLY GIRL BABY GIFT SET,16.95
4294,23009,I LOVE LONDON BABY GIFT SET,16.95
4295,21398,RED POLKADOT COFFEE  MUG,0.39
4296,84535A,ENGLISH ROSE NOTEBOOK A6 SIZE,0.65
4297,21392,RED POLKADOT PUDDING BOWL,0.39
4298,21399,BLUE POLKADOT COFFEE MUG,0.39
4299,23010,CIRCUS PARADE BABY GIFT SET,16.95
4300,M,Manual,1687.17
4301,21116,OWL DOORSTOP,4.25
4302,22241,GARLAND WOODEN HAPPY EASTER,1.06
4303,16202A,PASTEL PINK PHOTO ALBUM ,0.5
4304,37500,TEA TIME TEAPOT IN GIFT BOX,4.95
4305,37482P,CUBIC MUG PINK POLKADOT,0.39
4306,84596J,MIXED NUTS LIGHT GREEN BOWL,0.42
4307,21403,BLUE EGG  SPOON,0.12
4308,21402,RED  EGG  SPOON,0.12
4309,85094,CANDY SPOT EGG WARMER RABBIT,0.19
4310,M,Manual,2.0
4311,84563A,PINK & WHITE BREAKFAST TRAY,2.95
4312,84563B,BLUE & WHITE BREAKFAST TRAY,2.95
4313,22989,SET 2 PANTRY DESIGN TEA TOWELS,2.55
4314,21136,PAINTED METAL PEARS ASSORTED,1.45
4315,22168,ORGANISER WOOD ANTIQUE WHITE ,7.65
4316,22371,AIRLINE BAG VINTAGE TOKYO 78,3.95
4317,22656,VINTAGE BLUE KITCHEN CABINET,295.0
4318,22062,CERAMIC BOWL WITH LOVE HEART DESIGN,0.83
4319,84842,HELLO SAILOR BATHROOM SET,3.75
4320,17129F,BLUE GLASS GEMS IN BAG,0.64
4321,16156S,WRAP PINK FAIRY CAKES ,0.34
4322,21401,BLUE PUDDING SPOON,0.12
4323,21394,RED POLKADOT BEAKER ,0.39
4324,84227,HEN HOUSE W CHICK IN NEST,0.42
4325,85027L,FRENCH CHATEAU LARGE PLATTER ,1.95
4326,22060,LARGE CAKE STAND HANGING HEARTS,3.95
4327,51020A,SUMMER FUN DESIGN SHOWER CAP,0.29
4328,51020B,STRIPY DESIGN SHOWER CAP,0.29
4329,16161G,WRAP BAD HAIR DAY,0.1
4330,22428,ENAMEL FIRE BUCKET CREAM,6.35
4331,35809A,ENAMEL PINK TEA CONTAINER,0.83
4332,35810B,ENAMEL BLUE RIM COFFEE CONTAINER,0.83
4333,35810A,ENAMEL PINK COFFEE CONTAINER,0.83
4334,85159A,"BLACK TEA,COFFEE,SUGAR JARS",1.95
4335,22123,PING MICROWAVE APRON,1.95
4336,90201B,BLACK ENAMEL FLOWER RING,2.95
4337,22072,RED RETROSPOT TEA CUP AND SAUCER ,3.39
4338,22933,BAKING MOULD EASTER EGG MILK CHOC,2.1
4339,22740,POLKADOT PEN,0.72
4340,17003,BROCADE RING PURSE ,0.25
4341,85152,HAND OVER THE CHOCOLATE   SIGN ,1.85
4342,22717,CARD DOG AND BALL ,0.36
4343,23182,TOILET SIGN OCCUPIED OR VACANT,0.72
4344,85187,S/12 MINI RABBIT EASTER,1.45
4345,85053,FRENCH ENAMEL CANDLEHOLDER,1.69
4346,85161,ACRYLIC GEOMETRIC LAMP,18.95
4347,21206,STRAWBERRY HONEYCOMB  GARLAND ,1.45
4348,22468,BABUSHKA LIGHTS STRING OF 10,5.95
4349,22626,BLACK KITCHEN SCALES,7.65
4350,21078,SET/20 STRAWBERRY PAPER NAPKINS ,0.72
4351,16259,PIECE OF CAMO STATIONERY SET,0.21
4352,47013A,WINE BOTTLE DRESSING LT.BLUE,0.29
4353,M,Manual,2.5
4354,22423,REGENCY CAKESTAND 3 TIER,4.0
4355,21033,JUMBO BAG CHARLIE AND LOLA TOYS,1.65
4356,23184,BULL DOG BOTTLE OPENER,4.15
4357,85160B,BLACK BIRD GARDEN DESIGN MUG,0.39
4358,37479P,CUBIC MUG FLOCK PINK ON BROWN,0.39
4359,37333,"RETRO ""TEA FOR ONE"" ",1.95
4360,85036B,CHOCOLATE 1 WICK MORRIS BOX CANDLE,3.81
4361,47367B,PAIR PADDED HANGERS PINK CHECK,2.95
4362,22171,3 HOOK PHOTO SHELF ANTIQUE WHITE,6.95
4363,20785,FUSCHIA RETRO BAR STOOL,35.95
4364,84968B,SET OF 16 VINTAGE IVORY CUTLERY,12.75
4365,M,Manual,0.5
4366,22851,SET 20 NAPKINS FAIRY CAKES DESIGN ,0.72
4367,22741,FUNKY DIVA PEN,0.72
4368,21750,LARGE SKULL WINDMILL,2.1
4369,35910B,PINK FLOWERS RABBIT EASTER,1.95
4370,46776E,WOVEN CANDY CUSHION COVER ,4.95
4371,84828,JUNGLE POPSICLES ICE LOLLY MOULDS,1.25
4372,22127,PARTY CONES CARNIVAL ASSORTED,1.06
4373,84750A,PINK SMALL GLASS CAKE STAND,1.95
4374,78033,FLAG OF ST GEORGE CHAIR,5.95
4375,21967,PACK OF 12 SKULL TISSUES,0.25
4376,21395,BLUE POLKADOT BEAKER ,0.39
4377,84946,ANTIQUE SILVER T-LIGHT GLASS,1.06
4378,37327,ASSTD MULTICOLOUR CIRCLES MUG,0.39
4379,37351,ORANGE FLOWER MUG ,0.39
4380,37340,MULTICOLOUR SPRING FLOWER MUG,0.39
4381,85159B,"WHITE TEA,COFFEE,SUGAR JARS",1.95
4382,21393,BLUE POLKADOT PUDDING BOWL,0.39
4383,37488A,YELLOW PINK FLOWER DESIGN BIG BOWL,0.39
4384,85030,FRENCH CHATEAU OVAL PLATTER,1.95
4385,35265,COLOURFUL FLOWER FRUIT BOWL,1.95
4386,79063D,"RETRO PILL BOX , REVOLUTIONARY",0.19
4387,21637,ASSORTED SANSKRIT MINI NOTEBOOK,1.25
4388,47344B,BLUE FLOWER DES PURSE,1.25
4389,84946,ANTIQUE SILVER T-LIGHT GLASS,1.25
4390,46126A,ELVIS WALLHANGING / CURTAIN,1.25
4391,17129F,BLUE GLASS GEMS IN BAG,0.85
4392,84659A,WHITE TRAVEL ALARM CLOCK,2.1
4393,37330,BIG POLKADOT MUG,0.39
4394,84858C,PINK RIVIERA HANDBAG,1.25
4395,22137,BATHROOM SET LOVE HEART DESIGN,2.55
4396,47503A,ASS FLORAL PRINT MULTI SCREWDRIVER,1.06
4397,79191C,RETRO PLASTIC ELEPHANT TRAY,0.63
4398,79190B,RETRO PLASTIC POLKA TRAY,0.32
4399,21916,SET 12 RETRO WHITE CHALK STICKS,0.36
4400,47471,RAINBOW PEGS PHOTO CLIP STRING,0.53
4401,47481,50CM METAL STRING WITH  7 CLIPS,0.68
4402,35095B,RED VICTORIAN FABRIC OVAL BOX,0.29
4403,35095A,BLUE VICTORIAN FABRIC OVAL BOX,0.29
4404,47518F,ICON PLACEMAT POP ART ELVIS,0.12
4405,85078,SCANDINAVIAN 3 HEARTS NAPKIN RING,0.19
4406,21400,RED PUDDING SPOON,0.12
4407,22062,CERAMIC BOWL WITH LOVE HEART DESIGN,0.0
4408,35914,PINK CHICK EGG WARMER + EGG CUP,0.85
4409,POST,POSTAGE,1.0
4410,22582,PACK OF 6 SWEETIE GIFT BOXES,2.1
4411,22584,PACK OF 6 PANNETONE GIFT BOXES,2.1
4412,22546,MINI JIGSAW PURDEY,0.36
4413,90036F,"FLOWER GLASS GARLD NECKL36""TURQUOIS",7.95
4414,90030B,RED KUKUI COCONUT SEED NECKLACE,5.95
4415,90131,PINK/AMETHYST/GOLD NECKLACE,6.95
4416,17014A,ORIGAMI VANILLA INCENSE CONES,1.65
4417,85224,ASSORTED COLOUR SILK GLASSES CASE,2.1
4418,23077,DOUGHNUT LIP GLOSS ,1.25
4419,POST,POSTAGE,27.0
4420,23076,ICE CREAM SUNDAE LIP GLOSS,1.25
4421,85054,FRENCH ENAMEL POT W LID,2.55
4422,23078,ICE CREAM PEN LIP GLOSS ,1.25
4423,22526,WHEELBARROW FOR CHILDREN ,10.95
4424,21770,OPEN CLOSED METAL SIGN,4.95
4425,84691,PACK 20 DOLLY PEGS,0.85
4426,47013C,WINE BOTTLE DRESSING DARK BLUE,0.29
4427,84548,CROCHET BEAR RED/BLUE  KEYRING,1.65
4428,84796A,PINK HAWAIIAN PICNIC HAMPER FOR 2,12.75
4429,15030,FAN BLACK FRAME ,0.29
4430,22900, SET 2 TEA TOWELS I LOVE LONDON ,2.32
4431,22479,DAISY GARDEN MARKER,1.48
4432,22478,BIRDHOUSE GARDEN MARKER ,1.48
4433,22477,WATERING CAN GARDEN MARKER,1.48
4434,22458,CAST IRON HOOK GARDEN FORK,2.69
4435,21897,POTTING SHED CANDLE CITRONELLA,3.21
4436,21898,POTTING SHED ROSE CANDLE,3.21
4437,21876,POTTERING MUG,1.48
4438,21896,POTTING SHED TWINE,2.4
4439,82551,LAUNDRY 15C METAL SIGN,1.7
4440,82552,WASHROOM METAL SIGN,1.7
4441,21259,VICTORIAN SEWING BOX SMALL ,6.0
4442,85066,CREAM SWEETHEART MINI CHEST,12.98
4443,22459,CAST IRON HOOK GARDEN TROWEL,2.69
4444,84358,FLOOR LAMP SHADE WOOD BASE,8.49
4445,22985,WRAP BILLBOARD FONTS DESIGN,0.42
4446,23159,SET OF 5 PANCAKE DAY MAGNETS,2.08
4447,23154,SET OF 4 JAM JAR MAGNETS,2.08
4448,23156,SET OF 5 MINI GROCERY MAGNETS,2.08
4449,23155,KNICKERBOCKERGLORY MAGNET ASSORTED ,0.83
4450,21033,JUMBO BAG CHARLIE AND LOLA TOYS,1.95
4451,84569C,PACK 4 FLOWER/BUTTERFLY PATCHES,1.25
4452,22507,MEMO BOARD RETROSPOT  DESIGN,3.85
4453,23159,SET OF 5 PANCAKE DAY MAGNETS,1.85
4454,23154,SET OF 4 JAM JAR MAGNETS,1.85
4455,23158,SET OF 5 LUCKY CAT MAGNETS ,1.85
4456,23156,SET OF 5 MINI GROCERY MAGNETS,1.85
4457,21592,RETROSPOT CIGAR BOX MATCHES ,1.06
4458,85145,JARDIN ETCHED GLASS LARGE BELL JAR,12.75
4459,84951B,SET OF 4 BLACK LOVEBIRD COASTERS,1.25
4460,21288,STRIPEY CHOCOLATE NESTING BOXES,2.55
4461,21839,MUMMY MOUSE RED GINGHAM RIBBON,5.45
4462,85028S,FRENCH CHATEAU SMALL FRUITBOWL,1.95
4463,85028L,FRENCH CHATEAU LARGE FRUIT BOWL ,1.95
4464,M,Manual,14.95
4465,16048,TEATIME ROUND PENCIL SHARPENER ,0.12
4466,21270,ANTIQUE CREAM CUTLERY CUPBOARD,12.75
4467,85028S,FRENCH CHATEAU SMALL FRUITBOWL,2.55
4468,85017A,ENVELOPE 50 ROMANTIC IMAGES,0.85
4469,90164A,PINK ROSEBUD PEARL BRACELET,7.5
4470,90124A,PINK MURANO TWIST NECKLACE,9.95
4471,90124C,GREEN MURANO TWIST NECKLACE,9.95
4472,21847,GREEN  DIAMANTE PEN IN GIFT BOX,4.95
4473,POST,POSTAGE,150.0
4474,22383,LUNCH BAG SUKI DESIGN ,1.45
4475,22712,CARD DOLLY GIRL ,0.36
4476,23128,DOLLCRAFT BOY JEAN-PAUL ,4.15
4477,23126,DOLLCRAFT GIRL AMELIE KIT,4.15
4478,23178,JAM CLOCK MAGNET,2.49
4479,23179,CLOCK MAGNET MUM'S KITCHEN,2.49
4480,21188,3D HEARTS  HONEYCOMB PAPER GARLAND,2.55
4481,22297,HEART IVORY TRELLIS SMALL,1.06
4482,22327,ROUND SNACK BOXES SET OF 4 SKULLS,2.55
4483,21211,SET OF 72 SKULL PAPER  DOILIES,1.25
4484,22650,CERAMIC PIRATE CHEST MONEY BANK,1.25
4485,22136,LOVE HEART SOCK HANGER,1.45
4486,23155,KNICKERBOCKERGLORY MAGNET ASSORTED ,0.72
4487,84509E,SET OF 4 CAROUSEL PLACEMATS ,3.75
4488,16156L,WRAP CAROUSEL,0.42
4489,22807,SET OF 6 T-LIGHTS TOADSTOOLS,2.55
4490,90099,NECKLACE+BRACELET SET BLUE HIBISCUS,2.55
4491,22900, SET 2 TEA TOWELS I LOVE LONDON ,3.25
4492,21931,JUMBO STORAGE BAG SUKI,2.08
4493,22055,MINI CAKE STAND  HANGING STRAWBERY,0.0
4494,84568,GIRLS ALPHABET IRON ON PATCHES ,0.17
4495,82616C,MIDNIGHT GLAMOUR SCARF KNITTING KIT,1.25
4496,85019B,BLOSSOM  IMAGES NOTEBOOK SET,1.25
4497,82616B,FRAPPUCINO SCARF KNITTING KIT,1.25
4498,22385,JUMBO BAG SPACEBOY DESIGN,2.08
4499,85099F,JUMBO BAG STRAWBERRY,2.08
4500,21930,JUMBO STORAGE BAG SKULLS,2.08
4501,22411,JUMBO SHOPPER VINTAGE RED PAISLEY,2.08
4502,21929,JUMBO BAG PINK VINTAGE PAISLEY,2.08
4503,85099C,JUMBO  BAG BAROQUE BLACK WHITE,2.08
4504,21928,JUMBO BAG SCANDINAVIAN BLUE PAISLEY,2.08
4505,47469,ASSORTED SHAPES PHOTO CLIP SILVER ,0.42
4506,15036,ASSORTED COLOURS SILK FAN,0.72
4507,23158,SET OF 5 LUCKY CAT MAGNETS ,2.08
4508,20712,JUMBO BAG WOODLAND ANIMALS,2.08
4509,22386,JUMBO BAG PINK POLKADOT,2.08
4510,85141,JARDIN ETCHED GLASS FRUITBOWL,3.95
4511,85144,JARDIN ETCHED GLASS CHEESE DISH,1.95
4512,22558,CLOTHES PEGS RETROSPOT PACK 24 ,1.45
4513,22895,SET OF 2 TEA TOWELS APPLE AND PEARS,3.25
4514,84743C,ORANGE FELT VASE + FLOWERS,1.25
4515,22085,PAPER CHAIN KIT SKULLS ,2.55
4516,23157,SET OF 6 NATIVITY MAGNETS ,2.08
4517,85099F,JUMBO BAG STRAWBERRY,1.79
4518,22386,JUMBO BAG PINK POLKADOT,1.79
4519,85099B,JUMBO BAG RED RETROSPOT,2.08
4520,79164,BLACK WINE GLASS,0.39
4521,85132A,CHARLIE + LOLA BISCUITS TINS,1.95
4522,85132C,CHARLIE AND LOLA FIGURES TINS,1.95
4523,84876D,BLUE HEART COMPACT MIRROR,1.25
4524,79163,BLACK CHAMPAGNE GLASS,0.39
4525,22372,AIRLINE BAG VINTAGE WORLD CHAMPION ,3.95
4526,90014C,SILVER/BLACK ORBIT NECKLACE,9.95
4527,21530,DAIRY MAID TOASTRACK,0.79
4528,21096,SET/6 FRUIT SALAD  PAPER PLATES,0.39
4529,21319,GLASS CHALICE GREEN  SMALL ,0.39
4530,21318,GLASS CHALICE BLUE SMALL ,0.39
4531,21654,RIDGED GLASS FINGER BOWL,0.39
4532,79030D,"TUMBLER, BAROQUE",0.39
4533,79030G,"TUMBLER, NEW ENGLAND",0.39
4534,85132B,CHARLIE AND LOLA TABLE TINS,1.95
4535,85145,JARDIN ETCHED GLASS LARGE BELL JAR,3.95
4536,M,Manual,10.95
4537,22627,MINT KITCHEN SCALES,0.76
4538,21528,DAIRY MAID TRADITIONAL TEAPOT ,5.95
4539,15036,ASSORTED COLOURS SILK FAN,0.83
4540,22558,CLOTHES PEGS RETROSPOT PACK 24 ,1.65
4541,21294,ETCHED GLASS COASTER,0.39
4542,22558,CLOTHES PEGS RETROSPOT PACK 24 ,1.0
4543,22946,WOODEN ADVENT CALENDAR CREAM,12.75
4544,21352,EUCALYPTUS & PINECONE  WREATH,5.95
4545,22947,WOODEN ADVENT CALENDAR RED,12.75
4546,POST,POSTAGE,350.0
4547,35649,VINTAGE BEAD COSMETIC BAG ,3.35
4548,75131,METAL TUBE CHIME ON BAMBOO,1.0
4549,21090,SET/6 COLLAGE PAPER PLATES,0.39
4550,21084,SET/6 COLLAGE PAPER CUPS,0.19
4551,22621,TRADITIONAL KNITTING NANCY,1.65
4552,79051A,SMOKEY GREY COLOUR D.O.F. GLASS,0.29
4553,21088,SET/6 FRUIT SALAD PAPER CUPS,0.19
4554,21891,TRADITIONAL WOODEN SKIPPING ROPE,1.45
4555,22610,PENS ASSORTED FUNNY FACE,0.72
4556,84751B,BLACK MEDIUM GLASS CAKE STAND,0.79
4557,47013C,WINE BOTTLE DRESSING DARK BLUE,0.12
4558,47013A,WINE BOTTLE DRESSING LT.BLUE,0.12
4559,22663,JUMBO BAG DOLLY GIRL DESIGN,2.08
4560,21890,S/6 WOODEN SKITTLES IN COTTON BAG,3.25
4561,POST,POSTAGE,134.0
4562,20711,JUMBO BAG TOYS ,2.08
4563,21033,JUMBO BAG CHARLIE AND LOLA TOYS,2.08
4564,21439,BASKET OF TOADSTOOLS,1.06
4565,35809B,ENAMEL BLUE RIM TEA CONTAINER,0.83
4566,79026B,"S/4 ICON COASTER,ELVIS LIVES",0.39
4567,20801,LARGE PINK GLASS SUNDAE DISH,0.79
4568,85146,JARDIN ETCHED GLASS SMALL BELL JAR,1.95
4569,84686,BEACH HUT MIRROR,4.25
4570,22622,BOX OF VINTAGE ALPHABET BLOCKS,11.95
4571,22623,BOX OF VINTAGE JIGSAW BLOCKS ,5.95
4572,M,Manual,162.6
4573,M,Manual,2382.92
4574,M,Manual,239.3
4575,M,Manual,1252.95
4576,M,Manual,2053.07
4577,21845,DAIRY MAID STRIPE MUG,0.79
4578,21087,SET/6 POSIES PAPER CUPS,0.19
4579,21089,SET/6 GREEN SPRING PAPER CUPS,0.19
4580,84951A,SET OF 4 PISTACHIO LOVEBIRD COASTER,0.79
4581,85099B,JUMBO BAG RED RETROSPOT,1.79
4582,22101,MIRROR MOSAIC VOTIVE HOLDER,1.85
4583,22104,MIRROR MOSAIC CANDLE PLATE,1.45
4584,22162,HEART GARLAND RUSTIC PADDED,0.0
4585,84228,HEN HOUSE WITH CHICK STANDING,0.42
4586,16202E,BLACK PHOTO ALBUM ,0.5
4587,79030D,TUMBLER BAROQUE,0.39
4588,20803,SMALL PINK GLASS SUNDAE DISH,0.39
4589,21982,PACK OF 12 SUKI TISSUES ,0.2
4590,22616,PACK OF 12 LONDON TISSUES ,0.2
4591,M,Manual,1136.3
4592,85178,VICTORIAN SEWING KIT,0.85
4593,21520,BOOZE & WOMEN GREETING CARD ,0.36
4594,21518,BANK ACCOUNT  GREETING  CARD ,0.36
4595,22346,PARTY PIZZA DISH GREEN POLKADOT,0.72
4596,22343,PARTY PIZZA DISH RED RETROSPOT,0.72
4597,15056P,EDWARDIAN PARASOL PINK,4.95
4598,21320,GLASS CHALICE GREEN  LARGE ,0.79
4599,20821,GOLDIE LOOKING MIRROR,4.95
4600,84843,WHITE SOAP RACK WITH 2 BOTTLES,4.65
4601,47021G,SET/6 BEAD COASTERS GAUZE BAG GOLD,0.39
4602,72801C,4 ROSE PINK DINNER CANDLES,1.06
4603,22729,ALARM CLOCK BAKELIKE ORANGE,3.39
4604,22726,ALARM CLOCK BAKELIKE GREEN,3.39
4605,21316,SMALL CHUNKY GLASS ROMAN  BOWL,0.79
4606,21736,GOLD SCROLL GLASS T-LIGHT HOLDER,0.39
4607,22385,JUMBO BAG SPACEBOY DESIGN,1.79
4608,17011F,ORIGAMI SANDLEWOOD INCENSE+FLOWER,0.65
4609,79331,PINK FLOCK GLASS CANDLEHOLDER,0.38
4610,84877A,PINK ROUND COMPACT MIRROR,1.25
4611,84875D,BLUE SQUARE COMPACT MIRROR,1.25
4612,22106,MIRROR MOSAIC HURRICANE LAMP ,6.75
4613,22620,4 TRADITIONAL SPINNING TOPS,1.45
4614,22287,DECORATION WOBBLY CHICKEN,1.65
4615,22927,GREEN GIANT GARDEN THERMOMETER,4.95
4616,22286,DECORATION WOBBLY RABBIT METAL ,1.65
4617,84872A,TEATIME FUNKY FLOWER BACKPACK FOR 2,16.95
4618,84997C,CHILDRENS CUTLERY POLKADOT BLUE,3.75
4619,23076,ICE CREAM SUNDAE LIP GLOSS,1.04
4620,22611,VINTAGE UNION JACK SHOPPING BAG,4.25
4621,21622,VINTAGE UNION JACK CUSHION COVER,4.25
4622,23254,CHILDRENS CUTLERY DOLLY GIRL ,4.15
4623,23256,CHILDRENS CUTLERY SPACEBOY ,4.15
4624,21131,GOLD STANDING GNOME,4.25
4625,84750B,BLACK SMALL GLASS CAKE STAND,0.39
4626,84951B,SET OF 4 BLACK LOVEBIRD COASTERS,0.79
4627,84725,FREESTYLE CANVAS ART PICTURE,1.65
4628,84660B,BLACK STITCHED WALL CLOCK,3.75
4629,21360,JOY LARGE WOOD LETTERS,3.95
4630,20933,YELLOW POT PLANT CANDLE,2.95
4631,POST,POSTAGE,50.0
4632,84880,WHITE WIRE EGG HOLDER,6.65
4633,84279B,CHERRY BLOSSOM DECORATIVE FLASK,3.39
4634,22200,FRYING PAN PINK POLKADOT,3.75
4635,M,Manual,1867.86
4636,22460,EMBOSSED GLASS TEALIGHT HOLDER,1.06
4637,85114B,IVORY ENCHANTED FOREST PLACEMAT,1.45
4638,21931,JUMBO STORAGE BAG SUKI,1.79
4639,35965,FOLKART HEART NAPKIN RINGS,0.79
4640,22567,20 DOLLY PEGS RETROSPOT,1.45
4641,90024D,NEW BAROQUE B'FLY NECKLACE PINK,8.5
4642,85006,SET 4 NURSERY DES ROUND BOXES,0.85
4643,23255,CHILDRENS CUTLERY CIRCUS PARADE,4.15
4644,85008,SET OF 3 CONEY ISLAND OVAL BOXES,1.5
4645,35809B,ENAMEL BLUE RIM TEA CONTAINER,2.1
4646,79329,PINK FLOCK GLASS CANDLEHOLDER,0.38
4647,79030G,TUMBLER NEW ENGLAND,0.39
4648,22039,BOTANICAL LILY GIFT WRAP,0.42
4649,90001C,ANTIQUE OPAL WHITE FLOWER EARRINGS,4.25
4650,90025A,BAROQUE BUTTERFLY EARRINGS BLACK,3.75
4651,90142D,MOP PENDANT SHELL NECKLACE,4.95
4652,22316,200 BENDY SKULL STRAWS,1.06
4653,37487B,YELLOW/ORANGE FLOWER DESIGN PLATE,0.29
4654,84575A,PINK DOG CANNISTER,1.95
4655,85031A,ROMANTIC IMAGES SCRAP BOOK SET,1.25
4656,POST,POSTAGE,4.95
4657,78033,FLAG OF ST GEORGE CHAIR,4.25
4658,M,Manual,1.5
4659,23205,CHARLOTTE BAG VINTAGE ALPHABET ,0.85
4660,23201,JUMBO BAG ALPHABET,2.08
4661,23207,LUNCH BAG ALPHABET DESIGN,1.65
4662,23199,JUMBO BAG APPLES,2.08
4663,23206,LUNCH BAG APPLE DESIGN,1.65
4664,23204,CHARLOTTE BAG APPLES DESIGN,0.85
4665,23205,CHARLOTTE BAG ALPHABET  DESIGN,0.85
4666,23256,KIDS CUTLERY SPACEBOY ,4.15
4667,23254,KIDS CUTLERY DOLLY GIRL ,4.15
4668,M,Manual,308.82
4669,23208,LUNCH BAG VINTAGE LEAF DESIGN,1.65
4670,23207,LUNCH BAG ALPHABET DESIGN,1.45
4671,23206,LUNCH BAG APPLE DESIGN,1.45
4672,22671,FRENCH LAUNDRY SIGN BLUE METAL,1.45
4673,22672,FRENCH BATHROOM SIGN BLUE METAL,1.45
4674,23208,LUNCH BAG VINTAGE LEAF DESIGN,1.45
4675,23201,JUMBO BAG ALPHABET,1.79
4676,22562,MONSTERS STENCIL CRAFT,1.06
4677,37468,HARDMAN MUG 3 ASSORTED,0.39
4678,84689,S/2 BEACH HUT TREASURE CHESTS,5.95
4679,84388,WISE MAN STAR SHAPE EGG PAN,0.39
4680,21497,FANCY FONTS BIRTHDAY WRAP,0.34
4681,23199,JUMBO BAG APPLES,1.79
4682,47566B,TEA TIME PARTY BUNTING,4.15
4683,37467,PIG MUG IN TWO COLOUR DESIGNS,0.39
4684,21117,BLOND DOLL DOORSTOP,1.25
4685,23201,JUMBO BAG ALPHABET,1.65
4686,23199,JUMBO BAG APPLES,1.65
4687,M,Manual,0.39
4688,23204,CHARLOTTE BAG APPLES DESIGN,0.72
4689,85099C,JUMBO  BAG BAROQUE BLACK WHITE,1.79
4690,20703,BLUE PADDED SOFT MOBILE,4.25
4691,23199,JUMBO BAG APPLES,1.95
4692,84997B,CHILDRENS CUTLERY RETROSPOT RED ,3.39
4693,84997A,CHILDRENS CUTLERY POLKADOT GREEN ,3.39
4694,44242B,PINK FEATHERS CURTAIN,1.25
4695,22636,CHILDS BREAKFAST SET CIRCUS PARADE,0.0
4696,46776A,WOVEN BUBBLE GUM CUSHION COVER,4.95
4697,46776F,WOVEN ROSE GARDEN CUSHION COVER ,4.95
4698,46776D,WOVEN SUNSET CUSHION COVER ,4.95
4699,PADS,PADS TO MATCH ALL CUSHIONS,0.001
4700,21792,CLASSIC FRENCH STYLE BASKET GREEN ,3.95
4701,21793,CLASSIC FRENCH STYLE BASKET BROWN,3.95
4702,22047,EMPIRE GIFT WRAP,0.34
4703,84535A,ENGLISH ROSE NOTEBOOK A6 SIZE,0.42
4704,23201,JUMBO BAG ALPHABET,1.95
4705,84660C,PINK STITCHED WALL CLOCK,3.75
4706,22785,SQUARECUSHION COVER PINK UNION JACK,6.75
4707,84731,3 BIRDS CANVAS SCREEN,1.65
4708,23065,LARGE DECO JEWELLERY STAND,12.5
4709,21466,RED FLOWER CROCHET FOOD COVER,2.95
4710,17109D,FLOWER FAIRY INCENSE BOUQUET,0.38
4711,22846,BREAD BIN DINER STYLE RED ,5.0
4712,16202B,PASTEL BLUE PHOTO ALBUM ,0.5
4713,85017C,ENVELOPE 50 CURIOUS IMAGES,0.42
4714,22531,MAGIC DRAWING SLATE CIRCUS PARADE  ,0.36
4715,22494,EMERGENCY FIRST AID TIN ,1.06
4716,21260,FIRST AID TIN,2.75
4717,M,Manual,222.75
4718,23060,HEART BEADED TRELLIS DECORATION,2.08
4719,23057,GEMSTONE CHANDELIER T-LIGHT HOLDER,4.15
4720,21829,DINOSAUR KEYRINGS ASSORTED,0.18
4721,20716,PARTY FOOD SHOPPER BAG,1.06
4722,23057,BEADED CHANDELIER T-LIGHT HOLDER,4.95
4723,85123A,WHITE HANGING HEART T-LIGHT HOLDER,2.4
4724,47556B,TEA TIME TEA TOWELS ,2.1
4725,48185,DOORMAT FAIRY CAKE,6.35
4726,21175,GIN + TONIC DIET METAL SIGN,1.69
4727,M,Manual,0.1
4728,23066,SMALL DECO JEWELLERY STAND,8.25
4729,23068,ALUMINIUM STAMPED HEART,2.49
4730,23075,DOUBLE CERAMIC PARLOUR HOOK,4.15
4731,M,Manual,0.83
4732,23153,ZINC SWEETHEART WIRE LETTER RACK,3.75
4733,71279,PINK GLASS CANDLEHOLDER,2.55
4734,23075,PARLOUR CERAMIC WALL HOOK,4.15
4735,23073,GEORGIAN TRINKET BOX,12.5
4736,84549,CROCHET WHITE RABBIT KEYRING ,1.65
4737,21614,SET OF 12 ROSE BOTANICAL T-LIGHTS,2.95
4738,84576,BLUE CAT BISCUIT BARREL PINK HEART,1.95
4739,23146,TRIPLE HOOK ANTIQUE IVORY ROSE,3.29
4740,23061,VINTAGE EMBOSSED HEART,1.25
4741,37489A,YELLOW/PINK FLOWER DESIGN BIG MUG,0.39
4742,37489D,PINK/GREEN FLOWER DESIGN BIG MUG,0.39
4743,37489B,BLUE/YELLOW FLOWER DESIGN BIG MUG,0.39
4744,37489C,GREEN/BLUE FLOWER DESIGN BIG MUG,0.39
4745,85163B,BLACK BAROQUE WALL CLOCK ,3.95
4746,85163A,WHITE BAROQUE WALL CLOCK ,3.95
4747,84663A,GRASS HOPPER WOODEN WALL CLOCK ,1.95
4748,85183B,CHARLIE & LOLA WASTEPAPER BIN FLORA,0.75
4749,85183A,CHARLIE & LOLA WASTEPAPER BIN BLUE,0.75
4750,22461,SAVOY ART DECO CLOCK,3.95
4751,85017B,ENVELOPE 50 BLOSSOM IMAGES,0.42
4752,47563A,RETRO LONGBOARD IRONING BOARD COVER,1.25
4753,20823,GOLD WINE GOBLET,0.79
4754,20827,GOLD APERITIF GLASS,0.39
4755,20826,SILVER APERITIF GLASS,0.39
4756,23055,IVORY CHANDELIER T-LIGHT HOLDER,6.25
4757,23056,FLOWERS CHANDELIER T-LIGHT HOLDER,6.25
4758,21932,SCANDINAVIAN PAISLEY PICNIC BAG,1.65
4759,21933,PINK VINTAGE PAISLEY PICNIC BAG,1.65
4760,23140,TRIPLE WIRE HOOK IVORY HEART,4.15
4761,23141,TRIPLE WIRE HOOK PINK HEART,4.15
4762,23135,SMALL ZINC HEART WALL ORGANISER,5.75
4763,23132,SMALL IVORY HEART WALL ORGANISER,5.75
4764,21896,POTTING SHED TWINE,2.35
4765,23071,MARIE ANTOIENETT TRINKET BOX GOLD,12.5
4766,23152,IVORY SWEETHEART WIRE LETTER RACK ,3.75
4767,23068,ALUMINIUM STAMPED HEART,2.08
4768,23132,SMALL IVORY HEART WALL ORGANISER,4.95
4769,23134,LARGE ZINC HEART WALL ORGANISER,7.05
4770,23133,LARGE IVORY HEART WALL ORGANISER,7.05
4771,23133,LARGE IVORY HEART WALL ORGANISER,8.25
4772,84990,60 GOLD AND SILVER FAIRY CAKE CASES,0.55
4773,23147,SINGLE ANTIQUE ROSE HOOK IVORY,1.45
4774,23148,MINIATURE ANTIQUE ROSE HOOK IVORY,0.83
4775,22411,JUMBO SHOPPER VINTAGE RED PAISLEY,1.79
4776,21928,JUMBO BAG SCANDINAVIAN BLUE PAISLEY,1.79
4777,23144,ZINC T-LIGHT HOLDER STARS SMALL,0.72
4778,20846,ZINC HEART LATTICE T-LIGHT HOLDER,1.06
4779,23142,IVORY WIRE KITCHEN ORGANISER,10.4
4780,23136,IVORY WIRE SWEETHEART LETTER TRAY,3.75
4781,23139,SINGLE WIRE HOOK PINK HEART,1.45
4782,23138,SINGLE WIRE HOOK IVORY HEART,1.45
4783,23150,IVORY SWEETHEART SOAP DISH,2.49
4784,23134,LARGE ZINC HEART WALL ORGANISER,8.25
4785,23145,ZINC T-LIGHT HOLDER STAR LARGE,0.95
4786,23253,16 PIECE CUTLERY SET PANTRY DESIGN,15.95
4787,84906,PINK BUTTERFLY CUSHION COVER,1.95
4788,23144,ZINC T-LIGHT HOLDER STARS SMALL,0.83
4789,M,Manual,1.95
4790,23137,ZINC WIRE SWEETHEART LETTER TRAY,3.75
4791,21794,CLASSIC FRENCH STYLE BASKET NATURAL,3.95
4792,22660,DOORMAT I LOVE LONDON,6.75
4793,79144C,PAINTED LIGHTBULB RAINBOW DESIGN,0.42
4794,72024U,LILAC VOTIVE CANDLE,0.21
4795,16049,TEATIME GEL PENS ASST,0.42
4796,90135,ORANGE/WHT/FUSCHIA STONES NECKLACE,4.95
4797,90138,WHITE/PINK MINI CRYSTALS NECKLACE,4.95
4798,90159,COTE D'AZURE NECKLACE,4.95
4799,90164B,WHITE  ROSEBUD PEARL BRACELET,7.5
4800,90163A,PINK ROSEBUD & PEARL NECKLACE,7.5
4801,90163B,WHITE ROSEBUD & PEARL NECKLACE,7.5
4802,90158,ST TROPEZ NECKLACE,4.95
4803,90157,RIVIERA NECKLACE,4.95
4804,90051,CRACKED GLAZE NECKLACE RED,6.95
4805,35648,VINTAGE BEAD PINK PURSE ,0.83
4806,84859A,SILVER DISCO HANDBAG,1.95
4807,47348A,FUSCHIA VOILE POINTY SHOE DEC,0.39
4808,23069,EDWARDIAN PHOTO FRAME,6.25
4809,16244B,MAXWELL 2 TONE BLUE 60 PAGE PHOTO A,0.5
4810,23131,MISTLETOE HEART WREATH CREAM,4.15
4811,23067,HANGING ENGRAVED METAL HEART,4.15
4812,22900, SET 2 TEA TOWELS I LOVE LONDON ,2.75
4813,22386,JUMBO BAG PINK POLKADOT,1.74
4814,21928,JUMBO BAG SCANDINAVIAN BLUE PAISLEY,1.74
4815,85099F,JUMBO BAG STRAWBERRY,1.74
4816,85099C,JUMBO  BAG BAROQUE BLACK WHITE,1.74
4817,22459,CAST IRON HOOK GARDEN TROWEL,2.1
4818,21897,POTTING SHED CANDLE CITRONELLA,2.55
4819,21898,POTTING SHED ROSE CANDLE,3.15
4820,47341B,BLUE TABLE RUN FLOWER,1.25
4821,47341A,FUSCHIA TABLE RUN FLOWER ,1.25
4822,47343A,FUSCHIA FLOWER PURSE WITH BEADS,0.83
4823,47344B,BLUE FLOWER DES PURSE,0.83
4824,62097B,BLUE STRIPES SHOULDER BAG,0.83
4825,62043B,BLUE CHECK BAG W HANDLE 34X20CM,0.83
4826,90021,LASER CUT MULTI STRAND NECKLACE,11.95
4827,23163,REGENCY SUGAR TONGS,2.49
4828,23284,DOORMAT KEEP CALM AND COME IN,6.75
4829,23283,DOORMAT VINTAGE LEAVES DESIGN ,7.95
4830,90201D,GREEN ENAMEL FLOWER RING,2.95
4831,90201C,RED ENAMEL FLOWER RING,2.95
4832,90201A,PURPLE ENAMEL FLOWER RING,2.95
4833,23284,DOORMAT KEEP CALM AND COME IN,7.95
4834,18094C,WHITE AND BLUE CERAMIC OIL BURNER,0.85
4835,72225C,LAVENDER SCENT CAKE CANDLE,0.21
4836,22315,200 RED + WHITE BENDY STRAWS,1.06
4837,71495B,CD WALL TIDY RED FLOWERS,0.36
4838,71496A,A4 WALL TIDY BLUE OFFICE,0.53
4839,71495A,CD WALL TIDY BLUE OFFICE,0.36
4840,85198,ASSORTED FARMYARD ANIMALS IN BUCKET,0.64
4841,85211,S/4 GROOVY CAT MAGNETS,1.45
4842,21899,"KEY FOB , GARAGE DESIGN",0.53
4843,21901,"KEY FOB , BACK DOOR ",0.53
4844,21902,"KEY FOB , FRONT  DOOR ",0.53
4845,21900,"KEY FOB , SHED",0.53
4846,21028,NINJA RABBIT BLACK,1.06
4847,21027,NINJA RABBIT PINK,1.06
4848,21641,ASSORTED TUTTI FRUTTI KEYRING BALL,0.72
4849,16008,SMALL FOLDING SCISSOR(POINTED EDGE),0.08
4850,16015,MEDIUM CHINESE STYLE SCISSOR,0.36
4851,20763,DAISY SKETCHBOOK ,1.25
4852,20766,GARDEN PATH SKETCHBOOK,2.95
4853,16216,LETTER SHAPE PENCIL SHARPENER,0.12
4854,16219,HOUSE SHAPE PENCIL SHARPENER,0.16
4855,16218,CARTOON  PENCIL SHARPENERS,0.12
4856,22422,TOOTHPASTE TUBE PEN,0.55
4857,22420,LIPSTICK PEN BABY PINK,0.36
4858,23205,CHARLOTTE BAG ALPHABET  DESIGN,0.72
4859,23078,ICE CREAM PEN LIP GLOSS ,1.04
4860,23077,DOUGHNUT LIP GLOSS ,1.04
4861,23205,CHARLOTTE BAG VINTAGE ALPHABET ,0.72
4862,22994,TRAVEL CARD WALLET RETROSPOT,0.36
4863,22997,TRAVEL CARD WALLET UNION JACK,0.36
4864,23000,TRAVEL CARD WALLET TRANSPORT,0.36
4865,23002,TRAVEL CARD WALLET SKULLS,0.36
4866,23006,TRAVEL CARD WALLET FLOWER MEADOW,0.36
4867,20655,QUEEN OF SKIES LUGGAGE TAG,1.06
4868,21867,PINK UNION JACK  LUGGAGE TAG,1.06
4869,20659,ECONOMY LUGGAGE TAG,1.06
4870,20654,FIRST CLASS LUGGAGE TAG ,1.06
4871,21866,UNION JACK FLAG LUGGAGE TAG,1.06
4872,20618,QUEEN OF THE SKIES PASSPORT COVER ,1.69
4873,20619,TROPICAL PASSPORT COVER ,1.69
4874,21865,PINK UNION JACK  PASSPORT COVER ,1.69
4875,20617,FIRST CLASS PASSPORT COVER ,1.69
4876,20622,VIPPASSPORT COVER ,1.69
4877,84857C,PINK MONTE CARLO HANDBAG,1.95
4878,23162,REGENCY TEA STRAINER,3.75
4879,20840,FRENCH FLORAL CUSHION COVER ,0.85
4880,84971S,SMALL HEART FLOWERS HOOK ,0.64
4881,22413,METAL SIGN TAKE IT OR LEAVE IT ,2.55
4882,22115,METAL SIGN EMPIRE TEA,2.55
4883,82578,KITCHEN METAL SIGN,0.42
4884,85152,HAND OVER THE CHOCOLATE   SIGN ,5.0
4885,82567,"AIRLINE LOUNGE,METAL SIGN",1.69
4886,15034,PAPER POCKET TRAVELING FAN ,0.07
4887,22216,T-LIGHT HOLDER WHITE LACE,0.72
4888,71510,SQUARE METAL CANDLEHOLDER BASE,0.53
4889,72811,SMALL ZINC/GLASS CANDLEHOLDER,1.25
4890,21126,SET OF 6 GIRLS CELEBRATION CANDLES,1.06
4891,85231B,CINAMMON SET OF 9 T-LIGHTS,0.72
4892,85231G,ORANGE SCENTED SET/9 T-LIGHTS,0.72
4893,21982,PACK OF 12 SUKI TISSUES ,0.25
4894,21985,PACK OF 12 HEARTS DESIGN TISSUES ,0.25
4895,71101E,STANDING FAIRY POLE SUPPORT ,0.72
4896,23137,ZINC WIRE SWEETHEART LETTER TRAY,3.29
4897,23153,ZINC SWEETHEART WIRE LETTER RACK,3.39
4898,23152,IVORY SWEETHEART WIRE LETTER RACK ,3.39
4899,23136,IVORY WIRE SWEETHEART LETTER TRAY,3.29
4900,21441,BLUE BIRDHOUSE DECORATION,0.72
4901,22342,HOME GARLAND PAINTED ZINC ,1.45
4902,85203,HANGING WOOD AND FELT BUTTERFLY ,0.36
4903,85199L,LARGE HANGING IVORY & RED WOOD BIRD,0.53
4904,85204,HANGING WOOD AND FELT FLOWER,0.36
4905,20707,CRAZY DAISY HEART DECORATION,1.06
4906,21811,HANGING HEART WITH BELL,1.06
4907,22227,HANGING HEART MIRROR DECORATION ,0.55
4908,22296,HEART IVORY TRELLIS LARGE,1.45
4909,22597,MUSICAL ZINC HEART DECORATION ,0.72
4910,22602,RETROSPOT WOODEN HEART DECORATION,0.72
4911,84836,ZINC METAL HEART DECORATION,1.06
4912,85061W,WHITE JEWELLED HEART DECORATION,0.64
4913,35923,CANDY HEART HANGING DECORATION,1.06
4914,85129B,BEADED CRYSTAL HEART GREEN SMALL,1.06
4915,85130B,BEADED CRYSTAL HEART GREEN LARGE,1.45
4916,85131A,BEADED PEARL HEART WHITE ON STICK,1.06
4917,85131C,BEADED CRYSTAL HEART BLUE ON STICK,1.06
4918,20794,BLUE  TILE HOOK,2.1
4919,23140,TRIPLE WIRE HOOK IVORY HEART,3.75
4920,23138,SINGLE WIRE HOOK IVORY HEART,1.25
4921,23139,SINGLE WIRE HOOK PINK HEART,1.25
4922,23146,TRIPLE HOOK ANTIQUE IVORY ROSE,2.89
4923,23147,SINGLE ANTIQUE ROSE HOOK IVORY,1.25
4924,23148,MINIATURE ANTIQUE ROSE HOOK IVORY,0.72
4925,20816,GOLD FLOWER CUSHION COVER ,1.95
4926,23048,SET OF 10 LANTERNS FAIRY LIGHT STAR,4.15
4927,23042,PAPER LANTERN 7 POINT SNOW STAR,6.65
4928,23041,PAPER LANTERN 9 POINT SNOW STAR,4.15
4929,23040,PAPER LANTERN 9 POINT SNOW STAR ,5.75
4930,23064,CINDERELLA CHANDELIER ,49.95
4931,84687,BEACH HUT SHELF W 3 DRAWERS,4.95
4932,M,Manual,400.0
4933,85225,BLING KEY RING STAND,1.25
4934,23130,MISTLETOE HEART WREATH GREEN,4.15
4935,21429,RED GINGHAM ROSE JEWELLERY BOX,1.95
4936,84828,JUNGLE POPSICLES ICE LOLLY MOULDS,1.06
4937,84926F,PSYCHEDELIC TILE COASTER,1.25
4938,84629,WHITE 3 FRAME BIRDS AND TREE ,21.95
4939,20835,FRENCH LATTICE CUSHION COVER ,0.83
4940,22987,WRAP SUMMER ROSE DESIGN,0.42
4941,46138B,BLUE CHENILLE SHAGGY CUSHION COVER ,0.85
4942,22753,SMALL YELLOW BABUSHKA NOTEBOOK ,0.72
4943,84800S,SMALL WHITE/PINK ROSE ART FLOWER,1.06
4944,20836,FRENCH PAISLEY CUSHION COVER,0.83
4945,20837,FRENCH FLORAL CUSHION COVER ,0.83
4946,20838,FRENCH LATTICE CUSHION COVER ,0.85
4947,23073,GEORGIAN TRINKET BOX,11.15
4948,23160,REGENCY TEA SPOON,1.04
4949,23161,REGENCY CAKE FORK,1.04
4950,23164,REGENCY CAKE SLICE,4.15
4951,23162,REGENCY TEA STRAINER,3.29
4952,23149,ANTIQUE IVORY WIRE BOWL SMALL,2.49
4953,23148,MINITURE ANTIQUE ROSE HOOK IVORY,0.85
4954,21747,SMALL SKULL WINDMILL,1.05
4955,POST,POSTAGE,20.0
4956,23164,REGENCY CAKE SLICE,4.95
4957,22704,WRAP RED APPLES ,0.34
4958,POST,POSTAGE,8142.75
4959,84705C,PINK FLOCK PHOTO FRAME ,1.25
4960,M,Manual,25.95
4961,21286,RETROSPOT CANDLE  LARGE,0.85
4962,21284,RETROSPOT CANDLE  SMALL,0.42
4963,79063C,"RETRO PILL BOX KEY CHAIN,THE KING",0.18
4964,84916,HAND TOWEL PALE BLUE W FLOWERS,4.95
4965,85131A,BEADED PEARL HEART WHITE ON STICK,0.42
4966,85039B,S/4 IVORY MINI ROSE CANDLE IN BOWL,0.42
4967,85039A,SET/4 RED MINI ROSE CANDLE IN BOWL,0.42
4968,35971,ROSE FOLKART HEART DECORATIONS,0.42
4969,35471D,SET OF 3 BIRD LIGHT PINK FEATHER ,0.65
4970,35004G,SET OF 3 GOLD FLYING DUCKS,1.95
4971,22167, OVAL WALL MIRROR DIAMANTE ,3.95
4972,22165,"DIAMANTE HEART SHAPED WALL MIRROR, ",3.95
4973,22104,MIRROR MOSAIC CANDLE PLATE,0.42
4974,22095,LADS ONLY TISSUE BOX,0.42
4975,22094,RED RETROSPOT TISSUE BOX,0.42
4976,22093,MOTORING TISSUE BOX,0.42
4977,22092,BLUE PAISLEY TISSUE BOX,0.42
4978,22091,EMPIRE TISSUE BOX,0.42
4979,21374,MIRRORED WALL ART SKULLS,1.25
4980,21368,MIRRORED WALL ART LADIES,0.85
4981,21367,MIRRORED WALL ART GENTS,0.85
4982,21624,VINTAGE UNION JACK DOORSTOP,4.95
4983,23135,SMALL ZINC HEART WALL ORGANISER,4.95
4984,22063,CERAMIC BOWL WITH STRAWBERRY DESIGN,2.55
4985,23283,DOORMAT VINTAGE LEAVES DESIGN ,6.75
4986,84689,S/2 BEACH HUT TREASURE CHESTS,2.0
4987,23143,ZINC WIRE KITCHEN ORGANISER,10.4
4988,20818,GOLD TEDDY BEAR,1.25
4989,23299,FOOD COVER WITH BEADS SET 2 ,3.75
4990,23298,SPOTTY BUNTING,4.95
4991,23161,REGENCY CAKE FORK,1.25
4992,23160,REGENCY TEA SPOON,1.25
4993,23070,EDWARDIAN HEART PHOTO FRAME,4.15
4994,21621,VINTAGE UNION JACK BUNTING,7.5
4995,23298,SPOTTY BUNTING,4.15
4996,15039,SANDALWOOD FAN,0.53
4997,20839,FRENCH PAISLEY CUSHION COVER ,0.85
4998,23151,ZINC SWEETHEART SOAP DISH,2.49
4999,90058A,CRYSTAL STUD EARRINGS CLEAR DISPLAY,0.38
5000,23040,PAPER LANTERN 9 POINT SNOW STAR,5.75
5001,23043,PAPER LANTERN 9 POINT HOLLY STAR 40,6.25
5002,23045,PAPER LANTERN 5 POINT STAR MOON 30,4.15
5003,23041,PAPER LANTERN 6 POINT SNOW STAR,4.15
5004,35599D,PINK AND WHITE CHRISTMAS TREE 120CM,2.95
5005,23298,"BUNTING , SPOTTY ",4.15
5006,20964,POLYESTER FILLER PAD 60x40cm,2.55
5007,84859C,PINK DISCO HANDBAG,1.95
5008,84859B,BLUE DISCO HANDBAG,1.95
5009,23209,LUNCH BAG DOILEY PATTERN ,1.65
5010,23200,JUMBO BAG PEARS,2.08
5011,23203,JUMBO BAG DOILEY PATTERNS,2.08
5012,90076,MONTANA DIAMOND CLUSTER EARRINGS,2.55
5013,23071,MARIE ANTOINETTE TRINKET BOX GOLD,12.5
5014,23072,MARIE ANTOINETTE TRINKET BOX SILVER,12.5
5015,23202,JUMBO BAG VINTAGE LEAF,2.08
5016,23043,PAPER LANTERN 9 POINT HOLLY STAR L,6.25
5017,23046,PAPER LANTERN 9 POINT DELUXE STAR,6.65
5018,23047,PAPER LANTERN 5 POINT SEQUIN STAR,5.75
5019,23044,PAPER LANTERN 9 POINT HOLLY STAR S,4.15
5020,23044,PAPER LANTERN 9 POINT HOLLY STAR 23,4.15
5021,23047,PAPER LANTERN 5 POINT STUDDED STAR,5.75
5022,23299,"FOOD COVER WITH BEADS , SET 2 SIZES",3.75
5023,35443,RASTA IN BATH W SPLIFF ASHTRAY,0.85
5024,90036A,FLOWER GARLAND NECKLACE RED,7.95
5025,90033,IVORY SHELL HEART EARRINGS,2.55
5026,90130B,TURQ STONE/CRYSTAL EARRINGS,2.95
5027,90209B,GREEN ENAMEL+GLASS HAIR COMB,2.1
5028,35815P,"ACRYLIC JEWEL SNOWFLAKE, PINK",0.38
5029,90036C,"FLOWER GLASS GARLAND NECKL.36""BLUE",7.95
5030,37476,CONDIMENT TRAY 4 BOWLS AND 4 SPOONS,8.49
5031,23282,FOLDING BUTTERFLY MIRROR IVORY ,0.83
5032,23280,FOLDING BUTTERFLY MIRROR HOT PINK ,0.83
5033,23190,BUNDLE OF 3 SCHOOL EXERCISE BOOKS  ,1.65
5034,23200,JUMBO BAG PEARS,1.65
5035,23191,BUNDLE OF 3 RETRO NOTE BOOKS,1.65
5036,21263,GREEN GOOSE FEATHER TREE 60CM,1.95
5037,21265,PINK GOOSE FEATHER TREE 60CM,1.95
5038,21264,WHITE GOOSE FEATHER TREE 60CM ,1.95
5039,23191,BUNDLE OF 3 RETRO EXERCISE BOOKS,1.65
5040,23175,REGENCY MILK JUG PINK ,3.25
5041,23174,REGENCY SUGAR BOWL GREEN,4.15
5042,23173,REGENCY TEAPOT ROSES ,8.15
5043,23172,REGENCY TEA PLATE PINK,1.65
5044,23171,REGENCY TEA PLATE GREEN ,1.65
5045,23170,REGENCY TEA PLATE ROSES ,1.65
5046,M,Manual,334.71
5047,23175,REGENCY MILK JUG PINK ,2.75
5048,23174,REGENCY SUGAR BOWL GREEN,3.75
5049,23202,JUMBO BAG VINTAGE LEAF,1.95
5050,23200,JUMBO BAG PEARS,1.95
5051,23203,JUMBO BAG DOILEY PATTERNS,1.95
5052,21913,VINTAGE SEASIDE JIGSAW PUZZLES,3.39
5053,23209,LUNCH BAG DOILEY PATTERN ,1.45
5054,20711,JUMBO BAG TOYS ,1.79
5055,40003,WHITE BAMBOO RIBS LAMPSHADE,0.95
5056,20712,JUMBO BAG WOODLAND ANIMALS,1.79
5057,23173,REGENCY TEAPOT ROSES ,9.95
5058,23081,GREEN METAL BOX ARMY SUPPLIES,8.25
5059,23084,RABBIT NIGHT LIGHT,2.08
5060,23281,FOLDING BUTTERFLY MIRROR RED  ,0.83
5061,23118,PARISIENNE JEWELLERY DRAWER ,7.5
5062,23096,PETIT TRAY CHIC,1.65
5063,23202,JUMBO BAG VINTAGE LEAF,1.79
5064,23091,ZINC HERB GARDEN CONTAINER,6.25
5065,23094,LE GRAND TRAY CHIC SET,12.5
5066,23108,SET OF 10 LED DOLLY LIGHTS,6.25
5067,23080,RED METAL BOX TOP SECRET,8.25
5068,23108,SET OF 10 LED DOLLY LIGHTS,5.39
5069,23081,GREEN METAL BOX TOP SECRET,8.25
5070,23110,PARISIENNE KEY CABINET ,5.75
5071,23192,BUNDLE OF 3 ALPHABET EXERCISE BOOKS,1.65
5072,23202,JUMBO BAG VINTAGE LEAF,1.65
5073,23203,JUMBO BAG DOILEY PATTERNS,1.65
5074,22663,JUMBO BAG DOLLY GIRL DESIGN,1.79
5075,23100,SILVER BELLS TABLE DECORATION,1.25
5076,23102,SILVER HEARTS TABLE DECORATION,0.83
5077,23061,VINTAGE ENGRAVED HEART,1.25
5078,23082,SET 6 PAPER TABLE LANTERN HEARTS ,3.75
5079,16151A,FLOWERS HANDBAG blue and orange,1.25
5080,23093,SMALL PARISIENNE HEART PHOTO FRAME ,2.49
5081,23280,FOLDING MIRROR HOT PINK ,0.83
5082,23084,RABBIT NIGHT LIGHT,1.79
5083,23109,LED TEA LIGHTS,2.49
5084,23103,BELL HEART DECORATION,1.65
5085,23068,ALUMINIUM HEART,2.49
5086,23056,CRYSTAL CHANDELIER T-LIGHT HOLDER,6.25
5087,23057,GEMSTONE CHANDELIER T-LIGHT HOLDER,4.95
5088,23112,PARISIENNE CURIO CABINET,7.5
5089,23109,LED TEA LIGHTS,2.89
5090,23111,PARISIENNE SEWING BOX,12.5
5091,23079,TOADSTOOL BEDSIDE LIGHT ,8.95
5092,22923,FRIDGE MAGNETS LES ENFANTS ASSORTED,0.72
5093,22924,FRIDGE MAGNETS LA VIE EN ROSE,0.72
5094,21735,TWO DOOR CURIO CABINET,6.0
5095,23167,SMALL CERAMIC TOP STORAGE JAR ,0.69
5096,23104,IVORY PANTRY HANGING LAMP ,12.5
5097,23254,CHILDRENS CUTLERY DOLLY GIRL ,3.75
5098,23170,REGENCY TEA PLATE ROSES ,1.45
5099,16244B,MAXWELL 2 TONE BLUE 60 PAGE PHOTO A,1.95
5100,23168,CLASSIC SUGAR DISPENSER,1.25
5101,72812,LARGE ZINC GLASS CANDLEHOLDER,2.1
5102,21128,GOLD FISHING GNOME,5.95
5103,23131,MISELTOE HEART WREATH WHITE,3.75
5104,23130,MISELTOE HEART WREATH ,3.75
5105,23280,FOLDING MIRROR HOT PINK ,0.72
5106,23299,FOOD COVER WITH BEADS SET 2 ,3.39
5107,23169,CLASSIC GLASS SWEET JAR,4.15
5108,23165,LARGE CERAMIC TOP STORAGE JAR,1.45
5109,23071,MARIE ANTOINETTE TRINKET BOX GOLD,11.15
5110,23253,16 PIECE CUTLERY SET PANTRY DESIGN,12.5
5111,23200,JUMBO BAG PEARS,1.79
5112,21385,IVORY HANGING DECORATION  HEART,0.72
5113,22418,10 COLOUR SPACEBOY PEN,0.72
5114,21033,JUMBO BAG CHARLIE AND LOLA TOYS,1.79
5115,23145,ZINC T-LIGHT HOLDER STAR LARGE,0.79
5116,23163,REGENCY SUGAR TONGS,2.08
5117,23280,FOLDING BUTTERFLY MIRROR HOT PINK ,0.72
5118,23281,FOLDING BUTTERFLY MIRROR RED  ,0.72
5119,22082,RIBBON REEL STRIPES DESIGN ,1.45
5120,22037,ROBOT BIRTHDAY CARD,0.36
5121,21929,JUMBO BAG PINK VINTAGE PAISLEY,1.79
5122,23065,LARGE JEWELLERY STAND,12.5
5123,23066,SMALL JEWELLERY STAND,8.25
5124,23101,SILVER STARS TABLE DECORATION,0.83
5125,23165,LARGE CERAMIC TOP STORAGE JAR,1.65
5126,23166,MEDIUM CERAMIC TOP STORAGE JAR,1.25
5127,23167,SMALL CERAMIC TOP STORAGE JAR ,0.83
5128,15058A,BLUE POLKADOT GARDEN PARASOL,6.75
5129,20886,BOX OF 9 PEBBLE CANDLES,1.65
5130,22939,APRON APPLE DELIGHT,4.25
5131,22377,BOTTLE BAG RETROSPOT ,1.85
5132,POST,POSTAGE,523.0
5133,23089,GLASS BON BON JAR,1.65
5134,23107,WHITE WIRE PLANT POT HOLDER,2.89
5135,47566,PARTY BUNTING,0.0
5136,23169,CLASSIC GLASS COOKIE JAR,4.15
5137,90039D,FIRE POLISHED GLASS BRACELET GREEN,3.75
5138,90039B,FIRE POLISHED GLASS BRACELET MONTAN,3.75
5139,90039A,FIRE POLISHED GLASS BRACELET RED,3.75
5140,23168,CLASSIC CAFE SUGAR DISPENSER,1.25
5141,23103,JINGLE BELL HEART DECORATION,1.65
5142,M,Manual,557.72
5143,20992,JAZZ HEARTS PURSE NOTEBOOK,0.74
5144,21056,DOCTOR'S BAG SOFT TOY,7.95
5145,23190,BUNDLE OF 3 SCHOOL EXERCISE BOOKS  ,1.45
5146,23191,BUNDLE OF 3 RETRO NOTE BOOKS,1.45
5147,23168,CLASSIC CAFE SUGAR DISPENSER,1.04
5148,23171,REGENCY TEA PLATE GREEN ,1.45
5149,23082,SET 6 PAPER TABLE LANTERN HEARTS ,3.29
5150,23106,ZINC HEARTS PLANT POT HOLDER,2.89
5151,23107,WHITE HEARTS WIRE PLANT POT HOLDER,2.89
5152,23203,JUMBO BAG DOILEY PATTERNS,1.79
5153,23087,ZINC  HEART T-LIGHT HOLDER,1.25
5154,23088,ZINC HEART FLOWER T-LIGHT HOLDER,1.25
5155,23091,METAL HERB GERDEN CONTAINER,6.25
5156,23106,ZINC PLANT POT HOLDER,2.89
5157,23282,FOLDING MIRROR IVORY ,0.83
5158,23281,FOLDING MIRROR RED  ,0.83
5159,23112,PARISIENNE CURIO CABINET,6.65
5160,23172,REGENCY TEA PLATE PINK,1.45
5161,23298,"BUNTING , SPOTTY ",4.95
5162,90035C,"PEARL & SHELL 42""NECKL. IVORY",10.75
5163,23111,PARISIENNE SEWING BOX,10.4
5164,23301,GARDENERS KNEELING PAD KEEP CALM ,1.65
5165,23300,GARDENERS KNEELING PAD CUP OF TEA ,1.45
5166,23300,GARDENERS KNEELING PAD CUP OF TEA ,1.65
5167,23091,ZINC HERB GARDEN CONTAINER,5.39
5168,22940,FELTCRAFT CHRISTMAS FAIRY,3.75
5169,23302,KNEELING MAT HOUSEWORK  DESIGN,1.65
5170,47574B,ENGLISH ROSE SCENTED HANGING HEART,4.25
5171,23090,VINTAGE GLASS T-LIGHT HOLDER,0.83
5172,23103,BELL HEART DECORATION,1.45
5173,23083,SET 6 PAPER TABLE LANTERN STARS ,3.75
5174,23092,LARGE ANTIQUE WHITE PHOTO FRAME,7.9
5175,23168,CLASSIC SUGAR DISPENSER,1.04
5176,23118,PARISIENNE JEWELLERY DRAWER ,6.65
5177,23142,IVORY WIRE KITCHEN ORGANISER,9.15
5178,23301,GARDENERS KNEELING PAD KEEP CALM ,1.45
5179,23085,ANTIQUE SILVER BAUBLE LAMP  ,10.4
5180,21523,DOORMAT FANCY FONT HOME SWEET HOME,4.58
5181,48116,DOORMAT MULTICOLOUR STRIPE,4.58
5182,48194,DOORMAT HEARTS,4.58
5183,48185,DOORMAT FAIRY CAKE,4.58
5184,48138,DOORMAT UNION FLAG,4.58
5185,21955,DOORMAT UNION JACK GUNS AND ROSES,4.58
5186,48173C,DOORMAT BLACK FLOCK ,4.58
5187,48187,DOORMAT NEW ENGLAND,4.58
5188,23283,DOORMAT VINTAGE LEAVES DESIGN ,4.58
5189,48188,DOORMAT WELCOME PUPPIES,4.58
5190,21428,SET3 BOOK BOX GREEN GINGHAM FLOWER ,2.66
5191,21430,SET/3 RED GINGHAM ROSE STORAGE BOX,2.33
5192,22501,PICNIC BASKET WICKER LARGE,7.62
5193,22690,DOORMAT HOME SWEET HOME BLUE ,4.58
5194,23284,DOORMAT KEEP CALM AND COME IN,4.58
5195,20685,DOORMAT RED RETROSPOT,4.58
5196,23099,FRENCH CARRIAGE LANTERN,6.65
5197,23086,ZINC  STAR T-LIGHT HOLDER ,1.25
5198,84661A,WHITE SQUARE TABLE CLOCK,2.55
5199,21534,DAIRY MAID LARGE MILK JUG,4.25
5200,21929,JUMBO BAG PINK VINTAGE PAISLEY,1.74
5201,85099B,JUMBO BAG RED RETROSPOT,1.74
5202,22788,BROCANTE COAT RACK,6.78
5203,22171,3 HOOK PHOTO SHELF ANTIQUE WHITE,5.88
5204,22913,RED COAT RACK PARIS FASHION,3.37
5205,23134,LARGE ZINC HEART WALL ORGANISER,5.88
5206,82484,WOOD BLACK BOARD ANT WHITE FINISH,4.86
5207,22912,YELLOW COAT RACK PARIS FASHION,3.37
5208,22914,BLUE COAT RACK PARIS FASHION,3.37
5209,23135,SMALL ZINC HEART WALL ORGANISER,3.32
5210,22189,CREAM HEART CARD HOLDER,2.32
5211,22188,BLACK HEART CARD HOLDER,2.32
5212,22424,ENAMEL BREAD BIN CREAM,9.42
5213,22061,LARGE CAKE STAND  HANGING STRAWBERY,6.79
5214,37449,CERAMIC CAKE STAND + HANGING CAKES,6.79
5215,22960,JAM MAKING SET WITH JARS,2.96
5216,22666,RECIPE BOX PANTRY YELLOW DESIGN,1.98
5217,22849,BREAD BIN DINER STYLE MINT,11.63
5218,22847,BREAD BIN DINER STYLE IVORY,11.63
5219,22848,BREAD BIN DINER STYLE PINK,11.63
5220,22846,BREAD BIN DINER STYLE RED ,11.63
5221,23301,GARDENERS KNEELING PAD KEEP CALM ,1.18
5222,23302,KNEELING MAT HOUSEWORK  DESIGN,1.18
5223,23300,GARDENERS KNEELING PAD CUP OF TEA ,1.18
5224,82482,WOODEN PICTURE FRAME WHITE FINISH,1.92
5225,22844,VINTAGE CREAM DOG FOOD CONTAINER,6.42
5226,22845,VINTAGE CREAM CAT FOOD CONTAINER,4.27
5227,22349,DOG BOWL CHASING BALL DESIGN,2.46
5228,22700,BLACK AND WHITE DOG BOWL,1.68
5229,22701,PINK DOG BOWL,1.66
5230,23092,LARGE ANTIQUE WHITE PHOTO FRAME,6.65
5231,90214Y,"LETTER ""Y"" BLING KEY RING",1.25
5232,84873A,FUNKY FLOWER PICNIC BAG FOR 4,16.95
5233,23096,PETIT TRAY CHIC,1.45
5234,23192,BUNDLE OF 3 ALPHABET EXERCISE BOOKS,1.45
5235,23282,FOLDING BUTTERFLY MIRROR IVORY ,0.72
5236,23176,ABC TREASURE BOOK BOX ,1.95
5237,23193,BUFFALO BILL TREASURE BOOK BOX,1.95
5238,23177,TREASURE ISLAND BOOK BOX,1.95
5239,23194,GYMKHANA TREASURE BOOK BOX,1.95
5240,85071A,BLUE CHARLIE+LOLA PERSONAL DOORSIGN,0.38
5241,85071C,"CHARLIE+LOLA""EXTREMELY BUSY"" SIGN",0.38
5242,21770,OPEN CLOSED METAL SIGN,4.25
5243,22981,PANTRY APPLE CORER,1.25
5244,22918,HERB MARKER PARSLEY,0.55
5245,22919,HERB MARKER MINT,0.55
5246,22920,HERB MARKER BASIL,0.55
5247,22921,HERB MARKER CHIVES ,0.55
5248,22916,HERB MARKER THYME,0.55
5249,22917,HERB MARKER ROSEMARY,0.55
5250,21892,TRADITIONAL WOODEN CATCH CUP GAME ,1.06
5251,22925,BLUE GIANT GARDEN THERMOMETER,4.95
5252,22928,YELLOW GIANT GARDEN THERMOMETER,4.95
5253,22913,RED COAT RACK PARIS FASHION,4.25
5254,22914,BLUE COAT RACK PARIS FASHION,4.25
5255,22423,REGENCY CAKESTAND 3 TIER,5.0
5256,M,Manual,293.0
5257,23053,RECYCLED ACAPULCO MAT PINK,7.45
5258,23052,RECYCLED ACAPULCO MAT TURQUOISE,7.45
5259,23049,RECYCLED ACAPULCO MAT RED,7.45
5260,22895,SET OF 2 TEA TOWELS APPLE AND PEARS,2.75
5261,23089,GLASS BON BON JAR,1.45
5262,21015,DARK BIRD HOUSE TREE DECORATION,0.85
5263,78124,MAGAZINE RACK GEBRA ASSORTED ,1.25
5264,84875B,GREEN SQUARE COMPACT MIRROR,1.25
5265,37471,MULTICOLOUR POLKADOT PLATE,0.85
5266,22179,SET 10 NIGHT OWL LIGHTS,6.75
5267,23130,MISELTOE HEART WREATH ,4.15
5268,23129,HEART SHAPED HOLLY WREATH,4.15
5269,23131,MISELTOE HEART WREATH WHITE,4.15
5270,23090,VINTAGE GLASS T-LIGHT HOLDER,0.72
5271,85032B,BLOSSOM IMAGES GIFT WRAP SET,0.65
5272,84804B,BLUE DELPHINIUM ARTIFICIAL FLOWER,2.95
5273,84806B,WHITE CANDYSTUFT ARTIFICIAL FLOWER,1.25
5274,23104,IVORY CAFE HANGING LAMP ,12.5
5275,84706D,CHERRY BLOSSOM TABLE CLOCK ,1.95
5276,90202D,PINK ENAMEL FLOWER HAIR TIE,2.95
5277,84984B,RED PEONY CUSHION COVER ,4.65
5278,84984A,GREEN PEONY CUSHION COVER,4.65
5279,23064,CINDERELLA CHANDELIER ,41.75
5280,22619,SET OF 6 SOLDIER SKITTLES,0.0
5281,22659,LUNCH BOX I LOVE LONDON,1.9
5282,90093,CLEAR CRYSTAL STAR PHONE CHARM,0.85
5283,90085,CRYSTAL STILETTO PHONE CHARM,0.85
5284,22625,RED KITCHEN SCALES,6.25
5285,85039B,S/4 IVORY MINI ROSE CANDLE IN BOWL,1.45
5286,85032C,CURIOUS IMAGES GIFT WRAP SET,0.65
5287,90149,SILVER FLOWR PINK SHELL NECKLACE,7.5
5288,90144,SILVER DROP EARRINGS WITH FLOWER,3.75
5289,90013C,GREEN VINTAGE EARRINGS ,3.75
5290,90050,CRACKED GLAZE NECKLACE IVORY,6.95
5291,90141B,IVORY PENDANT TRIPLE SHELL NECKLACE,4.95
5292,16049,TEATIME GEL PENS ASST,0.12
5293,M,Manual,1241.98
5294,21930,JUMBO STORAGE BAG SKULLS,1.79
5295,23145,ZINC T-LIGHT HOLDER STARS LARGE,0.95
5296,23169,CLASSIC GLASS SWEET JAR,3.75
5297,23253,16 PC CUTLERY SET PANTRY DESIGN,15.95
5298,21359,RELAX LARGE WOOD LETTERS,12.95
5299,22349,DOG BOWL CHASING BALL DESIGN,4.18
5300,21310,CAPIZ CHANDELIER,29.95
5301,21686,MEDINA STAMPED METAL STOOL,34.95
5302,90041,PEARL AND CHERRY QUARTZ BRACLET,3.5
5303,85103,SILVER T-LIGHT SETTING,5.95
5304,23228,FILIGREE HEART BIRD WHITE ,1.25
5305,23227,FILIGREE HEART BUTTERFLY WHITE ,1.25
5306,23086,ZINC STAR T-LIGHT HOLDER ,1.25
5307,23148,MINIATURE ANTIQUE ROSE HOOK IVORY,0.85
5308,90125E,AMBER BERTIE GLASS BEAD BAG CHARM,2.1
5309,90125C,TURQUOISE BERTIE GLASS BEAD CHARM,2.1
5310,90125B,AQUA BERTIE GLASS BEAD BAG CHARM,2.1
5311,90125A,PINK BERTIE GLASS BEAD BAG CHARM,2.1
5312,C2,CARRIAGE,18.0
5313,23256,CHILDRENS CUTLERY SPACEBOY ,3.75
5314,23255,CHILDRENS CUTLERY CIRCUS PARADE,3.75
5315,23102,SILVER HEARTS TABLE DECORATION,0.72
5316,23101,SILVER STARS TABLE DECORATION,0.72
5317,23110,PARISIENNE KEY CABINET ,4.95
5318,23100,SILVER BELLS TABLE DECORATION,1.04
5319,23083,SET 6 PAPER TABLE LANTERN STARS ,3.29
5320,23080,RED METAL BOX TOP SECRET,7.5
5321,23081,GREEN METAL BOX ARMY SUPPLIES,7.5
5322,23444,Next Day Carriage,15.0
5323,17012A,ORIGAMI VANILLA INCENSE/CANDLE SET ,0.85
5324,22222,CAKE PLATE LOVEBIRD WHITE,4.25
5325,POST,POSTAGE,4.0
5326,M,Manual,0.3
5327,84510A,SET OF 4 ENGLISH ROSE COASTERS,1.06
5328,22106,MIRROR MOSAIC HURRICANE LAMP ,5.95
5329,22268,DECORATION SITTING BUNNY,0.85
5330,20667,CHERRY BLOSSOM PURSE,2.95
5331,23226,FILIGREE HEART DAISY WHITE,1.25
5332,84711B,PINK OVAL SHAPE TRINKET BOX,9.95
5333,84206C,CHAMPAGNE TRAY BLANK CARD,0.19
5334,23214,JINGLE BELL HEART ANTIQUE GOLD,2.08
5335,23215,JINGLE BELL HEART ANTIQUE SILVER,2.08
5336,90059F,DIAMANTE HAIR GRIP PACK/2 LT ROSE,1.65
5337,90208,PAIR OF PINK FLOWER CLUSTER SLIDE,2.55
5338,M,Manual,3.95
5339,23210,WHITE ROCKING HORSE HAND PAINTED,1.25
5340,23213,STAR WREATH DECORATION WITH BELL,1.25
5341,23212,HEART WREATH DECORATION WITH BELL,1.25
5342,23219,LAUREL STAR ANTIQUE SILVER ,1.25
5343,23224,CHERUB HEART DECORATION GOLD,0.83
5344,23221,REINDEER HEART DECORATION SILVER,0.83
5345,23106,ZINC HEARTS PLANT POT HOLDER,2.49
5346,23103,JINGLE BELL HEART DECORATION,1.45
5347,23107,WHITE HEARTS WIRE PLANT POT HOLDER,2.49
5348,23169,CLASSIC GLASS COOKIE JAR,3.75
5349,23211,RED ROCKING HORSE HAND PAINTED,1.04
5350,23214,JINGLE BELL HEART ANTIQUE GOLD,1.79
5351,23212,HEART WREATH DECORATION WITH BELL,1.04
5352,23215,JINGLE BELL HEART ANTIQUE SILVER,1.79
5353,23210,WHITE ROCKING HORSE HAND PAINTED,1.04
5354,23213,STAR WREATH DECORATION WITH BELL,1.04
5355,23216,LAUREL HEART ANTIQUE GOLD,1.04
5356,23217,LAUREL HEART ANTIQUE SILVER,1.04
5357,23225,CHERUB HEART DECORATION SILVER ,0.72
5358,23226,FILIGREE HEART DAISY WHITE,1.04
5359,23227,FILIGREE HEART BUTTERFLY WHITE ,1.04
5360,23302,KNEELING MAT HOUSEWORK  DESIGN,1.45
5361,23228,FILIGREE HEART BIRD WHITE ,1.04
5362,20657,TROPICAL LUGGAGE TAG,1.06
5363,85095,THREE CANVAS LUGGAGE TAGS,1.65
5364,20867,PINK ROSE FABRIC MIRROR,1.06
5365,21643,ASSORTED TUTTI FRUTTI MIRROR,1.06
5366,84050,PINK HEART SHAPE EGG FRYING PAN,1.45
5367,21562,HAWAIIAN GRASS SKIRT ,1.06
5368,84527,FLAMES SUNGLASSES PINK LENSES,1.65
5369,22439,6 ROCKET BALLOONS ,0.55
5370,21025,SPACE FROG,1.06
5371,21026,SPACE OWL,1.06
5372,84549,CROCHET WHITE RABBIT KEYRING ,1.45
5373,22535,MAGIC DRAWING SLATE BUNNIES ,0.36
5374,22900,SET 2 TEA TOWELS I LOVE LONDON ,3.25
5375,23275,SET OF 3 HANGING OWLS OLLIE BEAK,1.25
5376,23263,SET OF 3 WOODEN HEART DECORATIONS,1.25
5377,23045,PAPER LANTERN 5 POINT STAR MOON ,4.15
5378,23309,SET OF 60 I LOVE LONDON CAKE CASES ,0.55
5379,72586,SET OF 6 HALLOWEEN GHOST T-LIGHTS,0.42
5380,15056BL,EDWARDIAN PARASOL BLACK,1.95
5381,15056N,EDWARDIAN PARASOL NATURAL,1.95
5382,22798,ANTIQUE GLASS DRESSING TABLE POT,2.55
5383,22057,CERAMIC PLATE STRAWBERRY DESIGN,1.25
5384,22894,TABLECLOTH RED APPLES DESIGN ,8.15
5385,23054,RECYCLED ACAPULCO MAT LAVENDER,7.45
5386,23051,RECYCLED ACAPULCO MAT BLUE,7.45
5387,23050,RECYCLED ACAPULCO MAT GREEN,7.45
5388,23099,FRENCH CARRIAGE LANTERN,5.75
5389,22853,CAT BOWL VINTAGE CREAM,2.75
5390,22852,DOG BOWL VINTAGE CREAM,3.75
5391,23057,BEADED CHANDELIER T-LIGHT HOLDER,4.15
5392,22825,DECORATIVE PLANT POT WITH FRIEZE,6.75
5393,22485,SET OF 2 WOODEN MARKET CRATES,10.95
5394,23270,SET OF 2 CERAMIC PAINTED HEARTS ,1.45
5395,90206C,CRYSTAL DIAMANTE STAR BROOCH,4.95
5396,90206A,GOLD DIAMANTE STAR BROOCH,4.95
5397,84422,PINK/BLUE DISC/MIRROR STRING,0.85
5398,20996,JAZZ HEARTS ADDRESS BOOK,0.19
5399,85213,MINI  ZINC GARDEN DECORATIONS ,0.29
5400,23309,SET OF 60 I LOVE LONDON CAKE CASES ,0.42
5401,23307,SET OF 60 PANTRY DESIGN CAKE CASES ,0.55
5402,21250,SET OF SKULL WALL STICKERS,2.55
5403,22501,PICNIC BASKET WICKER LARGE,3.0
5404,23306,SET OF 36 DOILIES PANTRY DESIGN,1.45
5405,20932,PINK POT PLANT CANDLE,2.95
5406,85212,MINI PAINTED GARDEN DECORATION ,0.29
5407,23308,SET OF 60 VINTAGE LEAF CAKE CASES ,0.55
5408,23273,HEART T-LIGHT HOLDER WILLIE WINKIE,1.65
5409,23274,STAR T-LIGHT HOLDER WILLIE WINKIE,1.65
5410,47574A,ENGLISH ROSE SCENTED HANGING FLOWER,0.75
5411,21382,SET/4 SPRING FLOWER DECORATION,0.75
5412,21993,FLORAL FOLK STATIONERY SET,1.25
5413,21992,VINTAGE PAISLEY STATIONERY SET,1.25
5414,16052,TEATIME PUSH DOWN RUBBER,0.19
5415,22610,PENS ASSORTED FUNNY FACE,0.19
5416,22608,PENS ASSORTED FUNKY JEWELED ,0.19
5417,85184C,SET 4 VALENTINE DECOUPAGE HEART BOX,2.95
5418,85032D,YULETIDE IMAGES GIFT WRAP SET,0.65
5419,20992,JAZZ HEARTS PURSE NOTEBOOK,0.39
5420,75172,PAINTED SEA SHELL METAL WINDCHIME,0.79
5421,84422,PINK/BLUE DISC/MIRROR STRING,0.39
5422,21371,MIRRORED WALL ART POPPIES,0.75
5423,21365,MIRRORED WALL ART STARS,0.75
5424,20984,12 PENCILS TALL TUBE POSY,0.29
5425,21391,FRENCH LAVENDER SCENT HEART,0.75
5426,21990,MODERN FLORAL STATIONERY SET,1.25
5427,21991,BOHEMIAN COLLAGE STATIONERY SET,1.25
5428,85032A,ROMANTIC IMAGES GIFT WRAP SET,0.65
5429,22208,WOOD STAMP SET THANK YOU,0.83
5430,22232,JIGSAW TOADSTOOLS 3 PIECE,0.59
5431,22231,JIGSAW TREE WITH BIRDHOUSE,0.59
5432,84944,SET OF 6 KASHMIR FOLKART BAUBLES,1.65
5433,35818P,"ACRYLIC JEWEL ICICLE, PINK",0.38
5434,22986,WRAP GINGHAM ROSE ,0.42
5435,22609,PENS ASSORTED SPACEBALL,0.19
5436,21373,MIRRORED WALL ART SNOWFLAKES,0.75
5437,22209,WOOD STAMP SET HAPPY BIRTHDAY,0.83
5438,22161,HEART DECORATION RUSTIC HANGING ,0.19
5439,35471D,SET OF 3 BIRD LIGHT PINK FEATHER ,0.39
5440,16043,POP ART PUSH DOWN RUBBER ,0.12
5441,22269,EGG CUP NATURAL CHICKEN,0.39
5442,90214E,"LETTER ""E"" BLING KEY RING",1.25
5443,21495,SKULLS AND CROSSBONES WRAP,0.34
5444,16218,CARTOON  PENCIL SHARPENERS,0.06
5445,16216,LETTER SHAPE PENCIL SHARPENER,0.06
5446,21636,MADRAS NOTEBOOK MEDIUM,0.75
5447,90102,WHITE FRANGIPANI HAIR CLIP,0.85
5448,23240,SET OF 4 KNICK KNACK TINS DOILEY ,4.15
5449,22230,JIGSAW TREE WITH WATERING CAN,0.29
5450,22342,HOME GARLAND PAINTED ZINC ,0.75
5451,22266,EASTER DECORATION HANGING BUNNY,0.19
5452,21386,IVORY HANGING DECORATION  EGG,0.19
5453,22210,WOOD STAMP SET BEST WISHES,0.83
5454,51014L,"FEATHER PEN,LIGHT PINK",0.39
5455,23238,SET OF 4 KNICK KNACK TINS LONDON ,4.15
5456,22211,WOOD STAMP SET FLOWERS,0.83
5457,16219,HOUSE SHAPE PENCIL SHARPENER,0.06
5458,16259,PIECE OF CAMO STATIONERY SET,0.08
5459,16045,POPART WOODEN PENCILS ASST,0.04
5460,21634,ASSORTED MINI MADRAS NOTEBOOK,0.39
5461,51014A,"FEATHER PEN,HOT PINK",0.39
5462,21658,GLASS  BEURRE DISH,3.75
5463,22783,SET 3 WICKER OVAL BASKETS W LIDS,12.48
5464,23243,SET OF TEA COFFEE SUGAR TINS PANTRY,4.15
5465,84865,NEW BAROQUE BLACK PHOTO ALBUM,2.95
5466,84661B,BLACK SQUARE TABLE CLOCK,2.55
5467,84415B,BLUE FLOCK CUSHION COVER ,1.25
5468,84415A,PINK FLOCK SUEDE CUSHION COVER ,1.25
5469,15058B,PINK POLKADOT GARDEN PARASOL,6.75
5470,85227,SET OF 6 3D KIT CARDS FOR KIDS,0.64
5471,84226,HEN HOUSE W FAMILY IN BARN & NEST,0.64
5472,35912B,WHITE/PINK CHICK DECORATION,1.06
5473,23444,Next Day Carriage,30.0
5474,23245,SET OF 3 REGENCY CAKE TINS,4.95
5475,23239,SET OF 4 KNICK KNACK TINS POPPIES,4.15
5476,23236,DOILEY STORAGE TIN,2.89
5477,23235,STORAGE TIN VINTAGE LEAF,2.89
5478,23241,TREASURE TIN GYMKHANA DESIGN,2.08
5479,23242,TREASURE TIN BUFFALO BILL ,2.08
5480,23243,SET OF TEA COFFEE SUGAR TINS PANTRY,4.95
5481,23247,BISCUIT TIN 50'S CHRISTMAS,2.89
5482,23216,LAUREL HEART ANTIQUE GOLD,1.25
5483,23244,ROUND STORAGE TIN VINTAGE LEAF,1.95
5484,23237,SET OF 4 KNICK KNACK TINS LEAVES ,4.15
5485,22950,36 DOILIES VINTAGE CHRISTMAS,1.45
5486,M,Manual,129.38
5487,51014C,"FEATHER PEN,COAL BLACK",0.39
5488,23237,SET OF 4 KNICK KNACK TINS LEAVES ,3.75
5489,35923,CANDY HEART HANGING DECORATION,0.39
5490,35966,FOLKART CHRISTMAS TREE T-LIGHT HOLD,0.38
5491,23244,STORAGE TIN VINTAGE LEAF,1.95
5492,23245,SET OF 3 REGENCY CAKE TINS,4.15
5493,20713,JUMBO BAG OWLS,2.08
5494,16054,POPART RECT PENCIL SHARPENER ASST,0.12
5495,23321,SMALL WHITE HEART OF WICKER,1.69
5496,23236,DOILEY BISCUIT TIN,2.89
5497,23310,BUBBLEGUM RING ASSORTED,0.42
5498,90214L,"LETTER ""L"" BLING KEY RING",1.25
5499,90214N,"LETTER ""N"" BLING KEY RING",1.25
5500,90214H,"LETTER ""H"" BLING KEY RING",1.25
5501,23220,REINDEER HEART DECORATION GOLD,0.83
5502,90116,FRUIT SALAD BAG CHARM,1.69
5503,84824,DANISH ROSE UMBRELLA STAND,15.95
5504,84820,DANISH ROSE TRINKET TRAYS,4.65
5505,21209,MULTICOLOUR HONEYCOMB FAN,0.39
5506,21635,MADRAS NOTEBOOK LARGE ,1.25
5507,85204,HANGING WOOD AND FELT FLOWER,0.12
5508,22311,OFFICE MUG WARMER BLACK+SILVER ,2.55
5509,21372,MIRRORED WALL ART TABLE LAMP,0.75
5510,16162L,THE KING GIFT BAG,0.65
5511,23079,TOADSTOOL BEDSIDE LIGHT ,8.25
5512,22228,BUNNY WOODEN PAINTED WITH BIRD ,0.39
5513,22229,BUNNY WOODEN PAINTED WITH FLOWER ,0.39
5514,22268,DECORATION SITTING BUNNY,0.19
5515,22286,DECORATION WOBBLY RABBIT METAL ,0.39
5516,22233,JIGSAW RABBIT AND BIRDHOUSE,0.59
5517,22502,PICNIC BASKET WICKER 60 PIECES,649.5
5518,35970,ZINC FOLKART SLEIGH BELLS,1.69
5519,23266,SET OF 3 WOODEN STOCKING DECORATION,1.25
5520,23265,SET OF 3 WOODEN TREE DECORATIONS,1.25
5521,23264,SET OF 3 WOODEN SLEIGH DECORATIONS,1.25
5522,23269,SET OF 2 CERAMIC CHRISTMAS TREES,1.45
5523,23268,SET OF 2 CERAMIC CHRISTMAS REINDEER,1.45
5524,23252,VINTAGE RED ENAMEL TRIM JUG ,3.75
5525,23322,LARGE WHITE HEART OF WICKER,2.95
5526,22197,POPCORN HOLDER,0.85
5527,77079,DOLPHIN WINDMILL,2.12
5528,23286,BLUE VINTAGE SPOT BEAKER,0.85
5529,23338,EGG FRYING PAN RED ,2.08
5530,23285,PINK VINTAGE SPOT BEAKER,0.85
5531,23288,GREEN VINTAGE SPOT BEAKER,0.85
5532,22287,DECORATION WOBBLY CHICKEN,0.39
5533,85194S,HANGING SPRING FLOWER EGG SMALL,0.19
5534,23211,RED ROCKING HORSE HAND PAINTED,1.25
5535,20901,VINTAGE KEEPSAKE BOX PINK FLOWER,6.35
5536,POST,POSTAGE,2.02
5537,37462E,"PET MUG, GOLDFISH",0.19
5538,23343,JUMBO BAG VINTAGE CHRISTMAS ,2.08
5539,47310M,SMALL POP BOX FUNKY MONKEY,1.25
5540,M,Manual,4.25
5541,22588,CARD HOLDER GINGHAM HEART,2.89
5542,22596,CHRISTMAS STAR WISH LIST CHALKBOARD,1.25
5543,90026A,GLASS BEAD HOOP NECKLACE BLACK,8.5
5544,90036B,"FLOWER GLASS GARLAND NECKL.36""GREEN",7.95
5545,90079,VINTAGE ENAMEL & CRYSTAL NECKLACE,4.95
5546,90001A,ANTIQUE RASPBERRY FLOWER EARRINGS,4.25
5547,90001D,ANTIQUE OLIVE GREEN FLOWER EARRINGS,4.25
5548,90001B,ANTIQUE MID BLUE FLOWER EARRINGS,4.25
5549,90190B,GOLD/AMBER DROP EARRINGS W LEAF,2.95
5550,90190A,SILVER/CRYSTAL DROP EARRINGS W LEAF,2.95
5551,90187B,GREEN DROP EARRINGS W BEAD CLUSTER,3.35
5552,23271,CHRISTMAS TABLE CANDLE SILVER SPIKE,0.83
5553,23335,EGG FRYING PAN IVORY ,2.08
5554,23339,EGG FRYING PAN BLUE ,2.08
5555,23336,EGG FRYING PAN PINK ,2.08
5556,23337,EGG FRYING PAN MINT ,2.08
5557,23292,SPACE BOY CHILDRENS CUP,1.25
5558,23291,DOLLY GIRL CHILDRENS CUP,1.25
5559,23289,DOLLY GIRL CHILDRENS BOWL,1.25
5560,23290,SPACEBOY CHILDRENS BOWL,1.25
5561,23287,RED VINTAGE SPOT BEAKER,0.85
5562,20997,ROSE DU SUD CUSHION COVER ,4.95
5563,23188,VINTAGE  2 METER FOLDING RULER,1.65
5564,23235,BISCUIT TIN VINTAGE LEAF,2.89
5565,23244,CANNISTER VINTAGE LEAF DESIGN,1.95
5566,23251,VINTAGE RED ENAMEL TRIM MUG ,1.25
5567,23249,VINTAGE RED ENAMEL TRIM PLATE,1.65
5568,23250,VINTAGE RED TRIM ENAMEL BOWL ,1.25
5569,23307,SET OF 60 PANTRY DESIGN CAKE CASES ,0.42
5570,23308,SET OF 60 VINTAGE LEAF CAKE CASES ,0.42
5571,82484,WOOD BLACK BOARD ANT WHITE FINISH,4.8
5572,22507,MEMO BOARD RETROSPOT  DESIGN,3.91
5573,22507,MEMO BOARD RETROSPOT  DESIGN,3.9
5574,21623,VINTAGE UNION JACK MEMOBOARD,6.4
5575,23229,VINTAGE DONKEY TAIL GAME ,3.39
5576,23236,DOILEY STORAGE TIN,2.49
5577,23235,STORAGE TIN VINTAGE LEAF,2.49
5578,23286,BLUE VINTAGE SPOT BEAKER,0.72
5579,23285,PINK VINTAGE SPOT BEAKER,0.72
5580,23306,SET OF 36 DOILIES PANTRY DESIGN,1.25
5581,23249,VINTAGE RED ENAMEL TRIM PLATE,1.45
5582,23252,VINTAGE RED ENAMEL TRIM JUG ,3.29
5583,23251,VINTAGE RED ENAMEL TRIM MUG ,1.04
5584,23234,BISCUIT TIN VINTAGE CHRISTMAS,2.89
5585,23012,GLASS APOTHECARY BOTTLE PERFUME,3.95
5586,23014,GLASS APOTHECARY BOTTLE ELIXIR,3.95
5587,23035,DRAWER KNOB CERAMIC IVORY,1.45
5588,84551,CROCHET DOG KEYRING,1.65
5589,23012,GLASS APOTHECARY BOTTLE PERFUME,3.45
5590,23014,GLASS APOTHECARY BOTTLE ELIXIR,3.45
5591,23229,VINTAGE DONKEY TAIL GAME ,3.75
5592,23020,GLASS  SONGBIRD STORAGE JAR,12.5
5593,23032,DRAWER KNOB CRACKLE GLAZE IVORY,1.65
5594,23028,DRAWER KNOB CRACKLE GLAZE BLUE,1.65
5595,23031,DRAWER KNOB CRACKLE GLAZE PINK,1.65
5596,23029,DRAWER KNOB CRACKLE GLAZE GREEN,1.65
5597,23033,DRAWER KNOB CERAMIC RED,1.45
5598,23034,DRAWER KNOB CERAMIC BLACK,1.45
5599,23013,GLASS APOTHECARY BOTTLE TONIC,3.95
5600,20713,JUMBO BAG OWLS,1.79
5601,23229,DONKEY TAIL GAME ,3.39
5602,23321,SMALL WHITE HEART OF WICKER,1.65
5603,21208,PASTEL COLOUR HONEYCOMB FAN,0.39
5604,23173,REGENCY TEAPOT ROSES ,8.0
5605,23238,SET OF 4 KNICK KNACK TINS LONDON ,3.75
5606,23240,SET OF 4 KNICK KNACK TINS DOILEY ,3.75
5607,23244,ROUND STORAGE TIN VINTAGE LEAF,1.65
5608,23288,GREEN VINTAGE SPOT BEAKER,0.72
5609,23287,RED VINTAGE SPOT BEAKER,0.72
5610,22197,POPCORN HOLDER,0.72
5611,16254,TRANSPARENT ACRYLIC TAPE DISPENSER,0.85
5612,21584,RETROSPOT SMALL TUBE MATCHES,1.45
5613,23079, TOADSTOOL BEDSIDE LIGHT ,8.95
5614,84595E,LARGE TORTILLA DESIGN RED BOWL,1.65
5615,23344,JUMBO BAG 50'S CHRISTMAS ,2.08
5616,21367,MIRRORED WALL ART GENTS,0.75
5617,20869,GOLD FABRIC MIRROR,0.39
5618,23239,SET OF 4 KNICK KNACK TINS POPPIES,3.75
5619,23241,TREASURE TIN GYMKHANA DESIGN,1.85
5620,23242,TREASURE TIN BUFFALO BILL ,1.85
5621,21974,SET OF 36 PAISLEY FLOWER DOILIES,1.25
5622,23291,DOLLY GIRL CHILDRENS CUP,1.05
5623,23292,SPACE BOY CHILDRENS CUP,1.05
5624,22911,PAPER CHAIN KIT LONDON,2.55
5625,22709,WRAP WEDDING DAY,0.34
5626,16161P,WRAP ENGLISH ROSE ,0.34
5627,22050,PINK PAISLEY ROSE GIFT WRAP,0.34
5628,23233,WRAP POPPIES  DESIGN,0.34
5629,22308,TEA COSY BLUE STRIPE,2.1
5630,21369,MIRRORED WALL ART SPLODGES,1.25
5631,23236,DOILEY BISCUIT TIN,2.49
5632,23032,DOORKNOB CRACKED GLAZE IVORY,1.45
5633,23028,DOORKNOB CRACKED GLAZE BLUE,1.45
5634,23022,SMALL BONNE JAM JAR  T-LIGHT HOLDER,1.79
5635,85099C,JUMBO  BAG BAROQUE BLACK WHITE,1.75
5636,23199,JUMBO BAG APPLES,1.75
5637,22386,JUMBO BAG PINK POLKADOT,1.75
5638,C2,CARRIAGE,25.0
5639,21194,PINK  HONEYCOMB PAPER FAN,0.65
5640,22734,SET OF 6 RIBBONS VINTAGE CHRISTMAS,2.89
5641,22267,EASTER DECORATION EGG BUNNY ,0.39
5642,23187,FRENCH STYLE STORAGE JAR BONBONS,0.28
5643,23186,FRENCH STYLE STORAGE JAR CAFE ,0.28
5644,23185,FRENCH STYLE STORAGE JAR JAM,0.28
5645,21368,MIRRORED WALL ART LADIES,0.75
5646,23016,GLASS TWIST BON BON JAR,6.65
5647,23020,GLASS  SONGBIRD STORAGE JAR,11.15
5648,23013,GLASS APOTHECARY BOTTLE TONIC,3.45
5649,23026,DRAWER KNOB VINTAGE GLASS STAR,1.79
5650,23035,DRAWER KNOB CERAMIC IVORY,1.25
5651,23119,PACK OF 6 LARGE FRUIT STRAWS ,0.62
5652,22900,SET 2 TEA TOWELS I LOVE LONDON ,2.55
5653,23292,SPACEBOY CHILDRENS CUP,1.25
5654,23123,COCKTAIL SWORDS 50 PIECES,0.83
5655,23122,PARTY CHARMS 50 PIECES,0.83
5656,23120,PACK OF 6 SMALL FRUIT STRAWS,0.42
5657,23121,PACK OF 6 COCKTAIL PARASOL STRAWS,0.42
5658,23124,18PC WOODEN CUTLERY SET DISPOSABLE,1.25
5659,23125,6PC WOOD PLATE SET DISPOSABLE,1.25
5660,23039,T-LIGHT HOLDER SILVER HEART HANDLE,1.95
5661,75011,BLUE DAISY MOBILE,0.79
5662,85168B,BLACK BAROQUE CARRIAGE CLOCK,9.95
5663,20615,BLUE POLKADOT PASSPORT COVER,0.75
5664,35933,PINK STOCKING CHRISTMAS DECORATION,0.38
5665,23022,SMALL BONNE JAM JAR  T-LIGHT HOLDER,2.08
5666,23023,RIDGED BONNE JAM JAR T-LIGHT HOLDER,1.65
5667,23343,JUMBO BAG VINTAGE CHRISTMAS ,1.79
5668,10080,GROOVY CACTUS INFLATABLE,0.39
5669,22536,MAGIC DRAWING SLATE PURDEY,0.27
5670,22535,MAGIC DRAWING SLATE BUNNIES ,0.27
5671,22533,MAGIC DRAWING SLATE BAKE A CAKE ,0.27
5672,22532,MAGIC DRAWING SLATE LEAP FROG ,0.27
5673,22693,GROW A FLYTRAP OR SUNFLOWER IN TIN,0.86
5674,21890,S/6 WOODEN SKITTLES IN COTTON BAG,2.26
5675,22550,HOLIDAY FUN LUDO,2.62
5676,21703,BAG 125g SWIRLY MARBLES,0.27
5677,21912,VINTAGE SNAKES & LADDERS,2.62
5678,23229,VINTAGE DONKEY TAIL GAME ,2.62
5679,22548,HEADS AND TAILS SPORTING FUN,0.85
5680,21790,VINTAGE SNAP CARDS,0.58
5681,84679,CLASSICAL ROSE TABLE LAMP,19.95
5682,23019,SMALL APOTHECARY MEASURING JAR ,8.25
5683,72369A,PINK CLEAR GLASS CANDLE PLATE,1.25
5684,22181,SNOWSTORM PHOTO FRAME FRIDGE MAGNET,0.72
5685,23272,TREE T-LIGHT HOLDER WILLIE WINKIE,1.65
5686,23036,T-LIGHT HOLDER SILVER PETIT FOUR ,1.25
5687,23021,GLASS BONNE JAM JAR,4.15
5688,23232,WRAP VINTAGE LEAF DESIGN,0.42
5689,POST,POSTAGE,700.0
5690,21915,RED  HARMONICA IN BOX ,0.98
5691,21012,ANTIQUE ALL GLASS CANDLESTICK,1.69
5692,23198,PANTRY MAGNETIC  SHOPPING LIST,1.45
5693,23027,DRAWER KNOB VINTAGE GLASS HEXAGON,2.08
5694,23186,FRENCH STYLE STORAGE JAR CAFE ,0.29
5695,23187,FRENCH STYLE STORAGE JAR BONBONS,0.29
5696,23015,CORDIAL GLASS JUG,8.25
5697,23016,GLASS TWIST BON BON JAR,7.85
5698,23024,LARGE BONNE JAM JAR  T-LIGHT HOLDER,2.89
5699,22279,POCKET BAG BLUE PAISLEY RED SPOT,1.06
5700,23225,CHERUB HEART DECORATION SILVER ,0.83
5701,23217,LAUREL HEART ANTIQUE SILVER,1.25
5702,23223,CHRISTMAS TREE HANGING SILVER ,0.83
5703,23222,CHRISTMAS TREE HANGING GOLD,0.83
5704,23197,SKETCHBOOK MAGNETIC SHOPPING LIST,1.45
5705,23196,RETRO LEAVES MAGNETIC NOTEPAD,1.45
5706,22687,DOORMAT CHRISTMAS VILLAGE,7.95
5707,23267,SET OF 4 SANTA PLACE SETTINGS,1.25
5708,22591,CARDHOLDER GINGHAM CHRISTMAS TREE,3.25
5709,23198,PANTRY MAGNETIC  SHOPPING LIST,1.25
5710,23323,WHITE WICKER STAR ,2.1
5711,23315,IVORY REFECTORY CLOCK,9.95
5712,23316,RED REFECTORY CLOCK ,9.95
5713,23342,MINT DINER WALL CLOCK,8.5
5714,23341,PINK DINER WALL CLOCK,8.5
5715,23196,RETO LEAVES MAGNETIC SHOPPING LIST,1.45
5716,23037,CANDLE HOLDER SILVER MADELINE,1.65
5717,23197,VEGETABLE MAGNETIC  SHOPPING LIST,1.45
5718,23271,CHRISTMAS TABLE SILVER CANDLE SPIKE,0.83
5719,17012F,ORIGAMI SANDLEWOOD INCENSE/CAND SET,0.85
5720,90176D,DIAMANTE NECKLACE PURPLE,7.5
5721,23317,BLUE REFECTORY CLOCK ,9.95
5722,23017,APOTHECARY MEASURING JAR,12.5
5723,23018,LARGE APOTHECARY MEASURING JAR ,12.5
5724,23032,DOORKNOB CRACKED GLAZE IVORY,1.65
5725,23031,DOORKNOB CRACKED GLAZE PINK,1.65
5726,23029,DOORKNOB CRACKED GLAZE GREEN,1.65
5727,23028,DOORKNOB CRACKED GLAZE BLUE,1.65
5728,23025,DRAWER KNOB VINTAGE GLASS BALL,2.08
5729,23026,DRAWER KNOB VINTAGE GLASS STAR,2.08
5730,47566B,TEA TIME PARTY BUNTING,4.25
5731,82483,WOOD 2 DRAWER CABINET WHITE FINISH,6.89
5732,23024,LARGE BONNE JAM JAR  T-LIGHT HOLDER,2.49
5733,21261,GREEN GOOSE FEATHER CHRISTMAS TREE ,2.95
5734,21934,SKULL SHOULDER BAG,1.45
5735,23290,SPACEBOY CHILDRENS BOWL,1.05
5736,23119,PACK OF 6 LARGE FRUIT STRAWS ,0.53
5737,23122,PARTY CHARMS 50 PIECES,0.72
5738,23121,PACK OF 6 COCKTAIL PARASOL STRAWS,0.36
5739,23123,COCKTAIL SWORDS 50 PIECES,0.72
5740,23292,SPACEBOY CHILDRENS CUP,1.05
5741,23289,DOLLY GIRL CHILDRENS BOWL,1.05
5742,23020,GLASS SONGBIRD STORAGE JAR,11.15
5743,23018,LARGE APOTHECARY MEASURING JAR ,11.15
5744,23017,APOTHECARY MEASURING JAR,11.15
5745,23019,SMALL APOTHECARY MEASURING JAR ,7.45
5746,85049A,TRADITIONAL CHRISTMAS RIBBONS,1.06
5747,22124,SET OF 2 TEA TOWELS PING MICROWAVE,2.95
5748,20713,JUMBO BAG OWLS,1.74
5749,21931,JUMBO STORAGE BAG SUKI,1.74
5750,23118,PARISIENNE JEWELLERY DRAWER ,5.32
5751,M,Manual,600.0
5752,21874,GIN AND TONIC MUG,1.06
5753,21872,GLAMOROUS  MUG,1.06
5754,71143,SILVER BOOK MARK WITH BEADS,0.85
5755,23201,JUMBO BAG ALPHABET,1.75
5756,23200,JUMBO BAG PEARS,1.75
5757,85099B,JUMBO BAG RED RETROSPOT,1.75
5758,23202,JUMBO BAG VINTAGE LEAF,1.75
5759,23214,BELL HEART ANTIQUE GOLD,2.08
5760,22115,METAL SIGN EMPIRE TEA,0.79
5761,21179,NO JUNK MAIL METAL SIGN,0.39
5762,21905,MORE BUTTER METAL SIGN ,0.79
5763,22999,TRAVEL CARD WALLET VINTAGE LEAF,0.42
5764,84746,PINK EASTER HENS+FLOWER,3.75
5765,79062D,"RETRO TIN ASHTRAY,REVOLUTIONARY",0.29
5766,23196,LEAVES MAGNETIC  SHOPPING LIST,1.45
5767,47504K,ENGLISH ROSE GARDEN SECATEURS,0.79
5768,21163,DO NOT TOUCH MY STUFF DOOR HANGER ,0.39
5769,20622,VIP PASSPORT COVER ,2.1
5770,22096,PINK PAISLEY SQUARE TISSUE BOX ,0.39
5771,22098,BOUDOIR SQUARE TISSUE BOX,0.39
5772,22095,LADS ONLY TISSUE BOX,0.39
5773,22097,SWALLOW SQUARE TISSUE BOX,0.39
5774,22099,CARAVAN SQUARE TISSUE BOX,0.39
5775,21899,GARAGE KEY FOB,0.65
5776,85130D,BEADED CRYSTAL HEART PINK LARGE,0.79
5777,35265,COLOURFUL FLOWER FRUIT BOWL,1.0
5778,21359,RELAX LARGE WOOD LETTERS,3.95
5779,M,Manual,30.0
5780,21642,ASSORTED TUTTI FRUTTI PEN,0.29
5781,M,Manual,8.95
5782,23234,BISCUIT TIN VINTAGE CHRISTMAS,2.49
5783,22402,MAGNETS PACK OF 4 VINTAGE COLLAGE,0.39
5784,22403,MAGNETS PACK OF 4 VINTAGE LABELS ,0.39
5785,M,Manual,389.68
5786,21306,SET/4 DAISY MIRROR MAGNETS,0.29
5787,21311,SET/4 BIRD MIRROR MAGNETS ,0.29
5788,21307,SET/4 BUTTERFLY MIRROR MAGNETS,0.29
5789,81952B,ROUND BLUE CLOCK WITH SUCKER,0.19
5790,81952V,ROUND PURPLE CLOCK WITH SUCKER,0.19
5791,81950V,FLOWER PURPLE CLOCK WITH SUCKER,0.29
5792,81950B,FLOWER BLUE CLOCK WITH SUCKER,0.29
5793,22400,MAGNETS PACK OF 4 HOME SWEET HOME,0.39
5794,22398,MAGNETS PACK OF 4 SWALLOWS,0.39
5795,22396,MAGNETS PACK OF 4 RETRO PHOTO,0.39
5796,22091,EMPIRE TISSUE BOX,0.39
5797,84660A,WHITE STITCHED WALL CLOCK,0.79
5798,84663A,GRASS HOPPER WOODEN WALL CLOCK ,0.79
5799,84660B,BLACK STITCHED WALL CLOCK,0.79
5800,84660C,PINK STITCHED WALL CLOCK,0.79
5801,84629,WHITE 3 FRAME BIRDS AND TREE ,4.95
5802,84686,BEACH HUT MIRROR,0.79
5803,23237,SET OF 4 KNICK KNACK TINS LEAF,4.15
5804,23321,SMALL WHITE HEART OF WICKER,1.45
5805,22421,LIPSTICK PEN FUSCHIA,0.36
5806,23320,GIANT 50'S CHRISTMAS CRACKER,2.89
5807,23104,IVORY CAFE HANGING LAMP ,10.4
5808,22092,BLUE PAISLEY TISSUE BOX,0.39
5809,22900,SET 2 TEA TOWELS I LOVE LONDON ,2.75
5810,23120,PACK OF 6 SMALL FRUIT STRAWS,0.36
5811,84929,ASSTD FRUIT+FLOWERS FRIDGE MAGNETS,0.19
5812,85211,S/4 GROOVY CAT MAGNETS,0.79
5813,22909,SET OF 20 VINTAGE CHRISTMAS NAPKINS,0.72
5814,22950,36 DOILIES VINTAGE CHRISTMAS,1.25
5815,21344,MOROCCAN BEATEN METAL DISH,9.95
5816,85071B,RED CHARLIE+LOLA PERSONAL DOORSIGN,0.39
5817,84927E,FLOWERS TILE HOOK,0.39
5818,84926D,LA PALMIERA TILE COASTER,0.29
5819,22093,MOTORING TISSUE BOX,0.39
5820,22094,RED RETROSPOT TISSUE BOX,0.39
5821,23574,PACKING CHARGE,7.5
5822,21162,TOXIC AREA  DOOR HANGER ,0.39
5823,21158,MOODY GIRL DOOR HANGER ,0.39
5824,16008,SMALL FOLDING SCISSOR(POINTED EDGE),0.12
5825,23196,VINTAGE LEAF MAGNETIC NOTEPAD,1.45
5826,23229,DONKEY TAIL GAME ,3.75
5827,84926F,PSYCHEDELIC TILE COASTER,0.29
5828,21763,VINTAGE WOODEN BAR STOOL,20.0
5829,84976,RECTANGULAR SHAPED MIRROR,0.79
5830,23268,SET OF 2 CERAMIC CHRISTMAS REINDEER,1.25
5831,85071A,BLUE CHARLIE+LOLA PERSONAL DOORSIGN,0.39
5832,85071D,CHARLIE+LOLA MY ROOM DOOR SIGN,0.39
5833,85071C,"CHARLIE+LOLA""EXTREMELY BUSY"" SIGN",0.39
5834,22116,METAL SIGN HIS DINNER IS SERVED,0.79
5835,23318,BOX OF 6 MINI VINTAGE CRACKERS,2.49
5836,23319,BOX OF 6 MINI 50'S CRACKERS,2.49
5837,72811,SMALL ZINC/GLASS CANDLEHOLDER,1.49
5838,21906,PHARMACIE FIRST AID TIN,5.95
5839,84925F,PSYCHEDELIC WALL THERMOMETER,0.79
5840,22806,SET OF 6 T-LIGHTS WEDDING CAKE ,2.55
5841,90043,COPPER AND BRASS BAG CHARM,4.95
5842,90049,IVORY GOLD METAL BAG CHARM,4.95
5843,90046,WHITE WITH METAL BAG CHARM,4.95
5844,90048,GREEN WITH METAL BAG CHARM,4.95
5845,90205C,LARGE CRYSTAL DIAMANTE HAIRSLIDE,1.65
5846,90205A,LARGE MINT DIAMANTE HAIRSLIDE,1.65
5847,44236,PINK/PURPLE CIRCLE CURTAIN,0.79
5848,23283,DOORMAT VINTAGE LEAF,6.75
5849,21694,SMALL REGAL  SILVER CANDLEPOT ,2.55
5850,84926A,WAKE UP COCKEREL TILE COASTER,0.29
5851,84926E,FLOWERS TILE COASTER,0.29
5852,22826,LOVE SEAT ANTIQUE WHITE METAL,85.0
5853,21159,MOODY BOY  DOOR HANGER ,0.39
5854,M,Manual,0.79
5855,84725,FREESTYLE CANVAS ART PICTURE,0.75
5856,20832,RED FLOCK LOVE HEART PHOTO FRAME,0.39
5857,84706F,RED PEONY TABLE CLOCK,2.95
5858,84539,KNITTED RABBIT DOLL ,1.65
5859,85130C,BEADED CRYSTAL HEART BLUE  LARGE,0.79
5860,21850,BLUE  DIAMANTE PEN IN GIFT BOX,4.25
5861,23283,DOORMAT VINTAGE LEAF,7.95
5862,44242A,LILAC FEATHERS CURTAIN,0.79
5863,84818,DANISH ROSE PHOTO FRAME,0.79
5864,22100,SKULLS SQUARE TISSUE BOX,0.39
5865,35645,VINTAGE BEAD PINK JEWEL BOX,4.25
5866,84927D,LA PALMIERA TILE HOOK,0.39
5867,84927A,WAKE UP COCKEREL TILE HOOK,0.39
5868,85130B,BEADED CRYSTAL HEART GREEN LARGE,0.79
5869,23038,T-LIGHT HOLDER SILVER SAUCER,0.83
5870,23316,RED REFECTORY CLOCK ,8.15
5871,21067,VINTAGE RED TEATIME MUG,1.06
5872,23313,VINTAGE CHRISTMAS BUNTING,4.95
5873,23296,SET OF 6 TEA TIME BAKING CASES,1.04
5874,23294,SET OF 6 SNACK LOAF BAKING CASES,0.72
5875,23293,SET OF 12 FAIRY CAKE BAKING CASES,0.72
5876,23295,SET OF 12 MINI LOAF BAKING CASES,0.72
5877,23297,SET 40 HEART SHAPE PETIT FOUR CASES,1.45
5878,47503H,ASS FLORAL PRINT SPIRIT LEVEL ,0.79
5879,21641,ASSORTED TUTTI FRUTTI KEYRING BALL,0.29
5880,84924F,PSYCHEDELIC METAL SIGN CALENDAR,0.79
5881,23296,SET OF 6 TEA TIME BAKING CASES,1.25
5882,23294,SET OF 6 SNACK LOAF BAKING CASES,0.83
5883,23297,SET 40 HEART SHAPE PETIT FOUR CASES,1.65
5884,84927F,PSYCHEDELIC TILE HOOK,0.39
5885,POST,POSTAGE,145.0
5886,81953B,ROUND BLUE CLOCK WITH SUCKER,0.19
5887,81953P,ROUND ARTICULATED PINK CLOCK W/SUCK,0.19
5888,23185,FRENCH STYLE STORAGE JAR JAM,0.29
5889,90214I,"LETTER ""I"" BLING KEY RING",1.25
5890,23293,SET OF 12 FAIRY CAKE BAKING CASES,0.83
5891,15056BL,EDWARDIAN PARASOL BLACK,4.25
5892,21503,TOYBOX  WRAP ,0.34
5893,22706,WRAP COWBOYS  ,0.34
5894,23232,WRAP VINTAGE LEAF DESIGN,0.34
5895,23197,SKETCHBOOK MAGNETIC SHOPPING LIST,1.25
5896,23198,PANTRY MAGNETIC  SHOPPING LIST,1.04
5897,M,Manual,18.0
5898,23295,SET OF 12 MINI LOAF BAKING CASES,0.83
5899,23252,ENAMEL JUG PANTRY,3.75
5900,23250,ENAMEL BOWL PANTRY,1.25
5901,23251,ENAMEL MUG PANTRY,1.25
5902,23311,VINTAGE CHRISTMAS STOCKING ,2.55
5903,47504H,ENGLISH ROSE SPIRIT LEVEL ,0.79
5904,82583,HOT BATHS METAL SIGN,2.39
5905,22413,METAL SIGN TAKE IT OR LEAVE IT ,3.2
5906,82600,NO SINGING METAL SIGN,2.39
5907,21181,PLEASE ONE PERSON METAL SIGN,2.39
5908,21174,POTTERING IN THE SHED METAL SIGN,2.39
5909,21166,COOK WITH WINE METAL SIGN ,2.39
5910,22306,SILVER MUG BONE CHINA TREE OF LIFE,1.25
5911,23314,VINTAGE CHRISTMAS TABLECLOTH,12.5
5912,POST,POSTAGE,550.94
5913,23247,BISCUIT TIN 50'S CHRISTMAS,2.49
5914,17012D,ORIGAMI ROSE INCENSE/CANDLE SET ,0.85
5915,23109,PACK OF SIX LED TEA LIGHTS,2.89
5916,23312,VINTAGE CHRISTMAS GIFT SACK,4.15
5917,22959,WRAP CHRISTMAS VILLAGE,0.34
5918,90030C,BROWN KUKUI COCONUT SEED NECKLACE,1.0
5919,90030B,RED KUKUI COCONUT SEED NECKLACE,1.0
5920,90031,BILI NUT AND WOOD NECKLACE,1.0
5921,90030A,SPOTTED WHITE NATURAL SEED NECKLACE,1.0
5922,90101,WHITE FRANGIPANI NECKLACE,2.55
5923,90103,PURPLE FRANGIPANI NECKLACE,2.55
5924,90141D,ROSE PENDANT TRIPLE SHELL NECKLACE,4.95
5925,90141E,ORANGE PENDANT TRIPLE SHELL NECKLAC,4.95
5926,23550,WRAP ALPHABET POSTER  ,0.42
5927,23341,PINK DINER WALL CLOCK,7.65
5928,22689,DOORMAT MERRY CHRISTMAS RED ,6.75
5929,22339,CHRISTMAS TREE PAINTED ZINC ,0.55
5930,23218,LAUREL STAR ANTIQUE GOLD,1.25
5931,35970,ZINC FOLKART SLEIGH BELLS,1.49
5932,37491D,PURPLE/BLUE CERAMIC CANDLE HOLDER,1.65
5933,37491B,BLUE/YELLOW CERAMIC CANDLE HOLDER,1.65
5934,37491C,GREEN/BLUE CERAMIC CANDLE HOLDER,1.65
5935,M,Manual,550.64
5936,22548,HEADS AND TAILS SPORTING FUN,1.06
5937,22711,WRAP CIRCUS PARADE,0.34
5938,22048,BIRTHDAY BANQUET GIFT WRAP,0.34
5939,22831,WHITE BROCANTE SOAP DISH,2.55
5940,23065,LARGE DECO JEWELLERY STAND,11.15
5941,23066,SMALL DECO JEWELLERY STAND,7.45
5942,84402B,PURPLE DRESS JEWELLERY STAND,0.79
5943,23549,WRAP BIRD GARDEN ,0.42
5944,23546,WRAP PAISLEY PARK ,0.42
5945,16162M,THE KING GIFT BAG 25x24x12cm,0.42
5946,23033,DRAWER KNOB CERAMIC RED,1.25
5947,20868,SILVER FABRIC MIRROR,0.39
5948,20969,RED FLORAL FELTCRAFT SHOULDER BAG,3.39
5949,20970,PINK FLORAL FELTCRAFT SHOULDER BAG,3.39
5950,22905,CALENDAR IN SEASON DESIGN,2.55
5951,22179,SET 10 NIGHT OWL LIGHTS,5.95
5952,22625,RED KITCHEN SCALES,6.0
5953,M,Manual,451.42
5954,84732D,CUTE RABBIT CEATURE SCREEN ,0.39
5955,84732B,CUTE BIRD CEATURE SCREEN,0.39
5956,23545,WRAP RED DOILEY,0.42
5957,23125,6PC WOOD PLATE SET DISPOSABLE,1.04
5958,23124,18PC WOODEN CUTLERY SET DISPOSABLE,1.04
5959,23547,WRAP FLOWER SHOP  ,0.42
5960,23548,WRAP MAGIC FOREST ,0.42
5961,21698,MOCK LOBSTER FRIDGE MAGNET,0.39
5962,35637A,IVORY STRING CURTAIN WITH POLE ,1.95
5963,35637C,PINK STRING CURTAIN WITH POLE,1.95
5964,84387A,BIRD ON BRANCH CANVAS SCREEN,1.95
5965,84723,CHERRY BLOSSOM CANVAS ART PICTURE,1.95
5966,23216,LAUREL HEART ANTIQUE GOLD,1.06
5967,23219,LAUREL STAR ANTIQUE SILVER ,1.04
5968,23218,LAUREL STAR ANTIQUE GOLD,1.04
5969,23224,CHERUB HEART DECORATION GOLD,0.72
5970,23263,SET OF 3 WOODEN HEART DECORATIONS,1.04
5971,23270,SET OF 2 CERAMIC PAINTED HEARTS ,1.25
5972,23273,HEART T-LIGHT HOLDER WILLIE WINKIE,1.45
5973,23274,STAR T-LIGHT HOLDER WILLIE WINKIE,1.45
5974,23317,BLUE REFECTORY CLOCK ,8.15
5975,23322,LARGE WHITE HEART OF WICKER,2.55
5976,23323,WHITE WICKER STAR ,1.85
5977,23039,T-LIGHT HOLDER SILVER HEART HANDLE,1.65
5978,23088,ZINC HEART FLOWER T-LIGHT HOLDER,1.04
5979,23087,ZINC  HEART T-LIGHT HOLDER,1.04
5980,23037,CANDLE HOLDER SILVER MADELINE,1.45
5981,22771,CLEAR DRAWER KNOB ACRYLIC EDWARDIAN,1.04
5982,23034,DRAWER KNOB CERAMIC BLACK,1.25
5983,22948,METAL DECORATION NAUGHTY CHILDREN ,0.72
5984,79144B,PAINTED LIGHTBULB STAR+ MOON,0.37
5985,79144C,PAINTED LIGHTBULB RAINBOW DESIGN,0.37
5986,85161,ACRYLIC GEOMETRIC LAMP,16.95
5987,16236,KITTY PENCIL ERASERS,0.16
5988,16238,PARTY TIME PENCIL ERASERS,0.16
5989,23235,BISCUIT TIN VINTAGE LEAF,2.49
5990,16169E,WRAP 50'S  CHRISTMAS,0.42
5991,84341B,SMALL PINK MAGIC CHRISTMAS TREE,0.38
5992,84857B,BLUE MONTE CARLO HANDBAG,1.95
5993,35638B,PINK/BLUE STRING CURTAIN ,1.95
5994,47566,PARTY BUNTING,4.3
5995,22504,CABIN BAG VINTAGE RETROSPOT,24.95
5996,23005,TRAVEL CARD WALLET I LOVE LONDON,0.36
5997,POST,POSTAGE,2.9
5998,23347,I LOVE LONDON BEAKER,1.25
5999,23345, DOLLY GIRL BEAKER,1.25
6000,23346,SPACEBOY BEAKER,1.25
6001,22165,"DIAMANTE HEART SHAPED WALL MIRROR, ",10.75
6002,23335,EGG FRYING PAN IVORY ,1.85
6003,23196,VINTAGE LEAF MAGNETIC NOTEPAD,1.25
6004,22959,WRAP CHRISTMAS VILLAGE,0.42
6005,22167, OVAL WALL MIRROR DIAMANTE ,0.0
6006,POST,POSTAGE,36.5
6007,85184C,SET 4 VALENTINE DECOUPAGE HEART BOX,2.55
6008,23237,SET OF 4 KNICK KNACK TINS LEAF,3.75
6009,23122,PARTY CHARMS 50 PIECES,0.65
6010,79321,CHILLI LIGHTS,4.65
6011,23130,MISTLETOE HEART WREATH GREEN,3.75
6012,23131,MISTLETOE HEART WREATH CREAM,3.75
6013,23344,JUMBO BAG 50'S CHRISTMAS ,1.79
6014,23035,DOORKNOB CERAMIC IVORY,1.45
6015,84984D,ORIENTAL RED CUSHION COVER ,4.65
6016,70007,HI TEC ALPINE HAND WARMER,0.79
6017,85152,HAND OVER THE CHOCOLATE   SIGN ,1.66
6018,23315,IVORY REFECTORY CLOCK,8.15
6019,23318,BOX OF 6 MINI VINTAGE CRACKERS,2.08
6020,22945,CHRISTMAS METAL TAGS ASSORTED ,0.72
6021,23157,SET OF 6 NATIVITY MAGNETS ,1.85
6022,23319,BOX OF 6 MINI 50'S CRACKERS,2.08
6023,23320,GIANT 50'S CHRISTMAS CRACKER,2.49
6024,22965,3 TRADITIONAl BISCUIT CUTTERS  SET,1.85
6025,23338,EGG FRYING PAN RED ,1.85
6026,85179C,PINK BITTY LIGHT CHAIN,4.65
6027,84536B,FAIRY CAKES NOTEBOOK A7 SIZE,0.32
6028,22960,JAM MAKING SET WITH JARS,0.0
6029,21891,TRADITIONAL WOODEN SKIPPING ROPE,1.02
6030,23197,VEGETABLE MAGNETIC  SHOPPING LIST,1.25
6031,79336,LIGHT PINK FLOCK GLASS CANDLEHOLDER,0.38
6032,22407,MONEY BOX FIRST AID DESIGN,1.25
6033,23109,PACK OF SIX LED TEA LIGHTS,2.49
6034,23020,GLASS SONGBIRD STORAGE JAR,12.5
6035,22142,CHRISTMAS CRAFT WHITE FAIRY ,1.25
6036,M,Manual,4.95
6037,21332,MOROCCAN BEATEN METAL MIRROR,3.95
6038,M,Manual,0.08
6039,84731,3 BIRDS CANVAS SCREEN,0.39
6040,23340,VINTAGE CHRISTMAS CAKE FRILL,1.65
6041,23186,FRENCH STYLE STORAGE JAR CAFE ,1.04
6042,23131,MISELTOE HEART WREATH CREAM,4.15
6043,85049E,SCANDINAVIAN REDS RIBBONS,1.06
6044,M,Manual,0.0
6045,M,Manual,250.0
6046,35650,VINTAGE BEAD PINK JEWEL STAND,4.95
6047,90019B,GOLD M.O.P ORBIT BRACELET,4.95
6048,23360,SET 8 CANDLES VINTAGE DOILEY,1.95
6049,23359,SET OF 12 T-LIGHTS VINTAGE DOILEY,1.95
6050,85038,6 CHOCOLATE LOVE HEART T-LIGHTS,1.85
6051,23373,VINTAGE CHRISTMAS PAPER GIFT BAG,0.82
6052,23436,GIFT BAG LARGE VINTAGE CHRISTMAS,1.25
6053,23353,6 GIFT TAGS VINTAGE CHRISTMAS ,0.83
6054,23354,6 GIFT TAGS 50'S CHRISTMAS ,0.83
6055,23374,RED SPOT PAPER GIFT BAG,0.82
6056,84535B,FAIRY CAKES NOTEBOOK A6 SIZE,0.42
6057,22758,LARGE PURPLE BABUSHKA NOTEBOOK  ,1.06
6058,22756,LARGE YELLOW BABUSHKA NOTEBOOK ,1.06
6059,20983,12 PENCILS TALL TUBE RED RETROSPOT,0.72
6060,20982,12 PENCILS TALL TUBE SKULLS,0.72
6061,21986,PACK OF 12 PINK POLKADOT TISSUES,0.25
6062,23438, RED SPOT GIFT BAG LARGE,1.25
6063,21747,SMALL SKULL WINDMILL,1.06
6064,23189,SET OF 12 FORK CANDLES,2.49
6065,84963B,BLUE PAINTED KASHMIRI CHAIR,49.95
6066,23313,VINTAGE CHRISTMAS BUNTING,4.15
6067,23349,ROLL WRAP VINTAGE CHRISTMAS,1.25
6068,23350,ROLL WRAP VINTAGE SPOT ,1.25
6069,23438,GIFT BAG LARGE SPOT ,1.25
6070,23352,ROLL WRAP 50'S RED CHRISTMAS ,1.25
6071,23351,ROLL WRAP 50'S CHRISTMAS,1.25
6072,23203,JUMBO BAG VINTAGE DOILEY ,2.08
6073,23203,JUMBO BAG VINTAGE DOILEY ,1.79
6074,22939,ADULT APRON APPLE DELIGHT,4.95
6075,11001,ASSTD DESIGN RACING CAR PEN,1.27
6076,20829,GLITTER HANGING BUTTERFLY STRING,1.69
6077,23275,SET OF 3 HANGING OWLS OLLIE BEAK,1.04
6078,23231,WRAP  VINTAGE DOILEY ,0.42
6079,20897,VINTAGE NOTEBOOK PARIS DAYS,2.55
6080,23240,SET OF 4 KNICK KNACK TINS DOILY ,4.15
6081,23324,RUSTIC STRAWBERRY JAMPOT LARGE ,2.08
6082,90209A,PURPLE ENAMEL+GLASS HAIR COMB,2.1
6083,23203,JUMBO BAG VINTAGE DOILY ,2.08
6084,23209,LUNCH BAG VINTAGE DOILY ,1.65
6085,23360,SET 8 CANDLES VINTAGE DOILY,1.95
6086,23236,STORAGE TIN VINTAGE DOILY ,2.89
6087,35638A,PINK AND BLACK STRING CURTAIN,1.95
6088,22130,PARTY CONE CHRISTMAS DECORATION ,0.72
6089,23332,IVORY WICKER HEART LARGE,1.65
6090,23329,DECORATIVE WICKER HEART LARGE,1.65
6091,44235,ASSORTED COLOURED CIRCLE MOBILE ,0.42
6092,90013A,MIDNIGHT BLUE VINTAGE EARRINGS,3.75
6093,23330,DECORATIVE WICKER HEART MEDIUM,1.25
6094,23329,DECORATIVE WICKER HEART LARGE,1.45
6095,23334,IVORY WICKER HEART SMALL,0.55
6096,23332,IVORY WICKER HEART LARGE,1.45
6097,23333,IVORY WICKER HEART MEDIUM,1.04
6098,23209,LUNCH BAG VINTAGE DOILEY ,1.65
6099,M,Manual,208.34
6100,23203,JUMBO BAG VINTAGE DOILY ,1.79
6101,23231,WRAP  VINTAGE DOILY ,0.42
6102,23236,STORAGE TIN VINTAGE DOILEY ,2.89
6103,23240,SET OF 4 KNICK KNACK TINS  DOILEY ,4.15
6104,23333,IVORY WICKER HEART MEDIUM,1.25
6105,23328,SET 6 SCHOOL MILK BOTTLES IN CRATE,3.75
6106,23331,DECORATIVE WICKER HEART SMALL,0.63
6107,23327,HANGING CLEAR MINI BOTTLE,0.63
6108,23189,SET OF 12 FORK CANDLES,2.89
6109,M,Manual,2500.0
6110,23334,IVORY WICKER HEART SMALL,0.63
6111,23359,SET OF 12 T-LIGHTS VINTAGE DOILY,1.65
6112,23157,SET OF 6 NATIVITY MAGNETS ,0.0
6113,23326,HANGING MINI COLOURED BOTTLES,0.63
6114,22809,SET OF 6 T-LIGHTS SANTA,2.55
6115,23345, DOLLY GIRL BEAKER,1.08
6116,23209,LUNCH BAG VINTAGE DOILY ,1.45
6117,23346,SPACEBOY BEAKER,1.08
6118,22337,ANGEL DECORATION PAINTED ZINC ,0.55
6119,22336,DOVE DECORATION PAINTED ZINC ,0.55
6120,22603,CHRISTMAS RETROSPOT TREE WOOD,0.72
6121,22601,CHRISTMAS RETROSPOT ANGEL WOOD,0.72
6122,22594,CHRISTMAS GINGHAM TREE,0.72
6123,20977,36 PENCILS TUBE WOODLAND,1.06
6124,21544,SKULLS  WATER TRANSFER TATTOOS ,0.65
6125,23325,RUSTIC STRAWBERRY JAMPOT SMALL,1.65
6126,22686,FRENCH BLUE METAL DOOR SIGN No,1.06
6127,22811,SET OF 6 T-LIGHTS CACTI ,2.55
6128,23326,HANGING MINI COLOURED BOTTLES,0.55
6129,35817P,PINK ACRYLIC JEWEL SNOWFLAKE,0.38
6130,35816P,"ACRYLIC JEWEL ANGEL,PINK",0.38
6131,23545,WRAP RED VINTAGE DOILY,0.42
6132,21794,CLASSIC FRENCH STYLE BASKET NATURAL,2.0
6133,23310,BUBBLEGUM RING ASSORTED,0.36
6134,22067,CHOC TRUFFLE GOLD TRINKET POT ,1.45
6135,84813,SET OF 4 DIAMOND NAPKIN RINGS,10.95
6136,47310M,SMALL POP BOX FUNKY MONKEY,1.05
6137,23325,RUSTIC STRAWBERRY JAM POT SMALL,1.65
6138,23359,SET OF 12 T-LIGHTS VINTAGE DOILY,1.95
6139,35597D,PINK/WHITE CHRISTMAS TREE 30CM,0.38
6140,85185B,PINK HORSE SOCK PUPPET,2.55
6141,35818B,"ACRYLIC JEWEL ICICLE, BLUE",0.38
6142,23324,RUSTIC STRAWBERRY JAM POT LARGE ,2.08
6143,22307,GOLD MUG BONE CHINA TREE OF LIFE,1.25
6144,23328,SET 6 SCHOOL MILK BOTTLES IN CRATE,3.39
6145,23327,HANGING CLEAR MINI BOTTLE,0.55
6146,M,Manual,8.49
6147,48184,DOORMAT ENGLISH ROSE ,8.0
6148,48185,DOORMAT FAIRY CAKE,8.0
6149,48187,DOORMAT NEW ENGLAND,8.0
6150,48188,DOORMAT WELCOME PUPPIES,8.0
6151,48194,DOORMAT HEARTS,8.0
6152,20685,DOORMAT RED RETROSPOT,8.0
6153,21524,DOORMAT SPOTTY HOME SWEET HOME,8.0
6154,21955,DOORMAT UNION JACK GUNS AND ROSES,8.0
6155,22365,DOORMAT RESPECTABLE HOUSE,8.0
6156,21523,DOORMAT FANCY FONT HOME SWEET HOME,8.0
6157,22689,DOORMAT MERRY CHRISTMAS RED ,8.0
6158,22690,DOORMAT HOME SWEET HOME BLUE ,8.0
6159,48138,DOORMAT UNION FLAG,8.0
6160,22666,RECIPE BOX PANTRY YELLOW DESIGN,3.2
6161,22117,METAL SIGN HER DINNER IS SERVED ,3.2
6162,23286,BLUE VINTAGE SPOT BEAKER,1.08
6163,23288,GREEN VINTAGE SPOT BEAKER,1.08
6164,23285,PINK VINTAGE SPOT BEAKER,1.08
6165,22989,SET 2 PANTRY DESIGN TEA TOWELS,3.28
6166,22993,SET OF 4 PANTRY JELLY MOULDS,1.43
6167,22979,PANTRY WASHING UP BRUSH,1.65
6168,22978,PANTRY ROLLING PIN,4.02
6169,22728,ALARM CLOCK BAKELIKE PINK,4.08
6170,22730,ALARM CLOCK BAKELIKE IVORY,4.08
6171,22969,HOMEMADE JAM SCENTED CANDLES,1.7
6172,23298,SPOTTY BUNTING,5.14
6173,22930,BAKING MOULD HEART MILK CHOCOLATE,2.6
6174,22960,JAM MAKING SET WITH JARS,4.6
6175,22722,SET OF 6 SPICE TINS PANTRY DESIGN,4.25
6176,22720,SET OF 3 CAKE TINS PANTRY DESIGN ,5.08
6177,23243,SET OF TEA COFFEE SUGAR TINS PANTRY,5.15
6178,21246,RED RETROSPOT BIG BOWL,4.25
6179,23340,VINTAGE CHRISTMAS CAKE FRILL,1.45
6180,23360,SET 8 CANDLES VINTAGE DOILY,1.65
6181,23353,6 GIFT TAGS VINTAGE CHRISTMAS ,0.72
6182,22687,DOORMAT CHRISTMAS VILLAGE,6.75
6183,22734,SET OF 6 RIBBONS VINTAGE CHRISTMAS,2.49
6184,23436,VINTAGE CHRISTMAS GIFT BAG LARGE ,1.04
6185,23240,SET OF 4 KNICK KNACK TINS DOILY ,3.75
6186,23550,WRAP ALPHABET POSTER  ,0.34
6187,23545,WRAP RED VINTAGE DOILY,0.34
6188,21197,MULTICOLOUR  CONFETTI IN TUBE,1.45
6189,23314,VINTAGE CHRISTMAS TABLECLOTH,10.39
6190,22736,RIBBON REEL MAKING SNOWMEN ,1.45
6191,23312,VINTAGE CHRISTMAS GIFT SACK,3.75
6192,22735,RIBBON REEL SOCKS AND MITTENS,1.45
6193,22738,RIBBON REEL SNOWY VILLAGE,1.45
6194,22739,RIBBON REEL CHRISTMAS SOCK BAUBLE,1.45
6195,47351B,BLUE  VOILE LAMPSHADE,2.55
6196,85099F,JUMBO BAG STRAWBERRY,1.75
6197,21931,JUMBO STORAGE BAG SUKI,1.75
6198,21929,JUMBO BAG PINK VINTAGE PAISLEY,1.75
6199,85106,CUT GLASS HEXAGON T-LIGHT HOLDER,1.69
6200,85104,SILVER GLASS T-LIGHT SET,2.55
6201,85107,CUT GLASS T-LIGHT HOLDER OCTAGON,1.69
6202,22114,HOT WATER BOTTLE TEA AND SYMPATHY,4.25
6203,35916B,BLUE FELT HANGING HEART WITH FLOWER,0.85
6204,23357,HOT WATER BOTTLE SEX BOMB,4.95
6205,23358,HOT STUFF HOT WATER BOTTLE,3.75
6206,23375,50'S CHRISTMAS PAPER GIFT BAG,0.82
6207,23356,LOVE HOT WATER BOTTLE,5.95
6208,84206A,3 BLACK CATS W HEARTS BLANK CARD,0.19
6209,84201B,HAPPY BIRTHDAY CARD STRIPEY TEDDY,0.19
6210,23355,HOT WATER BOTTLE KEEP CALM,4.95
6211,90176C,DIAMANTE NECKLACE,7.5
6212,90176E,DIAMANTE NECKLACE GREEN,7.5
6213,23437, 50'S CHRISTMAS GIFT BAG LARGE,1.25
6214,23436,VINTAGE CHRISTMAS GIFT BAG LARGE ,1.25
6215,90003E,GREEN PAIR HEART HAIR SLIDES,3.75
6216,23015,CORDIAL JUG,8.25
6217,82578,KITCHEN METAL SIGN,0.72
6218,84029E,RED WOOLLY HOTTIE WHITE HEART.,3.95
6219,90209A,PURPLE ENAMEL+GLASS HAIR COMB,1.75
6220,23086,ZINC  STAR T-LIGHT HOLDER ,1.04
6221,23445,ICE CREAM BUBBLES,0.83
6222,22340,NOEL GARLAND PAINTED ZINC ,1.65
6223,20831,GOLD PHOTO FRAME,1.69
6224,85023B,EAU DE NILE JEWELLED PHOTOFRAME,2.1
6225,85024B,EAU DE NILE JEWELLED PHOTOFRAME,1.45
6226,85025C,PINK HEART SHAPE PHOTO FRAME,1.45
6227,85025B,EAU DE NILE HEART SHAPE PHOTO FRAME,1.45
6228,20713,JUMBO BAG OWLS,1.75
6229,21928,JUMBO BAG SCANDINAVIAN BLUE PAISLEY,1.75
6230,22411,JUMBO SHOPPER VINTAGE RED PAISLEY,1.75
6231,20712,JUMBO BAG WOODLAND ANIMALS,1.75
6232,23439,HAND WARMER RED LOVE HEART,2.1
6233,90018C,SILVER BLACK ORBIT DROP EARRINGS,4.25
6234,90024B,NEW BAROQUE B'FLY NECKLACE RED,8.5
6235,23355,HOT WATER BOTTLE KEEP CALM,4.15
6236,23023,RIDGED BONNE JAM JAR T-LIGHT HOLDER,1.45
6237,90211A,DIAMOND LAS VEGAS NECKLACE 45CM,5.95
6238,22114,HOT WATER BOTTLE TEA AND SYMPATHY,3.75
6239,23350,ROLL WRAP VINTAGE SPOT ,1.04
6240,23351,ROLL WRAP 50'S CHRISTMAS,1.04
6241,23352,ROLL WRAP 50'S RED CHRISTMAS ,1.04
6242,23431,NATURAL HANGING QUILTED HEARTS ,0.72
6243,23324,RUSTIC STRAWBERRY JAMPOT LARGE ,1.85
6244,23431,NATURAL HANGING QUILTED HEARTS ,0.83
6245,23433,HANGING QUILTED PATCHWORK APPLES,0.83
6246,23270,SET OF 2 CERAMIC PAINTED HEARTS ,0.0
6247,23268,SET OF 2 CERAMIC CHRISTMAS REINDEER,0.0
6248,22955,36 FOIL STAR CAKE CASES ,0.0
6249,21786,POLKADOT RAIN HAT ,0.0
6250,23348,CHILDRENS TOY COOKING UTENSIL SET,2.08
6251,21705,BAG 500g SWIRLY MARBLES,1.45
6252,84201C,HAPPY BIRTHDAY CARD TEDDY/CAKE,0.19
6253,82486,3 DRAWER ANTIQUE WHITE WOOD CABINET,8.95
6254,17107D,FLOWER FAIRY 5 DRAWER LINERS,2.55
6255,21507,ELEPHANT BIRTHDAY CARD ,0.42
6256,22889,NUMBER TILE VINTAGE FONT No ,2.1
6257,16207B,PINK HEART RED HANDBAG,2.46
6258,16225,RATTLE SNAKE EGGS,3.29
6259,16254,TRANSPARENT ACRYLIC TAPE DISPENSER,1.63
6260,84249A,"GREETING CARD,SQUARE, DOUGHNUTS",0.83
6261,84659A,WHITE TRAVEL ALARM CLOCK,1.23
6262,DOT,DOTCOM POSTAGE,11.17
6263,23348,CHILDRENS TOY COOKING UTENSIL SET,1.79
6264,35819B,"ACRYLIC HANGING JEWEL,BLUE",0.38
6265,35599B,BLACK CHRISTMAS TREE 120CM,7.25
6266,84968A,SET OF 16 VINTAGE ROSE CUTLERY,10.95
6267,84968E,SET OF 16 VINTAGE BLACK CUTLERY,10.95
6268,84968F,SET OF 16 VINTAGE SKY BLUE CUTLERY,10.95
6269,20767,BLUE PAISLEY JOURNAL ,2.1
6270,23432,PRETTY HANGING QUILTED HEARTS,0.83
6271,71459,HANGING JAM JAR T-LIGHT HOLDERS,0.85
6272,85045,GREEN CHRISTMAS TREE STRING 20LIGHT,4.25
6273,22812,PACK 3 BOXES CHRISTMAS PANNETONE,1.65
6274,22776,SWEETHEART 3 TIER CAKE STAND ,9.95
6275,22625,RED KITCHEN SCALES,7.5
6276,48138,DOORMAT UNION FLAG,8.25
6277,20685,DOORMAT RED RETROSPOT,8.25
6278,21955,DOORMAT UNION JACK GUNS AND ROSES,8.25
6279,22690,DOORMAT HOME SWEET HOME BLUE ,8.25
6280,48129,DOORMAT TOPIARY,8.25
6281,22687,DOORMAT CHRISTMAS VILLAGE,8.25
6282,23439,HAND WARMER RED LOVE HEART,1.85
6283,23356,LOVE HOT WATER BOTTLE,4.95
6284,23358,HOT STUFF HOT WATER BOTTLE,3.29
6285,23376,PACK OF 12 VINTAGE CHRISTMAS TISSUE,0.39
6286,23378,PACK OF 12 50'S CHRISTMAS TISSUES,0.39
6287,22366,DOORMAT AIRMAIL ,8.25
6288,22414,DOORMAT NEIGHBOURHOOD WITCH ,8.25
6289,22365,DOORMAT RESPECTABLE HOUSE,8.25
6290,21754,HOME BUILDING BLOCK WORD,6.25
6291,21755,LOVE BUILDING BLOCK WORD,6.25
6292,90183A,AMBER DROP EARRINGS W LONG BEADS,2.95
6293,21523,DOORMAT FANCY FONT HOME SWEET HOME,8.25
6294,48187,DOORMAT NEW ENGLAND,8.25
6295,82482,WOODEN PICTURE FRAME WHITE FINISH,2.95
6296,21669,BLUE STRIPE CERAMIC DRAWER KNOB,1.45
6297,21668,RED STRIPE CERAMIC DRAWER KNOB,1.45
6298,21672,WHITE SPOT RED CERAMIC DRAWER KNOB,1.45
6299,22173,METAL 4 HOOK HANGER FRENCH CHATEAU,3.29
6300,23445,ICE CREAM BUBBLES,0.72
6301,22818,CARD CHRISTMAS VILLAGE,0.36
6302,22376,AIRLINE BAG VINTAGE JET SET WHITE,3.95
6303,20665,RED RETROSPOT PURSE ,2.55
6304,23188,VINTAGE  2 METER FOLDING RULER,1.45
6305,23266,SET OF 3 WOODEN STOCKING DECORATION,1.04
6306,23325,RUSTIC STRAWBERRY JAM POT SMALL,1.45
6307,23331,DECORATIVE WICKER HEART SMALL,0.55
6308,23330,DECORATIVE WICKER HEART MEDIUM,1.04
6309,23357,HOT WATER BOTTLE SEX BOMB,4.15
6310,23432,PRETTY HANGING QUILTED HEARTS,0.72
6311,23433,HANGING QUILTED PATCHWORK APPLES,0.72
6312,22595,GINGHAM HEART DECORATION,0.72
6313,22441,GROW YOUR OWN BASIL IN ENAMEL MUG,1.85
6314,23061,VINTAGE EMBOSSED HEART,1.04
6315,23183,MOTHER'S KITCHEN SPOON REST ,3.29
6316,21756,BATH BUILDING BLOCK WORD,6.25
6317,84378,SET OF 3 HEART COOKIE CUTTERS,1.45
6318,84380,SET OF 3 BUTTERFLY COOKIE CUTTERS,1.45
6319,23551,PACK OF 12 PAISLEY PARK TISSUES ,0.39
6320,22616,PACK OF 12 LONDON TISSUES ,0.39
6321,21967,PACK OF 12 SKULL TISSUES,0.39
6322,21524,DOORMAT SPOTTY HOME SWEET HOME,8.25
6323,21982,PACK OF 12 SUKI TISSUES ,0.39
6324,21670,BLUE SPOT CERAMIC DRAWER KNOB,1.45
6325,22941,CHRISTMAS LIGHTS 10 REINDEER,6.5
6326,22113,GREY HEART HOT WATER BOTTLE,4.25
6327,84029G,KNITTED UNION FLAG HOT WATER BOTTLE,4.25
6328,22835,HOT WATER BOTTLE I AM SO POORLY,4.95
6329,21986,PACK OF 12 PINK POLKADOT TISSUES,0.39
6330,22178,VICTORIAN GLASS HANGING T-LIGHT,1.65
6331,22689,DOORMAT MERRY CHRISTMAS RED ,8.25
6332,21984,PACK OF 12 PINK PAISLEY TISSUES ,0.39
6333,22178,VICTORIAN GLASS HANGING T-LIGHT,1.95
6334,M,Manual,852.8
6335,20718,RED RETROSPOT SHOPPER BAG,2.46
6336,20733,GOLD MINI TAPE MEASURE ,0.83
6337,21914,BLUE HARMONICA IN BOX ,2.46
6338,22086,PAPER CHAIN KIT 50'S CHRISTMAS ,5.79
6339,22188,BLACK HEART CARD HOLDER,8.29
6340,22354,RETROSPOT PADDED SEAT CUSHION,7.46
6341,22356,CHARLOTTE BAG PINK POLKADOT,1.63
6342,22446,PIN CUSHION BABUSHKA PINK,2.46
6343,22457,NATURAL SLATE HEART CHALKBOARD ,5.79
6344,22492,MINI PAINT SET VINTAGE ,1.63
6345,22812,PACK 3 BOXES CHRISTMAS PANNETONE,4.13
6346,22896,PEG BAG APPLES DESIGN,4.96
6347,22897,OVEN MITT APPLES DESIGN,3.29
6348,22939,ADULT APRON APPLE DELIGHT,10.79
6349,22961,JAM MAKING SET PRINTED,3.29
6350,51014A,"FEATHER PEN,HOT PINK",0.83
6351,84031A,CHARLIE+LOLA RED HOT WATER BOTTLE ,4.13
6352,85131B,BEADED CRYSTAL HEART GREEN ON STICK,0.83
6353,DOT,DOTCOM POSTAGE,16.46
6354,21671,RED SPOT CERAMIC DRAWER KNOB,1.45
6355,21673,WHITE SPOT BLUE CERAMIC DRAWER KNOB,1.45
6356,48194,DOORMAT HEARTS,8.25
6357,22077,6 RIBBONS RUSTIC CHARM,1.95
6358,23342,MINT DINER CLOCK,8.5
6359,22114,HOT WATER BOTTLE TEA AND SYMPATHY,4.65
6360,84051,ASS COLOUR GLOWING TIARAS,0.64
6361,84029E,RED WOOLLY HOTTIE WHITE HEART.,4.25
6362,23396,BUTTERFLY CUSHION COVER,3.75
6363,23395,BELLE JARDINIERE CUSHION COVER,3.75
6364,23394,POSTE FRANCE CUSHION COVER,3.75
6365,23407,SET OF 2 TRAYS HOME SWEET HOME,9.95
6366,23393,HOME SWEET HOME CUSHION COVER ,3.75
6367,23427,STOOL HOME SWEET HOME ,12.5
6368,48111,DOORMAT 3 SMILEY CATS,8.25
6369,48188,DOORMAT WELCOME PUPPIES,8.25
6370,22692,DOORMAT WELCOME TO OUR HOME,8.25
6371,22691,DOORMAT WELCOME SUNRISE,8.25
6372,23397,FOOT STOOL HOME SWEET HOME ,9.95
6373,23377,PACK OF 12 DOLLY GIRL TISSUES,0.39
6374,23399,HOME SWEET HOME HANGING HEART,0.85
6375,23089,GLASS BON BON JAR,1.95
6376,21980,PACK OF 12 RED RETROSPOT TISSUES ,0.39
6377,71477,COLOUR GLASS. STAR T-LIGHT HOLDER,3.95
6378,21874,GIN AND TONIC MUG,1.65
6379,21484,CHICK GREY HOT WATER BOTTLE,4.25
6380,21876,POTTERING MUG,1.65
6381,21871,SAVE THE PLANET MUG,1.65
6382,23411, TRELLIS COAT RACK,4.95
6383,23398,HANGING HEART BONHEUR,0.85
6384,23396,LA JARDIN BOTANIQUE CUSHION COVER,3.75
6385,21479,WHITE SKULL HOT WATER BOTTLE ,4.25
6386,22592,CARDHOLDER HOLLY WREATH METAL,3.39
6387,22614,PACK OF 12 SPACEBOY TISSUES,0.39
6388,37370,RETRO COFFEE MUGS ASSORTED,1.65
6389,21877,HOME SWEET HOME MUG,1.65
6390,48173C,DOORMAT BLACK FLOCK ,8.25
6391,22324,BLUE POLKADOT KIDS BAG,1.65
6392,23404,HOME SWEET HOME BLACKBOARD,4.95
6393,23424,GINGHAM RECIPE BOOK BOX,4.95
6394,23406,HOME SWEET HOME KEY HOLDER,6.25
6395,23414,ZINC BOX SIGN HOME,9.95
6396,23236,STORAGE TIN VINTAGE DOILY ,2.49
6397,23032,DRAWER KNOB CRACKLE GLAZE IVORY,1.45
6398,23028,DRAWER KNOB CRACKLE GLAZE BLUE,1.45
6399,23405,HOME SWEET HOME 2 DRAWER CABINET,4.95
6400,22118,JOY WOODEN BLOCK LETTERS,4.25
6401,22580,ADVENT CALENDAR GINGHAM SACK,4.95
6402,82486,3 DRAWER ANTIQUE WHITE WOOD CABINET,8.15
6403,23379,PACK OF 12 RED APPLE TISSUES,0.39
6404,23381,PACK OF 12 VINTAGE LEAF TISSUES ,0.39
6405,23380,PACK OF 12 VINTAGE DOILY TISSUES,0.39
6406,23402,HOME SWEEET HOME 3 PEG HANGER ,3.75
6407,23403,LETTER HOLDER HOME SWEET HOME,3.75
6408,48187,DOORMAT NEW ENGLAND,7.08
6409,82583,HOT BATHS METAL SIGN,2.4
6410,23437,GIFT BAG LARGE 50'S CHRISTMAS,1.25
6411,21981,PACK OF 12 WOODLAND TISSUES ,0.39
6412,23426,METAL SIGN DROP YOUR PANTS,2.89
6413,23425,STORAGE TIN HOME SWEET HOME,2.49
6414,23412,HEART MIRROR ANTIQUE WHITE,7.5
6415,23392,SPACEBOY ROCKET LOLLY MAKERS,2.08
6416,23400,SHELF WITH 4 HOOKS HOME SWEET HOME,6.25
6417,21985,PACK OF 12 HEARTS DESIGN TISSUES ,0.39
6418,23249,ENAMEL DINNER PLATE PANTRY,1.65
6419,71459,HANGING JAM JAR T-LIGHT HOLDERS,0.72
6420,23360,SET 8 CANDLES VINTAGE DOILEY,1.65
6421,23397,FOOT STOOL HOME SWEET HOME ,8.15
6422,23093,SMALL PARISIENNE HEART PHOTO FRAME ,2.08
6423,23267,SET OF 4 SANTA PLACE SETTINGS,1.04
6424,23271,CHRISTMAS TABLE SILVER CANDLE SPIKE,0.69
6425,23378,PACK OF 12 50'S CHRISTMAS TISSUES,0.32
6426,23376,PACK OF 12 VINTAGE CHRISTMAS TISSUE,0.32
6427,84970L,SINGLE HEART ZINC T-LIGHT HOLDER,1.25
6428,21983,PACK OF 12 BLUE PAISLEY TISSUES ,0.39
6429,22071,SMALL WHITE RETROSPOT MUG IN BOX ,3.39
6430,90019C,SILVER BLACK ORBIT BRACELET,4.95
6431,90038A,GLASS AND PAINTED BEADS BRACELET TO,3.75
6432,23426,METAL SIGN DROP YOUR PANTS,2.49
6433,23374,RED SPOT PAPER GIFT BAG,0.72
6434,21481,FAWN BLUE HOT WATER BOTTLE,3.75
6435,22466,FAIRY TALE COTTAGE NIGHT LIGHT,1.95
6436,17003,BROCADE RING PURSE ,0.39
6437,23415,HOME SWEET HOME HOOK,1.65
6438,23417,BATHROOM HOOK,1.65
6439,23402,HOME SWEET HOME 3 PEG HANGER ,3.75
6440,23413,VINTAGE COFFEE GRINDER BOX,4.95
6441,23409,PHOTO FRAME LINEN AND LACE LARGE,3.75
6442,23408,PHOTO FRAME LINEN AND LACE SMALL,2.08
6443,48184,DOORMAT ENGLISH ROSE ,8.25
6444,23401,RUSTIC MIRROR WITH LACE HEART,6.25
6445,23031,DRAWER KNOB CRACKLE GLAZE PINK,1.45
6446,23029,DRAWER KNOB CRACKLE GLAZE GREEN,1.45
6447,23410,CURIO CABINET LINEN AND LACE ,8.15
6448,22573,STAR WOODEN CHRISTMAS DECORATION,0.72
6449,23559,WOODLAND BUNNIES LOLLY MAKERS,2.08
6450,23423,PANTRY 3 HOOK ROLLING PIN HANGER,3.75
6451,23421,PANTRY HOOK SPATULA,2.08
6452,23422,PANTRY HOOK BALLOON WHISK ,2.08
6453,71477,COLOUR GLASS. STAR T-LIGHT HOLDER,3.29
6454,22309,TEA COSY RED  STRIPE,2.1
6455,48138,DOORMAT UNION FLAG,7.08
6456,21523,DOORMAT FANCY FONT HOME SWEET HOME,7.08
6457,48185,DOORMAT FAIRY CAKE,8.25
6458,22201,FRYING PAN BLUE POLKADOT,3.75
6459,23085,ANTIQUE SILVER BAUBLE LAMP  ,8.25
6460,23263,SET OF 3 WOODEN HEART DECORATIONS,2.46
6461,23264,SET OF 3 WOODEN SLEIGH DECORATIONS,2.46
6462,23265,SET OF 3 WOODEN TREE DECORATIONS,2.46
6463,23266,SET OF 3 WOODEN STOCKING DECORATION,2.46
6464,23275,SET OF 3 HANGING OWLS OLLIE BEAK,2.46
6465,35971,ROSE FOLKART HEART DECORATIONS,2.46
6466,84596F,SMALL MARSHMALLOWS PINK BOWL,0.83
6467,84992,72 SWEETHEART FAIRY CAKE CASES,1.25
6468,85049H,URBAN BLACK RIBBONS ,0.83
6469,90119,METALIC LEAVES BAG CHARMS,2.46
6470,DOT,DOTCOM POSTAGE,13.16
6471,15056N,EDWARDIAN PARASOL NATURAL,12.46
6472,16235,RECYCLED PENCIL WITH RABBIT ERASER,0.42
6473,20661,BLUE POLKADOT PURSE ,5.79
6474,21441,BLUE BIRDHOUSE DECORATION,1.63
6475,21703,BAG 125g SWIRLY MARBLES,0.83
6476,22074,6 RIBBONS SHIMMERING PINKS ,1.25
6477,22076,6 RIBBONS EMPIRE  ,1.25
6478,22107,PIZZA PLATE IN BOX,3.29
6479,22109,FULL ENGLISH BREAKFAST PLATE,7.46
6480,22310,IVORY KNITTED MUG COSY ,3.29
6481,22314,OFFICE MUG WARMER CHOC+BLUE,5.79
6482,22420,LIPSTICK PEN BABY PINK,0.83
6483,22422,TOOTHPASTE TUBE PEN,1.25
6484,22489,PACK OF 12 TRADITIONAL CRAYONS,0.83
6485,22577,WOODEN HEART CHRISTMAS SCANDINAVIAN,1.63
6486,22578,WOODEN STAR CHRISTMAS SCANDINAVIAN,1.63
6487,22579,WOODEN TREE CHRISTMAS SCANDINAVIAN,1.63
6488,22581,WOOD STOCKING CHRISTMAS SCANDISPOT,1.63
6489,22703,PINK CAT BOWL,1.63
6490,22948,METAL DECORATION NAUGHTY CHILDREN ,1.66
6491,22988,SOLDIERS EGG CUP ,2.46
6492,23188,VINTAGE  2 METER FOLDING RULER,3.29
6493,22942,CHRISTMAS LIGHTS 10 SANTAS ,7.65
6494,22307,GOLD MUG BONE CHINA TREE OF LIFE,1.06
6495,22306,SILVER MUG BONE CHINA TREE OF LIFE,1.06
6496,23324,RUSTIC STRAWBERRY JAM POT LARGE ,1.85
6497,20685,DOORMAT RED RETROSPOT,7.08
6498,48194,DOORMAT HEARTS,7.08
6499,48185,DOORMAT FAIRY CAKE,7.08
6500,23418,LAVENDER TOILETTE BOTTLE,2.08
6501,23419,HOME SWEET HOME BOTTLE ,2.08
6502,23435,3 RAFFIA RIBBONS VINTAGE CHRISTMAS,2.08
6503,23434,3 RAFFIA RIBBONS 50'S CHRISTMAS ,2.08
6504,23391, I LOVE LONDON MINI BACKPACK,4.15
6505,23390,DOLLY GIRL MINI BACKPACK,4.15
6506,23389,SPACEBOY MINI BACKPACK,4.15
6507,23074,EMBOSSED HEART TRINKET BOX,2.08
6508,23388,WOODLAND MINI BACKPACK,4.15
6509,23212,PAINTED HEART WREATH WITH BELL,1.25
6510,23091,METAL HERB GERDEN CONTAINER,5.39
6511,85114C,RED ENCHANTED FOREST PLACEMAT,1.45
6512,22589,CARDHOLDER GINGHAM STAR,2.89
6513,48184,DOORMAT ENGLISH ROSE ,7.08
6514,23416,CHAMBRE HOOK,1.65
6515,22776,SWEETHEART 3 TIER CAKE STAND ,8.5
6516,23427,STOOL HOME SWEET HOME ,10.4
6517,21524,DOORMAT SPOTTY HOME SWEET HOME,7.08
6518,22909,SET OF 20 VINTAGE CHRISTMAS NAPKINS,0.68
6519,23389,SPACEBOY MINI BACKPACK,3.75
6520,23392,SPACEBOY ROCKET LOLLY MAKERS,1.79
6521,23390,DOLLY GIRL MINI BACKPACK,3.75
6522,23388,WOODLAND MINI BACKPACK,3.75
6523,23559,WOODLAND BUNNIES LOLLY MAKERS,1.79
6524,23391, I LOVE LONDON MINI BACKPACK,3.75
6525,23347,I LOVE LONDON BEAKER,1.08
6526,23129,HEART SHAPED HOLLY WREATH,3.75
6527,22731,3D CHRISTMAS STAMPS STICKERS ,1.06
6528,84832,ZINC WILLIE WINKIE  CANDLE STICK,0.72
6529,23418,LAVENDER TOILETTE BOTTLE,1.79
6530,22108,PING! MICROWAVE PLATE,3.29
6531,22131,FOOD CONTAINER SET 3 LOVE HEART ,4.13
6532,22144,CHRISTMAS CRAFT LITTLE FRIENDS,4.13
6533,22151,PLACE SETTING WHITE HEART,1.63
6534,22156,HEART DECORATION WITH PEARLS ,1.63
6535,22227,HANGING HEART MIRROR DECORATION ,1.25
6536,22593,CHRISTMAS GINGHAM STAR,1.63
6537,22594,CHRISTMAS GINGHAM TREE,1.63
6538,22595,GINGHAM HEART DECORATION,1.63
6539,22605,WOODEN CROQUET GARDEN SET,24.96
6540,22653,BUTTON BOX ,1.63
6541,22960,JAM MAKING SET WITH JARS,8.29
6542,22969,HOMEMADE JAM SCENTED CANDLES,3.29
6543,22980,PANTRY SCRUBBING BRUSH,3.29
6544,22982,PANTRY PASTRY BRUSH,2.46
6545,22983,CARD BILLBOARD FONT,0.83
6546,22991,GIRAFFE WOODEN RULER,4.13
6547,22992,REVOLVER WOODEN RULER ,4.13
6548,23096,PETIT TRAY CHIC,3.29
6549,23222,CHRISTMAS TREE HANGING GOLD,1.63
6550,23245,SET OF 3 REGENCY CAKE TINS,10.79
6551,23282,FOLDING BUTTERFLY MIRROR IVORY ,2.46
6552,35648,VINTAGE BEAD PINK PURSE ,1.63
6553,48185,DOORMAT FAIRY CAKE,15.79
6554,48194,DOORMAT HEARTS,15.79
6555,51014C,"FEATHER PEN,COAL BLACK",0.83
6556,82483,WOOD 2 DRAWER CABINET WHITE FINISH,14.13
6557,82494L,WOODEN FRAME ANTIQUE WHITE ,7.46
6558,84347,ROTATING SILVER ANGELS T-LIGHT HLDR,4.96
6559,84596B,SMALL DOLLY MIX DESIGN ORANGE BOWL,0.83
6560,84660A,WHITE STITCHED WALL CLOCK,7.46
6561,85039A,SET/4 RED MINI ROSE CANDLE IN BOWL,1.63
6562,85061W,WHITE JEWELLED HEART DECORATION,1.63
6563,85078,SCANDINAVIAN 3 HEARTS NAPKIN RING,1.63
6564,85131C,BEADED CRYSTAL HEART BLUE ON STICK,0.83
6565,DOT,DOTCOM POSTAGE,85.58
6566,20724,RED RETROSPOT CHARLOTTE BAG,1.63
6567,20956,PORCELAIN T-LIGHT HOLDERS ASSORTED,2.46
6568,20971,PINK BLUE FELT CRAFT TRINKET BOX,2.46
6569,20972,PINK CREAM FELT CRAFT TRINKET BOX ,2.46
6570,21258,VICTORIAN SEWING BOX LARGE,24.96
6571,21468,BUTTERFLY CROCHET FOOD COVER,7.46
6572,21494,ROTATING LEAVES T-LIGHT HOLDER,2.46
6573,21564,PINK  HEART SHAPE LOVE BUCKET ,5.79
6574,21684,SMALL MEDINA STAMPED METAL BOWL ,2.46
6575,21739,COSY SLIPPER SHOES SMALL GREEN,2.46
6576,21791,VINTAGE HEADS AND TAILS CARD GAME ,2.46
6577,21818,GLITTER HEART DECORATION,1.63
6578,21866,UNION JACK FLAG LUGGAGE TAG,2.46
6579,22027,TEA PARTY BIRTHDAY CARD,0.83
6580,22694,WICKER STAR ,1.85
6581,23380,PACK OF 12 VINTAGE DOILY TISSUES,0.32
6582,23381,PACK OF 12 VINTAGE LEAF TISSUES ,0.32
6583,48116,DOORMAT MULTICOLOUR STRIPE,8.25
6584,21481,FAWN BLUE HOT WATER BOTTLE,3.39
6585,23058,CHRISTMAS HANGING SNOWFLAKE,2.49
6586,23342,MINT DINER WALL CLOCK,7.65
6587,84016,FLAG OF ST GEORGE CAR FLAG,0.42
6588,22709,WRAP WEDDING DAY,0.36
6589,22688,DOORMAT PEACE ON EARTH BLUE,7.08
6590,22690,DOORMAT HOME SWEET HOME BLUE ,7.08
6591,23222,CHRISTMAS TREE HANGING GOLD,0.72
6592,23420,PANTRY HOOK TEA STRAINER ,2.08
6593,23424,GINGHAM RECIPE BOOK BOX,4.15
6594,23412,HEART MIRROR ANTIQUE WHITE,6.65
6595,22596,CHRISTMAS STAR WISH LIST CHALKBOARD,1.04
6596,22186,RED STAR CARD HOLDER,2.55
6597,22688,DOORMAT PEACE ON EARTH BLUE,8.25
6598,22615,PACK OF 12 CIRCUS PARADE TISSUES ,0.39
6599,M,Manual,2033.1
6600,23373,VINTAGE CHRISTMAS PAPER GIFT BAG,0.72
6601,22689,DOORMAT MERRY CHRISTMAS RED ,4.58
6602,22688,DOORMAT PEACE ON EARTH BLUE,4.58
6603,22687,DOORMAT CHRISTMAS VILLAGE,4.58
6604,48184,DOORMAT ENGLISH ROSE ,4.58
6605,48129,DOORMAT TOPIARY,4.58
6606,48111,DOORMAT 3 SMILEY CATS,4.58
6607,22691,DOORMAT WELCOME SUNRISE,4.58
6608,22366,DOORMAT AIRMAIL ,4.58
6609,22365,DOORMAT RESPECTABLE HOUSE,4.58
6610,22692,DOORMAT WELCOME TO OUR HOME,4.58
6611,22660,DOORMAT I LOVE LONDON,4.58
6612,22414,DOORMAT NEIGHBOURHOOD WITCH ,4.58
6613,21524,DOORMAT SPOTTY HOME SWEET HOME,4.58
6614,22660,DOORMAT I LOVE LONDON,7.08
6615,23113,PANTRY CHOPPING BOARD,4.95
6616,22959,WRAP CHRISTMAS VILLAGE,0.36
6617,35819P,"ACRYLIC HANGING JEWEL,PINK",1.25
6618,21985,PACK OF 12 HEARTS DESIGN TISSUES ,0.32
6619,84805B,BLUE CLIMBING HYDRANGA ART FLOWER,3.75
6620,23396,LE JARDIN BOTANIQUE CUSHION COVER,3.75
6621,22043,CHRISTMAS CARD SCREEN PRINT ,0.36
6622,23126,FELTCRAFT GIRL AMELIE KIT,4.15
6623,23419,HOME SWEET HOME BOTTLE ,1.79
6624,21926,RED/CREAM STRIPE CUSHION COVER ,1.06
6625,21927,BLUE/CREAM STRIPE CUSHION COVER ,1.06
6626,17003,BROCADE RING PURSE ,0.32
6627,20832,RED FLOCK LOVE HEART PHOTO FRAME,0.72
6628,17107D,FLOWER FAIRY 5 SUMMER DRAW LINERS,2.55
6629,POST,POSTAGE,10.0
6630,23284,DOORMAT KEEP CALM AND COME IN,8.25
6631,23113,PANTRY CHOPPING BOARD,5.15
6632,21873,IF YOU CAN'T STAND THE HEAT MUG,1.48
6633,21874,GIN AND TONIC MUG,1.48
6634,21877,HOME SWEET HOME MUG,1.48
6635,23108,SET OF 10 LED DOLLY LIGHTS,6.5
6636,22766,PHOTO FRAME CORNICE,3.2
6637,21485,RETROSPOT HEART HOT WATER BOTTLE,5.1
6638,22508,DOORSTOP RETROSPOT HEART,4.08
6639,22111,SCOTTIE DOG HOT WATER BOTTLE,5.1
6640,22138,BAKING SET 9 PIECE RETROSPOT ,5.1
6641,22507,MEMO BOARD RETROSPOT  DESIGN,5.1
6642,22637,PIGGY BANK RETROSPOT ,2.5
6643,82600,NO SINGING METAL SIGN,2.41
6644,21733,RED HANGING HEART T-LIGHT HOLDER,3.2
6645,22470,HEART OF WICKER LARGE,3.2
6646,85123A,WHITE HANGING HEART T-LIGHT HOLDER,3.2
6647,21166,COOK WITH WINE METAL SIGN ,2.41
6648,21175,GIN + TONIC DIET METAL SIGN,2.66
6649,21200,MULTICOLOUR HONEYCOMB PAPER GARLAND,1.45
6650,23113,PANTRY CHOPPING BOARD,5.06
6651,22979,PANTRY WASHING UP BRUSH,1.7
6652,22978,PANTRY ROLLING PIN,4.18
6653,22720,SET OF 3 CAKE TINS PANTRY DESIGN ,5.18
6654,23243,SET OF TEA COFFEE SUGAR TINS PANTRY,5.06
6655,22114,HOT WATER BOTTLE TEA AND SYMPATHY,5.1
6656,22695,WICKER WREATH SMALL,1.25
6657,21810,CHRISTMAS HANGING STAR WITH BELL,0.39
6658,21809,CHRISTMAS HANGING TREE WITH BELL,0.39
6659,21811,HANGING HEART WITH BELL,0.39
6660,21822,GLITTER CHRISTMAS TREE WITH BELLS,0.79
6661,22589,CARDHOLDER GINGHAM STAR,2.49
6662,22692,DOORMAT WELCOME TO OUR HOME,7.08
6663,21484,CHICK GREY HOT WATER BOTTLE,3.75
6664,23411, TRELLIS COAT RACK,4.15
6665,23414,ZINC BOX SIGN HOME,8.49
6666,21846,PINK DIAMANTE PEN IN GIFT BOX,8.29
6667,90087,CRYSTAL SEA HORSE PHONE CHARM,1.63
6668,21851,LILAC DIAMANTE PEN IN GIFT BOX,8.29
6669,21868,POTTING SHED TEA MUG,3.29
6670,21871,SAVE THE PLANET MUG,3.29
6671,21872,GLAMOROUS  MUG,3.29
6672,21876,POTTERING MUG,3.29
6673,21877,HOME SWEET HOME MUG,3.29
6674,21888,BINGO SET,7.46
6675,21889,WOODEN BOX OF DOMINOES,2.46
6676,21890,S/6 WOODEN SKITTLES IN COTTON BAG,5.79
6677,21892,TRADITIONAL WOODEN CATCH CUP GAME ,2.46
6678,21903,MAN FLU METAL SIGN,4.13
6679,21905,MORE BUTTER METAL SIGN ,1.63
6680,90093,CLEAR CRYSTAL STAR PHONE CHARM,1.63
6681,90166,PINK & WHITE ROSEBUD RING,4.15
6682,DOT,DOTCOM POSTAGE,878.55
6683,21908,CHOCOLATE THIS WAY METAL SIGN,4.13
6684,21912,VINTAGE SNAKES & LADDERS,7.46
6685,21913,VINTAGE SEASIDE JIGSAW PUZZLES,7.46
6686,21915,RED  HARMONICA IN BOX ,2.46
6687,21916,SET 12 RETRO WHITE CHALK STICKS,0.83
6688,21932,SCANDINAVIAN PAISLEY PICNIC BAG,2.46
6689,21933,PINK VINTAGE PAISLEY PICNIC BAG,2.46
6690,21935,SUKI  SHOULDER BAG,1.63
6691,22953,BIRTHDAY PARTY CORDON BARRIER TAPE,2.46
6692,21947,SET OF 6 HEART CHOPSTICKS,2.46
6693,21975,PACK OF 60 DINOSAUR CAKE CASES,1.25
6694,21977,PACK OF 60 PINK PAISLEY CAKE CASES,1.25
6695,21981,PACK OF 12 WOODLAND TISSUES ,0.83
6696,21982,PACK OF 12 SUKI TISSUES ,0.83
6697,21983,PACK OF 12 BLUE PAISLEY TISSUES ,0.83
6698,21984,PACK OF 12 PINK PAISLEY TISSUES ,0.83
6699,21985,PACK OF 12 HEARTS DESIGN TISSUES ,0.83
6700,21986,PACK OF 12 PINK POLKADOT TISSUES,0.83
6701,21990,MODERN FLORAL STATIONERY SET,2.46
6702,21991,BOHEMIAN COLLAGE STATIONERY SET,2.46
6703,21992,VINTAGE PAISLEY STATIONERY SET,2.46
6704,21993,FLORAL FOLK STATIONERY SET,2.46
6705,22028,PENNY FARTHING BIRTHDAY CARD,0.83
6706,22029,SPACEBOY BIRTHDAY CARD,0.83
6707,22064,PINK DOUGHNUT TRINKET POT ,3.29
6708,22070,SMALL RED RETROSPOT MUG IN BOX ,7.46
6709,22077,6 RIBBONS RUSTIC CHARM,3.29
6710,22083,PAPER CHAIN KIT RETROSPOT,5.79
6711,22093,MOTORING TISSUE BOX,2.46
6712,22116,METAL SIGN HIS DINNER IS SERVED,1.63
6713,22121,NOEL WOODEN BLOCK LETTERS ,11.63
6714,22124,SET OF 2 TEA TOWELS PING MICROWAVE,2.46
6715,22134,MINI LADLE LOVE HEART RED ,0.83
6716,22135,MINI LADLE LOVE HEART PINK,0.83
6717,22138,BAKING SET 9 PIECE RETROSPOT ,10.79
6718,22139,RETROSPOT TEA SET CERAMIC 11 PC ,10.79
6719,22141,CHRISTMAS CRAFT TREE TOP ANGEL,4.13
6720,22142,CHRISTMAS CRAFT WHITE FAIRY ,3.29
6721,22147,FELTCRAFT BUTTERFLY HEARTS,3.29
6722,22158,3 HEARTS HANGING DECORATION RUSTIC,5.79
6723,22161,HEART DECORATION RUSTIC HANGING ,0.79
6724,22174,PHOTO CUBE,3.29
6725,22178,VICTORIAN GLASS HANGING T-LIGHT,2.46
6726,22185,SLATE TILE NATURAL HANGING,3.29
6727,22186,RED STAR CARD HOLDER,5.79
6728,22195,LARGE HEART MEASURING SPOONS,3.29
6729,22196,SMALL HEART MEASURING SPOONS,1.63
6730,22207,FRYING PAN UNION FLAG,8.29
6731,22211,WOOD STAMP SET FLOWERS,3.29
6732,22219,LOVEBIRD HANGING DECORATION WHITE ,1.63
6733,22271,FELTCRAFT DOLL ROSIE,5.79
6734,22273,FELTCRAFT DOLL MOLLY,5.79
6735,22304,COFFEE MUG BLUE PAISLEY DESIGN,4.96
6736,22305,COFFEE MUG PINK PAISLEY DESIGN,4.96
6737,22311,OFFICE MUG WARMER BLACK+SILVER ,5.79
6738,22312,OFFICE MUG WARMER POLKADOT,5.79
6739,22320,BIRDS MOBILE VINTAGE DESIGN,11.63
6740,22324,BLUE POLKADOT KIDS BAG,4.13
6741,22335,HEART DECORATION PAINTED ZINC ,1.25
6742,22341,LOVE GARLAND PAINTED ZINC ,3.29
6743,22344,PARTY PIZZA DISH PINK POLKADOT,1.63
6744,22348,TEA BAG PLATE RED RETROSPOT,1.63
6745,22355,CHARLOTTE BAG SUKI DESIGN,1.63
6746,22362,GLASS JAR PEACOCK BATH SALTS,5.79
6747,22367,CHILDRENS APRON SPACEBOY DESIGN,4.13
6748,22371,AIRLINE BAG VINTAGE TOKYO 78,8.29
6749,22380,TOY TIDY SPACEBOY  ,4.13
6750,22381,TOY TIDY PINK POLKADOT,4.13
6751,22383,LUNCH BAG SUKI DESIGN ,4.13
6752,22390,PAPERWEIGHT CHILDHOOD MEMORIES,4.96
6753,10135,COLOURING PENCILS BROWN TUBE,2.46
6754,11001,ASSTD DESIGN RACING CAR PEN,3.29
6755,16238,PARTY TIME PENCIL ERASERS,0.42
6756,16258A,SWIRLY CIRCULAR RUBBERS IN BAG,0.83
6757,20655,QUEEN OF SKIES LUGGAGE TAG,2.46
6758,20659,ECONOMY LUGGAGE TAG,2.46
6759,20676,RED RETROSPOT BOWL,2.46
6760,20677,PINK POLKADOT BOWL,2.46
6761,20679,EDWARDIAN PARASOL RED,12.46
6762,20707,CRAZY DAISY HEART DECORATION,2.46
6763,20712,JUMBO BAG WOODLAND ANIMALS,4.13
6764,20713,JUMBO BAG OWLS,4.13
6765,20723,STRAWBERRY CHARLOTTE BAG,1.63
6766,20726,LUNCH BAG WOODLAND,4.13
6767,20767,BLUE PAISLEY JOURNAL ,4.96
6768,22396,MAGNETS PACK OF 4 RETRO PHOTO,2.46
6769,22406,MONEY BOX KINGS CHOICE DESIGN,2.46
6770,22407,MONEY BOX FIRST AID DESIGN,2.46
6771,22414,DOORMAT NEIGHBOURHOOD WITCH ,15.79
6772,22417,PACK OF 60 SPACEBOY CAKE CASES,1.25
6773,22418,10 COLOUR SPACEBOY PEN,1.63
6774,22419,LIPSTICK PEN RED,0.83
6775,22421,LIPSTICK PEN FUSCHIA,0.83
6776,22423,REGENCY CAKESTAND 3 TIER,24.96
6777,22436,12 COLOURED PARTY BALLOONS,1.25
6778,22439,6 ROCKET BALLOONS ,1.25
6779,22449,SILK PURSE BABUSHKA PINK,2.46
6780,22467,GUMBALL COAT RACK,4.96
6781,22469,HEART OF WICKER SMALL,1.63
6782,22469,HEART OF WICKER SMALL,3.29
6783,22476,EMPIRE UNION JACK TV DINNER TRAY,10.79
6784,22488,NATURAL SLATE RECTANGLE CHALKBOARD,3.29
6785,22494,EMERGENCY FIRST AID TIN ,2.46
6786,22508,DOORSTOP RETROSPOT HEART,7.46
6787,22512,DOORSTOP RACING CAR DESIGN,7.46
6788,22513,DOORSTOP FOOTBALL DESIGN,7.46
6789,22544,MINI JIGSAW SPACEBOY,0.83
6790,22548,HEADS AND TAILS SPORTING FUN,2.46
6791,22549,PICTURE DOMINOES,3.29
6792,22554,PLASTERS IN TIN WOODLAND ANIMALS,3.29
6793,22557,PLASTERS IN TIN VINTAGE PAISLEY ,3.29
6794,22560,TRADITIONAL MODELLING CLAY,2.46
6795,22565,FELTCRAFT HAIRBANDS PINK AND WHITE ,1.63
6796,22566,FELTCRAFT HAIRBAND PINK AND PURPLE,1.63
6797,22568,FELTCRAFT CUSHION OWL,7.46
6798,22569,FELTCRAFT CUSHION BUTTERFLY,7.46
6799,22570,FELTCRAFT CUSHION RABBIT,7.46
6800,22573,STAR WOODEN CHRISTMAS DECORATION,1.63
6801,22574,HEART WOODEN CHRISTMAS DECORATION,1.63
6802,22584,PACK OF 6 PANNETONE GIFT BOXES,4.96
6803,22591,CARDHOLDER GINGHAM CHRISTMAS TREE,6.63
6804,22596,CHRISTMAS STAR WISH LIST CHALKBOARD,2.46
6805,22601,CHRISTMAS RETROSPOT ANGEL WOOD,1.63
6806,22602,RETROSPOT WOODEN HEART DECORATION,1.63
6807,22603,CHRISTMAS RETROSPOT TREE WOOD,1.63
6808,22619,SET OF 6 SOLDIER SKITTLES,7.46
6809,22620,4 TRADITIONAL SPINNING TOPS,2.46
6810,22621,TRADITIONAL KNITTING NANCY,3.29
6811,22623,BOX OF VINTAGE JIGSAW BLOCKS ,12.46
6812,22645,CERAMIC HEART FAIRY CAKE MONEY BANK,3.29
6813,22652,TRAVEL SEWING KIT,3.29
6814,22654,DELUXE SEWING KIT ,11.63
6815,22659,LUNCH BOX I LOVE LONDON,4.13
6816,22665,RECIPE BOX BLUE SKETCHBOOK DESIGN,5.79
6817,22666,RECIPE BOX PANTRY YELLOW DESIGN,5.79
6818,22671,FRENCH LAUNDRY SIGN BLUE METAL,3.29
6819,22687,DOORMAT CHRISTMAS VILLAGE,16.63
6820,22689,DOORMAT MERRY CHRISTMAS RED ,16.63
6821,22697,GREEN REGENCY TEACUP AND SAUCER,5.79
6822,22699,ROSES REGENCY TEACUP AND SAUCER ,5.79
6823,22713,CARD I LOVE LONDON ,0.83
6824,22725,ALARM CLOCK BAKELIKE CHOCOLATE,7.46
6825,22726,ALARM CLOCK BAKELIKE GREEN,7.46
6826,22727,ALARM CLOCK BAKELIKE RED ,7.46
6827,22728,ALARM CLOCK BAKELIKE PINK,7.46
6828,22729,ALARM CLOCK BAKELIKE ORANGE,7.46
6829,22732,3D VINTAGE CHRISTMAS STICKERS ,2.46
6830,22733,3D TRADITIONAL CHRISTMAS STICKERS,2.46
6831,22737,RIBBON REEL CHRISTMAS PRESENT ,3.29
6832,22738,RIBBON REEL SNOWY VILLAGE,3.29
6833,22739,RIBBON REEL CHRISTMAS SOCK BAUBLE,3.29
6834,22741,FUNKY DIVA PEN,1.63
6835,22743,MAKE YOUR OWN FLOWERPOWER CARD KIT,5.79
6836,22744,MAKE YOUR OWN MONSOON CARD KIT,5.79
6837,22748,POPPY'S PLAYHOUSE KITCHEN,4.13
6838,22752,SET 7 BABUSHKA NESTING BOXES,16.63
6839,22757,LARGE RED BABUSHKA NOTEBOOK ,2.46
6840,22758,LARGE PURPLE BABUSHKA NOTEBOOK  ,2.46
6841,22759,SET OF 3 NOTEBOOKS IN PARCEL,3.29
6842,22804,CANDLEHOLDER PINK HANGING HEART,5.79
6843,22809,SET OF 6 T-LIGHTS SANTA,5.79
6844,22810,SET OF 6 T-LIGHTS SNOWMEN,5.79
6845,22813,PACK 3 BOXES BIRD PANNETONE ,4.13
6846,22821,GIFT BAG PSYCHEDELIC APPLES,0.83
6847,22844,VINTAGE CREAM DOG FOOD CONTAINER,16.63
6848,22845,VINTAGE CREAM CAT FOOD CONTAINER,12.46
6849,22851,SET 20 NAPKINS FAIRY CAKES DESIGN ,1.63
6850,22891,TEA FOR ONE POLKADOT,8.29
6851,22903,CALENDAR FAMILY FAVOURITES,2.46
6852,22905,CALENDAR IN SEASON DESIGN,2.46
6853,22907,PACK OF 20 NAPKINS PANTRY DESIGN,1.63
6854,22910,PAPER CHAIN KIT VINTAGE CHRISTMAS,5.79
6855,22928,YELLOW GIANT GARDEN THERMOMETER,12.46
6856,22940,FELTCRAFT CHRISTMAS FAIRY,8.29
6857,22946,WOODEN ADVENT CALENDAR CREAM,16.63
6858,22947,WOODEN ADVENT CALENDAR RED,16.63
6859,22951,60 CAKE CASES DOLLY GIRL DESIGN,1.25
6860,22964,3 PIECE SPACEBOY COOKIE CUTTER SET,4.13
6861,22966,GINGERBREAD MAN COOKIE CUTTER,2.46
6862,22979,PANTRY WASHING UP BRUSH,3.29
6863,22993,SET OF 4 PANTRY JELLY MOULDS,2.46
6864,22998,TRAVEL CARD WALLET KEEP CALM,0.83
6865,23004,TRAVEL CARD WALLET PANTRY,0.83
6866,23014,GLASS APOTHECARY BOTTLE ELIXIR,8.29
6867,23028,DRAWER KNOB CRACKLE GLAZE BLUE,3.29
6868,23091,ZINC HERB GARDEN CONTAINER,12.46
6869,23119,PACK OF 6 LARGE FRUIT STRAWS ,1.25
6870,23129,HEART SHAPED HOLLY WREATH,8.29
6871,23158,SET OF 5 LUCKY CAT MAGNETS ,4.13
6872,23170,REGENCY TEA PLATE ROSES ,3.29
6873,23171,REGENCY TEA PLATE GREEN ,3.29
6874,23176,ABC TREASURE BOOK BOX ,4.58
6875,23178,JAM CLOCK MAGNET,5.79
6876,23182,TOILET SIGN OCCUPIED OR VACANT,2.46
6877,23197,SKETCHBOOK MAGNETIC SHOPPING LIST,3.29
6878,23198,PANTRY MAGNETIC  SHOPPING LIST,3.29
6879,23200,JUMBO BAG PEARS,4.13
6880,23207,LUNCH BAG ALPHABET DESIGN,4.13
6881,23215,JINGLE BELL HEART ANTIQUE SILVER,4.13
6882,23217,LAUREL HEART ANTIQUE SILVER,2.46
6883,23218,LAUREL STAR ANTIQUE GOLD,2.46
6884,23219,LAUREL STAR ANTIQUE SILVER ,2.46
6885,23220,REINDEER HEART DECORATION GOLD,1.63
6886,23221,REINDEER HEART DECORATION SILVER,1.63
6887,23223,CHRISTMAS TREE HANGING SILVER ,1.63
6888,23224,CHERUB HEART DECORATION GOLD,1.63
6889,23225,CHERUB HEART DECORATION SILVER ,1.63
6890,23228,FILIGREE HEART BIRD WHITE ,2.46
6891,23236,STORAGE TIN VINTAGE DOILY ,5.79
6892,23247,BISCUIT TIN 50'S CHRISTMAS,5.79
6893,23263,SET OF 3 WOODEN HEART DECORATIONS,2.5
6894,23268,SET OF 2 CERAMIC CHRISTMAS REINDEER,2.92
6895,23299,FOOD COVER WITH BEADS SET 2 ,7.46
6896,23301,GARDENERS KNEELING PAD KEEP CALM ,3.29
6897,23307,SET OF 60 PANTRY DESIGN CAKE CASES ,1.25
6898,23309,SET OF 60 I LOVE LONDON CAKE CASES ,1.25
6899,23310,BUBBLEGUM RING ASSORTED,0.83
6900,23343,JUMBO BAG VINTAGE CHRISTMAS ,4.13
6901,23344,JUMBO BAG 50'S CHRISTMAS ,4.13
6902,35911A,MULTICOLOUR RABBIT EGG WARMER,0.83
6903,35970,ZINC FOLKART SLEIGH BELLS,4.13
6904,37500,TEA TIME TEAPOT IN GIFT BOX,8.29
6905,40016,CHINESE DRAGON PAPER LANTERNS,8.29
6906,47480,HANGING PHOTO CLIP ROPE LADDER,3.29
6907,47504H,ENGLISH ROSE SPIRIT LEVEL ,3.29
6908,47559B,TEA TIME OVEN GLOVE,2.46
6909,47590A,BLUE HAPPY BIRTHDAY BUNTING,10.79
6910,47591D,PINK FAIRY CAKE CHILDRENS APRON,4.13
6911,47593B,SCOTTIE DOGS BABY BIB,0.83
6912,51014L,"FEATHER PEN,LIGHT PINK",0.83
6913,71477,COLOUR GLASS. STAR T-LIGHT HOLDER,6.63
6914,72816,SET/3 CHRISTMAS DECOUPAGE CANDLES,2.46
6915,72817,SET OF 2 CHRISTMAS DECOUPAGE CANDLE,1.63
6916,72818,CHRISTMAS DECOUPAGE CANDLE,1.63
6917,79066K,RETRO MOD TRAY,1.63
6918,79321,CHILLI LIGHTS,12.46
6919,82551,LAUNDRY 15C METAL SIGN,2.46
6920,82567,"AIRLINE LOUNGE,METAL SIGN",1.63
6921,82580,BATHROOM METAL SIGN,1.25
6922,82582,AREA PATROLLED METAL SIGN,4.13
6923,82616B,FRAPPUCINO SCARF KNITTING KIT,2.46
6924,82616C,MIDNIGHT GLAMOUR SCARF KNITTING KIT,2.46
6925,84030E,ENGLISH ROSE HOT WATER BOTTLE,8.29
6926,84031B,CHARLIE LOLA BLUE HOT WATER BOTTLE ,4.13
6927,84032A,CHARLIE+LOLA PINK HOT WATER BOTTLE,3.29
6928,84032B,CHARLIE + LOLA RED HOT WATER BOTTLE,3.29
6929,84050,PINK HEART SHAPE EGG FRYING PAN,4.13
6930,84077,WORLD WAR 2 GLIDERS ASSTD DESIGNS,0.63
6931,84375,SET OF 20 KIDS COOKIE CUTTERS,4.13
6932,84378,SET OF 3 HEART COOKIE CUTTERS,2.46
6933,84380,SET OF 3 BUTTERFLY COOKIE CUTTERS,2.46
6934,84509A,SET OF 4 ENGLISH ROSE PLACEMATS,7.46
6935,84510A,SET OF 4 ENGLISH ROSE COASTERS,2.46
6936,84596G,SMALL CHOCOLATES PINK BOWL,0.83
6937,84692,BOX OF 24 COCKTAIL PARASOLS,0.83
6938,84813,SET OF 4 DIAMOND NAPKIN RINGS,24.96
6939,84828,JUNGLE POPSICLES ICE LOLLY MOULDS,2.46
6940,84832,ZINC WILLIE WINKIE  CANDLE STICK,1.63
6941,84836,ZINC METAL HEART DECORATION,2.46
6942,84859A,SILVER DISCO HANDBAG,4.13
6943,84924A,WAKE UP COCKEREL CALENDAR SIGN ,7.46
6944,84926F,PSYCHEDELIC TILE COASTER,2.46
6945,84946,ANTIQUE SILVER T-LIGHT GLASS,2.46
6946,20936,FORKED CACTUS CANDLE,5.79
6947,84951B,SET OF 4 BLACK LOVEBIRD COASTERS,2.46
6948,84968D,SET OF 16 VINTAGE RED CUTLERY,24.96
6949,84969,BOX OF 6 ASSORTED COLOUR TEASPOONS,8.29
6950,84970S,HANGING HEART ZINC T-LIGHT HOLDER,2.08
6951,84978,HANGING HEART JAR T-LIGHT HOLDER,2.46
6952,85014A,BLACK/BLUE POLKADOT UMBRELLA,12.46
6953,85014B,RED RETROSPOT UMBRELLA,12.46
6954,85035C,ROSE 3 WICK MORRIS BOX CANDLE,8.29
6955,85038,6 CHOCOLATE LOVE HEART T-LIGHTS,4.13
6956,85039B,S/4 IVORY MINI ROSE CANDLE IN BOWL,1.63
6957,85040A,S/4 PINK FLOWER CANDLES IN BOWL,3.29
6958,85049A,TRADITIONAL CHRISTMAS RIBBONS,2.46
6959,85049E,SCANDINAVIAN REDS RIBBONS,2.46
6960,85053,FRENCH ENAMEL CANDLEHOLDER,4.13
6961,20961,STRAWBERRY BATH SPONGE ,2.46
6962,20963,APPLE BATH SPONGE,2.46
6963,20969,RED FLORAL FELTCRAFT SHOULDER BAG,7.46
6964,20970,PINK FLORAL FELTCRAFT SHOULDER BAG,7.46
6965,21035,SET/2 RED RETROSPOT TEA TOWELS ,6.63
6966,21056,DOCTOR'S BAG SOFT TOY,16.63
6967,21078,SET/20 STRAWBERRY PAPER NAPKINS ,1.63
6968,21080,SET/20 RED RETROSPOT PAPER NAPKINS ,0.83
6969,21084,SET/6 COLLAGE PAPER CUPS,0.83
6970,21088,SET/6 FRUIT SALAD PAPER CUPS,0.83
6971,21090,SET/6 COLLAGE PAPER PLATES,0.83
6972,21094,SET/6 RED SPOTTY PAPER PLATES,0.83
6973,21096,SET/6 FRUIT SALAD  PAPER PLATES,0.83
6974,21098,CHRISTMAS TOILET ROLL,2.46
6975,21147,JINGLE BELLS TREE DECORATION,2.46
6976,21154,RED RETROSPOT OVEN GLOVE ,2.46
6977,85054,FRENCH ENAMEL POT W LID,5.79
6978,21156,RETROSPOT CHILDRENS APRON,4.13
6979,21172,PARTY METAL SIGN ,4.13
6980,21212,PACK OF 72 RETROSPOT CAKE CASES,1.25
6981,21220,SET/4 BADGES DOGS,2.46
6982,21231,SWEETHEART CERAMIC TRINKET BOX,2.46
6983,21232,STRAWBERRY CERAMIC TRINKET BOX,2.46
6984,21285,RETROSPOT CANDLE  MEDIUM,4.13
6985,21328,BALLOONS  WRITING SET ,3.29
6986,21329,DINOSAURS  WRITING SET ,3.29
6987,21380,WOODEN HAPPY BIRTHDAY GARLAND,5.79
6988,21385,IVORY HANGING DECORATION  HEART,1.63
6989,21394,RED POLKADOT BEAKER ,1.63
6990,21408,SPOTTY PINK DUCK DOORSTOP,8.29
6991,85087,CANDY SPOT CUSHION COVER,3.29
6992,85129D,BEADED CRYSTAL HEART PINK SMALL,2.46
6993,85131D,BEADED CRYSTAL HEART PINK ON STICK,0.83
6994,85152,HAND OVER THE CHOCOLATE   SIGN ,4.13
6995,85168B,BLACK BAROQUE CARRIAGE CLOCK,8.29
6996,85170D,SET/6 PINK BIRD T-LIGHT CANDLES,4.13
6997,21507,ELEPHANT BIRTHDAY CARD ,0.83
6998,21509,COWBOYS AND INDIANS BIRTHDAY CARD ,0.83
6999,21523,DOORMAT FANCY FONT HOME SWEET HOME,15.79
7000,21524,DOORMAT SPOTTY HOME SWEET HOME,16.63
7001,21557,SET OF 6 FUNKY BEAKERS,5.79
7002,21559,STRAWBERRY LUNCH BOX WITH CUTLERY,4.96
7003,21669,BLUE STRIPE CERAMIC DRAWER KNOB,3.29
7004,21676,FLOWERS  STICKERS,1.63
7005,21677,HEARTS  STICKERS,1.63
7006,21682,LARGE MEDINA STAMPED METAL BOWL ,9.96
7007,21704,BAG 250g SWIRLY MARBLES,1.63
7008,21733,RED HANGING HEART T-LIGHT HOLDER,5.79
7009,21790,VINTAGE SNAP CARDS,1.63
7010,21809,CHRISTMAS HANGING TREE WITH BELL,2.46
7011,21810,CHRISTMAS HANGING STAR WITH BELL,2.46
7012,21832,CHOCOLATE CALCULATOR,3.29
7013,85174,S/4 CACTI CANDLES,10.79
7014,85176,SEWING SUSAN 21 NEEDLE SET,1.63
7015,85184C,SET 4 VALENTINE DECOUPAGE HEART BOX,5.79
7016,85199S,SMALL HANGING IVORY/RED WOOD BIRD,0.83
7017,85227,SET OF 6 3D KIT CARDS FOR KIDS,1.63
7018,85231G,ORANGE SCENTED SET/9 T-LIGHTS,1.63
7019,21823,PAINTED METAL HEART WITH HOLLY BELL,0.39
7020,21824,PAINTED METAL STAR WITH HOLLY BELLS,0.39
7021,22340,NOEL GARLAND PAINTED ZINC ,0.39
7022,22944,CHRISTMAS METAL POSTCARD WITH BELLS,0.39
7023,72818,CHRISTMAS DECOUPAGE CANDLE,0.39
7024,22186,RED STAR CARD HOLDER,1.95
7025,22187,GREEN CHRISTMAS TREE CARD HOLDER,1.95
7026,21352,EUCALYPTUS & PINECONE  WREATH,2.95
7027,23630,SET 10 CARDS HANGING BAUBLES 17080,2.99
7028,23503,PLAYING CARDS KEEP CALM & CARRY ON,1.25
7029,85066,CREAM SWEETHEART MINI CHEST,8.12
7030,35954,SMALL FOLKART STAR CHRISTMAS DEC,0.19
7031,21014,SWISS CHALET TREE DECORATION ,0.29
7032,21819,GLITTER CHRISTMAS STAR ,0.39
7033,23366,SET 12 COLOURING PENCILS DOILY,0.65
7034,23367,SET 12 COLOUR PENCILS SPACEBOY ,0.65
7035,23504,PLAYING CARDS JUBILEE UNION JACK,1.25
7036,23371,SET 36 COLOUR PENCILS SPACEBOY ,1.25
7037,23506,MINI PLAYING CARDS SPACEBOY ,0.42
7038,23502,PLAYING CARDS VINTAGE DOILEY ,1.25
7039,23370,SET 36 COLOUR PENCILS DOILEY,1.25
7040,23366,SET 12 COLOUR PENCILS DOILEY,0.65
7041,23380,PACK OF 12 DOILEY TISSUES,0.39
7042,23093,SMALL PARISIENNE HEART PHOTO FRAME ,1.64
7043,22170,PICTURE FRAME WOOD TRIPLE PORTRAIT,4.62
7044,22169,FAMILY ALBUM WHITE PICTURE FRAME,5.64
7045,22768,FAMILY PHOTO FRAME CORNICE,6.72
7046,22767,TRIPLE PHOTO FRAME CORNICE ,6.72
7047,23092,LARGE ANTIQUE WHITE PHOTO FRAME,5.49
7048,23434,3 RAFFIA RIBBONS 50'S CHRISTMAS ,0.79
7049,23435,3 RAFFIA RIBBONS VINTAGE CHRISTMAS,0.79
7050,23493,VINTAGE DOILY TRAVEL SEWING KIT,1.95
7051,23365,SET 12 COLOUR PENCILS LOVE LONDON,0.65
7052,23369,SET 36 COLOUR PENCILS LOVE LONDON,1.25
7053,23520,EMBROIDERED RIBBON REEL RUBY ,3.75
7054,23511,EMBROIDERED RIBBON REEL EMILY ,2.08
7055,23517,EMBROIDERED RIBBON REEL REBECCA ,2.89
7056,23370,SET 36 COLOURING PENCILS DOILY,1.25
7057,23368,SET 12 COLOUR PENCILS DOLLY GIRL ,0.65
7058,23505,PLAYING CARDS I LOVE LONDON ,1.25
7059,POST,POSTAGE,37.5
7060,22720,SET OF 3 CAKE TINS PANTRY DESIGN ,3.39
7061,23243,SET OF TEA COFFEE SUGAR TINS PANTRY,3.39
7062,22960,JAM MAKING SET WITH JARS,2.95
7063,22666,RECIPE BOX PANTRY YELLOW DESIGN,1.96
7064,22424,ENAMEL BREAD BIN CREAM,8.15
7065,22838,3 TIER CAKE TIN RED AND CREAM,9.98
7066,22843,BISCUIT TIN VINTAGE GREEN,4.67
7067,22839,3 TIER CAKE TIN GREEN AND CREAM,9.98
7068,22840,ROUND CAKE TIN VINTAGE RED,5.49
7069,22841,ROUND CAKE TIN VINTAGE GREEN,5.49
7070,22847,BREAD BIN DINER STYLE IVORY,11.67
7071,22846,BREAD BIN DINER STYLE RED ,11.67
7072,23372,SET 36 COLOUR PENCILS DOLLY GIRL,1.25
7073,23512,EMBROIDERED RIBBON REEL ROSIE,2.08
7074,23515,EMBROIDERED RIBBON REEL DAISY ,2.08
7075,23514,EMBROIDERED RIBBON REEL SALLY ,2.08
7076,23518,EMBROIDERED RIBBON REEL RACHEL ,2.89
7077,23510,MINI PLAYING CARDS GYMKHANA,0.42
7078,23508,MINI PLAYING CARDS DOLLY GIRL ,0.42
7079,23509,MINI PLAYING CARDS FUN FAIR ,0.42
7080,23507,MINI PLAYING CARDS BUFFALO BILL ,0.42
7081,M,Manual,0.8
7082,23513,EMBROIDERED RIBBON REEL SUSIE ,2.08
7083,23369,SET 36 COLOUR PENCILS LOVE LONDON,1.06
7084,35953,FOLKART STAR CHRISTMAS DECORATIONS,0.39
7085,22598,CHRISTMAS MUSICAL ZINC TREE,0.29
7086,22579,WOODEN TREE CHRISTMAS SCANDINAVIAN,0.29
7087,22578,WOODEN STAR CHRISTMAS SCANDINAVIAN,0.29
7088,22577,WOODEN HEART CHRISTMAS SCANDINAVIAN,0.29
7089,22597,MUSICAL ZINC HEART DECORATION ,0.29
7090,M,Manual,0.06
7091,35964,FOLKART CLIP ON STARS,0.39
7092,21818,GLITTER HEART DECORATION,0.39
7093,72816,SET/3 CHRISTMAS DECOUPAGE CANDLES,0.95
7094,72817,SET OF 2 CHRISTMAS DECOUPAGE CANDLE,0.79
7095,21015,DARK BIRD HOUSE TREE DECORATION,0.29
7096,22599,CHRISTMAS MUSICAL ZINC STAR,0.29
7097,22065,CHRISTMAS PUDDING TRINKET POT ,0.39
7098,22336,DOVE DECORATION PAINTED ZINC ,0.19
7099,22770,MIRROR CORNICE,12.75
7100,23058,CHRISTMAS HANGING SNOWFLAKE,0.79
7101,21817,GLITTER CHRISTMAS TREE,0.39
7102,44242B,PINK FEATHERS CURTAIN,0.79
7103,20935,ROUND CACTUS CANDLE,2.95
7104,23390,DOLLY GIRL MINI RUCKSACK,4.15
7105,23389,SPACEBOY MINI RUCKSACK,4.15
7106,23502,PLAYING CARDS VINTAGE DOILY ,1.25
7107,90059A,DIAMANTE HAIR GRIP PACK/2 CRYSTAL,1.65
7108,20678,LARGE BLACK DIAMANTE HAIRSLIDE,1.65
7109,90059D,DIAMANTE HAIR GRIP PACK/2 PERIDOT,1.65
7110,90168,2 DAISIES HAIR COMB,2.95
7111,90169,DAISY HAIR COMB,2.55
7112,90202A,PURPLE ENAMEL FLOWER HAIR TIE,2.95
7113,90118,PINK DAISY BAG CHARM,2.55
7114,90177A,CLASSIC DIAMANTE EARRINGS JET,2.95
7115,90177E,DROP DIAMANTE EARRINGS GREEN,2.95
7116,90182C,BLACK 3 BEAD DROP EARRINGS,2.95
7117,22338,STAR DECORATION PAINTED ZINC ,0.19
7118,23516,EMBROIDERED RIBBON REEL SOPHIE  ,3.75
7119,23519,EMBROIDERED RIBBON REEL CLAIRE,3.75
7120,PADS,PADS TO MATCH ALL CUSHIONS,0.0
7121,22339,CHRISTMAS TREE PAINTED ZINC ,0.19
7122,23494,VINTAGE DOILY DELUXE SEWING KIT ,5.95
7123,84247E,PACK OF 12 CHRISTMAS FUN CARDS,2.95
7124,22163,HEART STRING MEMO HOLDER HANGING,0.79
7125,22502,PICNIC BASKET WICKER SMALL,2.0
7126,22414,DOORMAT NEIGHBOURHOOD WITCH ,7.08
7127,22365,DOORMAT RESPECTABLE HOUSE,7.08
7128,22691,DOORMAT WELCOME SUNRISE,7.08
7129,85125,SMALL ROUND CUT GLASS CANDLESTICK,4.25
7130,23075,PARLOUR CERAMIC WALL HOOK,3.75
7131,22049,WRAP CHRISTMAS SCREEN PRINT,0.19
7132,35599B,BLACK CHRISTMAS TREE 120CM,1.95
7133,85017B,ENVELOPE 50 BLOSSOM IMAGES,1.25
7134,84970S,HANGING HEART ZINC T-LIGHT HOLDER,0.72
7135,21032,SPACE CADET WHITE,2.46
7136,21039,RED RETROSPOT SHOPPING BAG,5.79
7137,21055,TOOL BOX SOFT TOY ,16.63
7138,21070,VINTAGE BILLBOARD MUG ,2.46
7139,21129,SILVER FISHING GNOME ,12.46
7140,21136,PAINTED METAL PEARS ASSORTED,3.12
7141,21155,RED RETROSPOT PEG BAG,4.96
7142,21216,"SET 3 RETROSPOT TEA,COFFEE,SUGAR",10.79
7143,21313,GLASS HEART T-LIGHT HOLDER ,1.63
7144,21356,TOAST ITS - FAIRY FLOWER,0.83
7145,21422,PORCELAIN ROSE SMALL,1.63
7146,21466,RED FLOWER CROCHET FOOD COVER,7.46
7147,21467,CHERRY CROCHET FOOD COVER,7.46
7148,21469,POLKA DOT RAFFIA FOOD COVER,7.46
7149,21576,LETS GO SHOPPING COTTON TOTE BAG,4.96
7150,21706,FOLDING UMBRELLA RED/WHITE POLKADOT,9.96
7151,21709,FOLDING UMBRELLA CHOCOLATE POLKADOT,9.96
7152,21786,POLKADOT RAIN HAT ,0.83
7153,21787,RAIN PONCHO RETROSPOT,1.63
7154,21811,HANGING HEART WITH BELL,2.46
7155,21894,POTTING SHED SEED ENVELOPES,2.46
7156,21899,GARAGE KEY FOB,1.63
7157,21900,"KEY FOB , SHED",1.63
7158,21901,"KEY FOB , BACK DOOR ",1.63
7159,21902,"KEY FOB , FRONT  DOOR ",1.63
7160,21929,JUMBO BAG PINK VINTAGE PAISLEY,4.13
7161,21974,SET OF 36 PAISLEY FLOWER DOILIES,2.92
7162,21980,PACK OF 12 RED RETROSPOT TISSUES ,0.83
7163,22024,RAINY LADIES BIRTHDAY CARD,0.83
7164,22031,BOTANICAL LAVENDER BIRTHDAY CARD,0.83
7165,22035,VINTAGE CARAVAN GREETING CARD ,0.83
7166,22041,"RECORD FRAME 7"" SINGLE SIZE ",4.96
7167,22075,6 RIBBONS ELEGANT CHRISTMAS ,3.29
7168,22123,PING MICROWAVE APRON,4.13
7169,22149,FELTCRAFT 6 FLOWER FRIENDS,4.13
7170,22150,3 STRIPEY MICE FELTCRAFT,4.13
7171,22173,METAL 4 HOOK HANGER FRENCH CHATEAU,5.79
7172,22190,LOCAL CAFE MUG,2.46
7173,22197,POPCORN HOLDER,1.63
7174,22260,FELT EGG COSY BLUE RABBIT ,1.63
7175,22261,FELT EGG COSY WHITE RABBIT ,1.63
7176,22263,FELT EGG COSY LADYBIRD ,1.63
7177,22269,EGG CUP NATURAL CHICKEN,0.83
7178,22295,HEART FILIGREE DOVE LARGE,3.29
7179,22328,ROUND SNACK BOXES SET OF 4 FRUITS ,5.79
7180,22352,LUNCH BOX WITH CUTLERY RETROSPOT ,4.96
7181,22357,KINGS CHOICE BISCUIT TIN,4.13
7182,22379,RECYCLING BAG RETROSPOT ,4.13
7183,22400,MAGNETS PACK OF 4 HOME SWEET HOME,2.46
7184,22431,WATERING CAN BLUE ELEPHANT,4.13
7185,22433,WATERING CAN GREEN DINOSAUR,4.13
7186,22446,PIN CUSHION BABUSHKA PINK,6.63
7187,22452,MEASURING TAPE BABUSHKA PINK,1.63
7188,22472,TV DINNER TRAY DOLLY GIRL,10.79
7189,22473,TV DINNER TRAY VINTAGE PAISLEY,10.79
7190,22483,RED GINGHAM TEDDY BEAR ,5.79
7191,22493,PAINT YOUR OWN CANVAS SET,3.29
7192,22547,MINI JIGSAW DINOSAUR ,0.83
7193,22558,CLOTHES PEGS RETROSPOT PACK 24 ,3.29
7194,22562,MONSTERS STENCIL CRAFT,2.46
7195,22588,CARD HOLDER GINGHAM HEART,5.79
7196,22589,CARDHOLDER GINGHAM STAR,4.96
7197,22597,MUSICAL ZINC HEART DECORATION ,1.63
7198,22598,CHRISTMAS MUSICAL ZINC TREE,1.63
7199,22609,PENS ASSORTED SPACEBALL,1.63
7200,22617,BAKING SET SPACEBOY DESIGN,10.79
7201,22624,IVORY KITCHEN SCALES,16.63
7202,22629,SPACEBOY LUNCH BOX ,4.13
7203,22651,GENTLEMAN SHIRT REPAIR KIT ,1.63
7204,22676,FRENCH BLUE METAL DOOR SIGN 1,2.46
7205,22677,FRENCH BLUE METAL DOOR SIGN 2,2.46
7206,22678,FRENCH BLUE METAL DOOR SIGN 3,2.46
7207,22679,FRENCH BLUE METAL DOOR SIGN 4,2.46
7208,22680,FRENCH BLUE METAL DOOR SIGN 5,2.46
7209,22681,FRENCH BLUE METAL DOOR SIGN 6,2.46
7210,22682,FRENCH BLUE METAL DOOR SIGN 7,2.46
7211,22683,FRENCH BLUE METAL DOOR SIGN 8,2.46
7212,22701,PINK DOG BOWL,2.46
7213,22712,CARD DOLLY GIRL ,0.83
7214,22720,SET OF 3 CAKE TINS PANTRY DESIGN ,10.79
7215,22721,SET OF 3 CAKE TINS SKETCHBOOK,10.79
7216,22731,3D CHRISTMAS STAMPS STICKERS ,2.46
7217,22735,RIBBON REEL SOCKS AND MITTENS,3.29
7218,22736,RIBBON REEL MAKING SNOWMEN ,3.29
7219,22781,GUMBALL MAGAZINE RACK,14.96
7220,22811,SET OF 6 T-LIGHTS CACTI ,5.79
7221,22839,3 TIER CAKE TIN GREEN AND CREAM,29.13
7222,22843,BISCUIT TIN VINTAGE GREEN,13.29
7223,22847,BREAD BIN DINER STYLE IVORY,33.29
7224,22865,HAND WARMER OWL DESIGN,4.13
7225,22867,HAND WARMER BIRD DESIGN,4.13
7226,22945,CHRISTMAS METAL TAGS ASSORTED ,1.8
7227,22965,3 TRADITIONAl BISCUIT CUTTERS  SET,4.13
7228,23025,DRAWER KNOB VINTAGE GLASS BALL,4.13
7229,23084,RABBIT NIGHT LIGHT,4.13
7230,23154,SET OF 4 JAM JAR MAGNETS,4.13
7231,23156,SET OF 5 MINI GROCERY MAGNETS,4.13
7232,23159,SET OF 5 PANCAKE DAY MAGNETS,4.13
7233,23201,JUMBO BAG ALPHABET,4.13
7234,23274,STAR T-LIGHT HOLDER WILLIE WINKIE,3.29
7235,23291,DOLLY GIRL CHILDRENS CUP,2.46
7236,23292,SPACEBOY CHILDRENS CUP,2.46
7237,23300,GARDENERS KNEELING PAD CUP OF TEA ,3.29
7238,72802A,ROSE SCENT CANDLE IN JEWELLED BOX,8.29
7239,82482,WOODEN PICTURE FRAME WHITE FINISH,5.79
7240,82581,TOILET METAL SIGN,1.25
7241,84661B,BLACK SQUARE TABLE CLOCK,4.96
7242,84947,ANTIQUE SILVER TEA GLASS ENGRAVED,2.46
7243,84971S,SMALL HEART FLOWERS HOOK ,1.63
7244,85015,SET OF 12  VINTAGE POSTCARD SET,2.46
7245,85039C,S/4 BLACK MINI ROSE CANDLE IN BOWL,1.63
7246,85099B,JUMBO BAG RED RETROSPOT,4.13
7247,85129B,BEADED CRYSTAL HEART GREEN SMALL,2.46
7248,85129C,BEADED CRYSTAL HEART BLUE SMALL,2.46
7249,85130B,BEADED CRYSTAL HEART GREEN LARGE,3.29
7250,85231B,CINAMMON SET OF 9 T-LIGHTS,1.63
7251,90086,CRYSTAL FROG PHONE CHARM,1.63
7252,DOT,DOTCOM POSTAGE,688.08
7253,15060B,FAIRY CAKE DESIGN UMBRELLA,8.29
7254,17129F,BLUE GLASS GEMS IN BAG,1.63
7255,20619,TROPICAL PASSPORT COVER ,4.13
7256,20657,TROPICAL LUGGAGE TAG,2.46
7257,20670,VIP HOLIDAY PURSE,5.79
7258,20725,LUNCH BAG RED RETROSPOT,4.13
7259,20769,DAISY JOURNAL ,4.96
7260,20819,SILVER TEDDY BEAR,7.46
7261,20914,SET/5 RED RETROSPOT LID GLASS BOWLS,5.79
7262,20996,JAZZ HEARTS ADDRESS BOOK,0.83
7263,BANK CHARGES,Bank Charges,0.001
7264,22043,CHRISTMAS CARD SCREEN PRINT ,0.19
7265,POST,POSTAGE,5.0
7266,23413,VINTAGE COFFEE GRINDER BOX,4.15
7267,79066K,RETRO MOD TRAY,0.64
7268,21498,RED RETROSPOT WRAP ,0.36
7269,21499,BLUE POLKADOT WRAP,0.36
7270,22044,CHRISTMAS CARD STACK OF PRESENTS,0.19
7271,21871,SAVE THE PLANET MUG,1.45
7272,23284,DOORMAT KEEP CALM AND COME IN,7.08
7273,79051A,SMOKEY GREY COLOUR GLASS,0.29
7274,23283,DOORMAT VINTAGE LEAF,8.25
7275,23283,DOORMAT VINTAGE LEAF,4.58
7276,23503,PLAYING CARDS KEEP CALM & CARRY ON,1.04
7277,22366,DOORMAT AIRMAIL ,7.08
7278,48116,DOORMAT MULTICOLOUR STRIPE,7.08
7279,23283,DOORMAT VINTAGE LEAF,7.08
7280,90028,NEW BAROQUE LARGE NECKLACE BLK/WHIT,8.5
7281,90074,BLACK DIAMOND CLUSTER NECKLACE,8.95
7282,22689,DOORMAT MERRY CHRISTMAS RED ,7.08
7283,23343,JUMBO BAG VINTAGE CHRISTMAS ,1.75
7284,23344,JUMBO BAG 50'S CHRISTMAS ,1.75
7285,22687,DOORMAT CHRISTMAS VILLAGE,7.08
7286,22616,PACK OF 12 LONDON TISSUES ,0.32
7287,21277,FRENCH STYLE EMBOSSED HEART CABINET,12.0
7288,23461,SWEETHEART BIRD HOUSE,4.15
7289,22660,DOORMAT I LOVE LONDON,8.25
7290,23466,TUSCAN VILLA DOVECOTE,8.25
7291,23469,CARD HOLDER LOVE BIRD SMALL,4.15
7292,23484,HEART TRELLISTRIPLE T-LIGHT HOLDER,2.89
7293,23283,DOORMAT VINTAGE LEAF,8.0
7294,23284,DOORMAT KEEP CALM AND COME IN,8.0
7295,POST,POSTAGE,6.0
7296,90149,SILVER FLOWR PINK SHELL NECKLACE,6.36
7297,90154,LAZER CUT NECKLACE W PASTEL BEADS,7.25
7298,23114,VINTAGE LEAF CHOPPING BOARD  ,4.95
7299,23117,POPPY FIELDS CHOPPING BOARD,4.95
7300,23115,RED APPLES CHOPPING BOARD   ,4.95
7301,23471,SIX DRAWER OFFICE TIDY,9.95
7302,23116,VEGETABLE GARDEN CHOPPING BOARD,4.95
7303,23472, NINE DRAWER OFFICE TIDY,14.95
7304,23470,CARD HOLDER LOVE BIRD LARGE ,6.25
7305,23524,HORSE & PONY WALL ART,3.75
7306,23535,BICYCLE SAFTEY WALL ART,5.95
7307,23534,STOP FOR TEA WALL ART,5.95
7308,23541,WALL ART CLASSIC PUDDINGS ,8.25
7309,35819P,"ACRYLIC HANGING JEWEL,PINK",0.38
7310,21031,SPACE CADET BLACK,2.46
7311,21058,PARTY INVITES WOODLAND,1.63
7312,21071,VINTAGE BILLBOARD DRINK ME MUG,2.46
7313,21086,SET/6 RED SPOTTY PAPER CUPS,1.63
7314,21219,SET/4 BADGES BALLOON GIRL,2.46
7315,21314,SMALL GLASS HEART TRINKET POT,4.13
7316,21411,GINGHAM HEART  DOORSTOP RED,8.29
7317,21465,PINK FLOWER CROCHET FOOD COVER,7.46
7318,21561,DINOSAUR LUNCH BOX WITH CUTLERY,4.96
7319,21668,RED STRIPE CERAMIC DRAWER KNOB,3.29
7320,21675,BUTTERFLIES STICKERS,1.63
7321,21744,SNOWFLAKE PORTABLE TABLE LIGHT ,5.79
7322,21746,SMALL RED RETROSPOT WINDMILL,2.46
7323,21794,CLASSIC FRENCH STYLE BASKET NATURAL,7.46
7324,21873,IF YOU CAN'T STAND THE HEAT MUG,3.29
7325,21875,KINGS CHOICE MUG,3.29
7326,21880,RED RETROSPOT TAPE,0.42
7327,21881,CUTE CATS TAPE,1.63
7328,21928,JUMBO BAG SCANDINAVIAN BLUE PAISLEY,4.13
7329,21931,JUMBO STORAGE BAG SUKI,4.13
7330,21948,SET OF 6 CAKE CHOPSTICKS,2.46
7331,21976,PACK OF 60 MUSHROOM CAKE CASES,1.25
7332,22082,RIBBON REEL STRIPES DESIGN ,3.29
7333,22096,PINK PAISLEY SQUARE TISSUE BOX ,2.46
7334,22098,BOUDOIR SQUARE TISSUE BOX,2.46
7335,22107,PIZZA PLATE IN BOX,7.46
7336,22113,GREY HEART HOT WATER BOTTLE,7.46
7337,22114,HOT WATER BOTTLE TEA AND SYMPATHY,8.29
7338,22129,PARTY CONES CANDY DECORATION,2.46
7339,22203,MILK PAN RED RETROSPOT,7.46
7340,22269,EGG CUP NATURAL CHICKEN,2.46
7341,22277,COSMETIC BAG VINTAGE ROSE PAISLEY,4.13
7342,22296,HEART IVORY TRELLIS LARGE,3.29
7343,22297,HEART IVORY TRELLIS SMALL,2.46
7344,22331,WOODLAND PARTY BAG + STICKER SET,3.29
7345,22384,LUNCH BAG PINK POLKADOT,4.13
7346,22385,JUMBO BAG SPACEBOY DESIGN,4.13
7347,22427,ENAMEL FLOWER JUG CREAM,11.63
7348,22460,EMBOSSED GLASS TEALIGHT HOLDER,2.46
7349,22556,PLASTERS IN TIN CIRCUS PARADE ,3.29
7350,22576,SWALLOW WOODEN CHRISTMAS DECORATION,1.63
7351,22585,PACK OF 6 BIRDY GIFT TAGS,2.46
7352,22600,CHRISTMAS RETROSPOT STAR WOOD,1.63
7353,22664,TOY TIDY DOLLY GIRL DESIGN,4.13
7354,22673,FRENCH GARDEN SIGN BLUE METAL,2.46
7355,22698,PINK REGENCY TEACUP AND SAUCER,5.79
7356,22791,T-LIGHT GLASS FLUTED ANTIQUE,2.46
7357,22800,ANTIQUE TALL SWIRLGLASS TRINKET POT,7.46
7358,22835,HOT WATER BOTTLE I AM SO POORLY,9.13
7359,23056,FLOWERS CHANDELIER T-LIGHT HOLDER,12.46
7360,23080,RED METAL BOX TOP SECRET,16.63
7361,23081,GREEN METAL BOX ARMY SUPPLIES,16.63
7362,23157,SET OF 6 NATIVITY MAGNETS ,4.13
7363,23167,SMALL CERAMIC TOP STORAGE JAR ,1.63
7364,23172,REGENCY TEA PLATE PINK,3.29
7365,23191,BUNDLE OF 3 RETRO NOTE BOOKS,3.29
7366,23202,JUMBO BAG VINTAGE LEAF,4.13
7367,23229,VINTAGE DONKEY TAIL GAME ,7.46
7368,23264,SET OF 3 WOODEN SLEIGH DECORATIONS,2.5
7369,23265,SET OF 3 WOODEN TREE DECORATIONS,2.5
7370,23266,SET OF 3 WOODEN STOCKING DECORATION,2.5
7371,23284,DOORMAT KEEP CALM AND COME IN,16.63
7372,47566,PARTY BUNTING,10.79
7373,72812,LARGE ZINC GLASS CANDLEHOLDER,4.13
7374,82001S,VINYL RECORD FRAME SILVER,7.46
7375,84755,COLOUR GLASS T-LIGHT HOLDER HANGING,1.24
7376,84792,ENCHANTED BIRD COATHANGER 5 HOOK,9.13
7377,84915,HAND TOWEL PINK FLOWER AND DAISY,4.13
7378,84988,SET OF 72 PINK HEART PAPER DOILIES,2.92
7379,85123A,WHITE HANGING HEART T-LIGHT HOLDER,5.79
7380,DOT,DOTCOM POSTAGE,490.25
7381,20717,STRAWBERRY SHOPPER BAG,2.46
7382,20780,BLACK EAR MUFF HEADPHONES,10.79
7383,20829,GLITTER HANGING BUTTERFLY STRING,4.13
7384,20838,FRENCH LATTICE CUSHION COVER ,3.29
7385,20839,FRENCH PAISLEY CUSHION COVER ,3.29
7386,20840,FRENCH FLORAL CUSHION COVER ,3.29
7387,20986,BLUE CALCULATOR RULER,2.46
7388,23406,HOME SWEET HOME KEY HOLDER,4.15
7389,23404,HOME SWEET HOME BLACKBOARD,3.26
7390,23321,SMALL WHITE HEART OF WICKER,1.12
7391,22470,HEART OF WICKER LARGE,1.97
7392,85152,HAND OVER THE CHOCOLATE   SIGN ,1.49
7393,23426,METAL SIGN DROP YOUR PANTS,1.66
7394,21175,GIN + TONIC DIET METAL SIGN,1.49
7395,21166,COOK WITH WINE METAL SIGN ,1.49
7396,21181,PLEASE ONE PERSON METAL SIGN,1.49
7397,23539,WALL ART LOVES' SECRET ,3.88
7398,23522,DOG AND BALL WALL ART,1.63
7399,23534,STOP FOR TEA WALL ART,3.88
7400,23535,BICYCLE SAFTEY WALL ART,3.88
7401,23526,DOG LICENCE WALL ART,3.88
7402,23533,WALL ART GARDEN HAVEN ,3.88
7403,23542,70'S ALPHABET WALL ART,6.67
7404,23528,SPACEBOY WALL ART,2.66
7405,21175,GIN + TONIC DIET METAL SIGN,1.4
7406,21166,COOK WITH WINE METAL SIGN ,1.4
7407,22471,TV DINNER TRAY AIR HOSTESS ,2.85
7408,23426,METAL SIGN DROP YOUR PANTS,1.6
7409,23543,KEEP CALM WALL ART ,7.45
7410,23412,HEART MIRROR ANTIQUE WHITE,4.98
7411,23400,SHELF WITH 4 HOOKS HOME SWEET HOME,4.15
7412,23401,RUSTIC MIRROR WITH LACE HEART,4.15
7413,23322,LARGE WHITE HEART OF WICKER,1.97
7414,23133,LARGE IVORY HEART WALL ORGANISER,5.66
7415,21908,CHOCOLATE THIS WAY METAL SIGN,1.49
7416,82583,HOT BATHS METAL SIGN,1.49
7417,23530,WALL ART ONLY ONE PERSON ,3.58
7418,23538,WALL ART VINTAGE HEART,3.58
7419,23521,CAT AND BIRD WALL ART,1.12
7420,23523,TREASURE AHOY WALL ART,2.66
7421,23524,HORSE & PONY WALL ART,2.66
7422,23531,WALL ART BIG LOVE ,4.77
7423,23527,ANIMALS AND NATURE WALL ART,3.75
7424,23523,TREASURE AHOY WALL ART,3.75
7425,23483,HANGING  BUTTERFLY T-LIGHT HOLDER,1.25
7426,23529,DOLLY GIRL WALL ART,3.75
7427,23528,SPACEBOY WALL ART,3.75
7428,23526,DOG LICENCE WALL ART,5.95
7429,23536,VILLAGE SHOW WALL ART,5.95
7430,23544,WALL ART MID CENTURY MODERN ,8.25
7431,23542,70'S ALPHABET WALL ART,8.25
7432,22113,GREY HEART HOT WATER BOTTLE,3.32
7433,21115,ROSE CARAVAN DOORSTOP,5.35
7434,22178,VICTORIAN GLASS HANGING T-LIGHT,0.9
7435,23403,LETTER HOLDER HOME SWEET HOME,3.25
7436,23532,WALL ART WORK REST AND PLAY  ,4.15
7437,23536,VILLAGE SHOW WALL ART,5.35
7438,23541,WALL ART CLASSIC PUDDINGS ,7.45
7439,23525,BUFFALO BILL WALL ART ,3.29
7440,23527,ANIMALS AND NATURE WALL ART,3.29
7441,23540,WALL ART THE MAGIC FOREST ,6.25
7442,23529,DOLLY GIRL WALL ART,3.29
7443,23537,I LOVE LONDON WALL ART,4.95
7444,23543,KEEP CALM WALL ART ,8.25
7445,23531,WALL ART BIG LOVE ,6.95
7446,23532,WALL ART WORK REST AND PLAY  ,4.95
7447,23538,WALL ART VINTAGE HEART,4.95
7448,23543,WALL ART KEEP CALM ,8.25
7449,23535,WALL ART BICYCLE SAFTEY ,5.95
7450,M,Manual,9.95
7451,23403,LETTER HOLDER HOME SWEET HOME,2.49
7452,22469,HEART OF WICKER SMALL,1.12
7453,23132,SMALL IVORY HEART WALL ORGANISER,3.57
7454,21174,POTTERING IN THE SHED METAL SIGN,1.49
7455,23532,WALL ART WORK REST AND PLAY  ,3.89
7456,23536,VILLAGE SHOW WALL ART,3.89
7457,23543,KEEP CALM WALL ART ,6.98
7458,23541,WALL ART CLASSIC PUDDINGS ,6.67
7459,23540,WALL ART THE MAGIC FOREST ,3.97
7460,23529,DOLLY GIRL WALL ART,2.66
7461,23525,WALL ART BUFFALO BILL ,2.66
7462,48111,DOORMAT 3 SMILEY CATS,7.08
7463,48188,DOORMAT WELCOME PUPPIES,7.08
7464,23483,HANGING  BUTTERFLY T-LIGHT HOLDER,1.04
7465,23544,WALL ART MID CENTURY MODERN ,5.68
7466,23539,WALL ART LOVES' SECRET ,5.95
7467,23536,WALL ART VILLAGE SHOW ,5.95
7468,23534,WALL ART STOP FOR TEA ,5.95
7469,M,Manual,3155.95
7470,23530,WALL ART ONLY ONE PERSON ,4.95
7471,M,Manual,152.78
7472,M,Manual,32.22
7473,M,Manual,120.0
7474,23531,WALL ART BIG LOVE ,6.25
7475,22575,METAL MERRY CHRISTMAS WREATH,1.65
7476,23349,ROLL WRAP VINTAGE CHRISTMAS,1.04
7477,23535,WALL ART BICYCLE SAFTEY ,5.35
7478,23526,WALL ART DOG LICENCE ,5.35
7479,22349,DOG BOWL CHASING BALL DESIGN,3.39
7480,23537,WALL ART I LOVE LONDON ,4.95
7481,23542,WALL ART 70'S ALPHABET ,8.25
7482,23525,BUFFALO BILL WALL ART ,3.75
7483,23500,KEY RING BASEBALL BOOT ASSORTED ,1.04
7484,23526,WALL ART DOG LICENCE ,5.95
7485,23533,WALL ART GARDEN HAVEN ,5.95
7486,23524,WALL ART HORSE & PONY ,3.75
7487,23525,WALL ART BUFFALO BILL ,3.75
7488,23527,WALL ART ANIMALS AND NATURE ,3.75
7489,85185B,PINK HORSE SOCK PUPPET KIT,2.95
7490,23465,TUSCAN VILLA FEEDING STATION,8.25
7491,21980,PACK OF 12 RED RETROSPOT TISSUES ,0.32
7492,23354,6 GIFT TAGS 50'S CHRISTMAS ,0.72
7493,23438, RED SPOT GIFT BAG LARGE,1.04
7494,23437, 50'S CHRISTMAS GIFT BAG LARGE,1.04
7495,23375,50'S CHRISTMAS PAPER GIFT BAG,0.72
7496,23233,WRAP POPPIES  DESIGN,0.36
7497,23232,WRAP VINTAGE LEAF DESIGN,0.36
7498,22710,WRAP I LOVE LONDON ,0.36
7499,22045,SPACEBOY GIFT WRAP,0.36
7500,16156S,WRAP PINK FAIRY CAKES ,0.36
7501,21497,FANCY FONTS BIRTHDAY WRAP,0.36
7502,16161U,WRAP SUKI AND FRIENDS,0.36
7503,21955,DOORMAT UNION JACK GUNS AND ROSES,7.08
7504,23505,PLAYING CARDS I LOVE LONDON ,1.04
7505,23501,KEY RING BASEBALL BOOT UNION JACK,1.04
7506,23538,WALL ART VINTAGE HEART,4.15
7507,23470,CARD HOLDER LOVE BIRD LARGE ,5.39
7508,23493,VINTAGE DOILY TRAVEL SEWING KIT,1.65
7509,23543,WALL ART KEEP CALM ,7.45
7510,23537,WALL ART I LOVE LONDON ,4.15
7511,90129D,AMBER GLASS TASSLE BAG CHARM,2.95
7512,90129E,PURPLE GLASS TASSLE BAG CHARM,2.95
7513,22129,PARTY CONES CANDY DECORATION,0.85
7514,POST,POSTAGE,240.0
7515,23512,EMBROIDERED RIBBON REEL ROSIE,1.79
7516,23513,EMBROIDERED RIBBON REEL SUSIE ,1.79
7517,23519,EMBROIDERED RIBBON REEL CLAIRE,3.29
7518,23515,EMBROIDERED RIBBON REEL DAISY ,1.79
7519,23518,EMBROIDERED RIBBON REEL RACHEL ,2.49
7520,23516,EMBROIDERED RIBBON REEL SOPHIE  ,3.29
7521,23502,PLAYING CARDS VINTAGE DOILY ,1.04
7522,23507,MINI PLAYING CARDS BUFFALO BILL ,0.36
7523,23510,MINI PLAYING CARDS GYMKHANA,0.36
7524,23113,PANTRY CHOPPING BOARD,4.15
7525,23114,VINTAGE LEAF CHOPPING BOARD  ,4.15
7526,23524,HORSE & PONY WALL ART,3.29
7527,23523,TREASURE AHOY WALL ART,3.29
7528,23526,DOG LICENCE WALL ART,5.35
7529,23534,STOP FOR TEA WALL ART,5.35
7530,23535,BICYCLE SAFTEY WALL ART,5.35
7531,23542,70'S ALPHABET WALL ART,7.45
7532,23533,WALL ART GARDEN HAVEN ,5.35
7533,23371,SET 36 COLOUR PENCILS SPACEBOY ,1.06
7534,23372,SET 36 COLOUR PENCILS DOLLY GIRL,1.06
7535,23370,SET 36 COLOURING PENCILS DOILY,1.06
7536,20978,36 PENCILS TUBE SKULLS,1.06
7537,23535,WALL ART BICYCLE SAFETY,5.95
7538,23528,WALL ART SPACEBOY,3.75
7539,23529,WALL ART DOLLY GIRL ,3.75
7540,23501,KEY RING BASEBALL BOOT UNION JACK,1.25
7541,71496B,A4 WALL TIDY RED FLOWERS,0.53
7542,22778,GLASS CLOCHE SMALL,0.0
7543,23391, I LOVE LONDON MINI RUCKSACK,4.15
7544,23370,SET 36 COLOURING PENCILS DOILEY,1.25
7545,23366,SET 12 COLOURING PENCILS DOILEY,0.65
7546,23388,WOODLAND MINI RUCKSACK ,4.15
7547,21500,PINK POLKADOT WRAP ,0.36
7548,23471,SIX DRAWER OFFICE TIDY,8.25
7549,22389,PAPERWEIGHT SAVE THE PLANET,2.1
7550,23484,HEART TRELLIS TRIPLE T-LIGHT HOLDER,2.89
7551,23530,WALL ART ONLY ONE PERSON ,4.15
7552,22866,HAND WARMER SCOTTY DOG DESIGN,1.79
7553,22865,HAND WARMER OWL DESIGN,1.79
7554,22632,HAND WARMER RED RETROSPOT,1.79
7555,22633,HAND WARMER UNION JACK,1.79
7556,23522,WALL ART DOG AND BALL ,2.89
7557,23521,WALL ART CAT AND BIRD ,2.89
7558,23540,WALL ART THE MAGIC FOREST ,6.95
7559,23404,HOME SWEET HOME BLACKBOARD,4.15
7560,85088,CANDY SPOT HAND BAG,1.69
7561,23539,"WALL ART , LOVES' SECRET ",5.95
7562,23530,"WALL ART,ONLY ONE PERSON ",4.95
7563,23541,"WALL ART ,PUDDINGS ",7.45
7564,23534,WALL ART STOP FOR TEA ,5.35
7565,23500,KEY RING BASEBALL BOOT ASSORTED ,1.25
7566,90012A,MIDNIGHT BLUE DROP CRYSTAL NECKLACE,2.95
7567,23468,TUSCAN VILLA BIRD TABLE ,8.25
7568,23250,VINTAGE RED TRIM ENAMEL BOWL ,1.04
7569,21108,FAIRY CAKE FLANNEL ASSORTED COLOUR,0.79
7570,23188,VINTAGE  2 METRE FOLDING RULER,1.65
7571,37495,FAIRY CAKE BIRTHDAY CANDLE SET,2.95
7572,22176,BLUE OWL SOFT TOY,2.55
7573,23379,PACK OF 12 RED APPLE TISSUES,0.32
7574,90087,CRYSTAL SEA HORSE PHONE CHARM,0.85
7575,22173,METAL 4 HOOK HANGER FRENCH CHATEAU,2.75
7576,22273,FELTCRAFT DOLL MOLLY,2.3
7577,22503,CABIN BAG VINTAGE PAISLEY,24.95
7578,82600,N0 SINGING METAL SIGN,2.1
7579,23521,CAT AND BIRD WALL ART,2.89
7580,23522,DOG AND BALL WALL ART,2.89
7581,79157V,UBO-LIGHT TRIOBASE PURPLE,0.85
7582,90189A,SILVER 2 STRAND NECKLACE-LEAF CHARM,7.5
7583,90054,CRACKED GLAZE EARRINGS RED,2.55
7584,90188,DROP EARRINGS W FLOWER & LEAF,2.55
7585,90195A,PURPLE GEMSTONE BRACELET,2.95
7586,90014A,SILVER M.O.P. ORBIT NECKLACE,2.95
7587,90071,RUBY GLASS CLUSTER EARRINGS,1.25
7588,90014B,GOLD M.O.P. ORBIT NECKLACE,2.95
7589,23048,SET OF 10 LANTERNS FAIRY LIGHT STAR,3.75
7590,85179A,GREEN BITTY LIGHT CHAIN,1.25
7591,23466,TUSCAN VILLA DOVECOTE BIRD FEEDER,8.25
7592,23021,GLASS BONNE JAM JAR,3.75
7593,23040,PAPER LANTERN 9 POINT SNOW STAR ,4.95
7594,23046,PAPER LANTERN 9 POINT DELUXE STAR,5.75
7595,23540,"WALL ART , THE MAGIC FOREST ",6.95
7596,23448,CREAM BUNNY EASTER EGG BASKET,1.65
7597,23447,PINK BUNNY EASTER EGG BASKET,1.65
7598,23446,BLUE BUNNY EASTER EGG BASKET,1.65
7599,20986,BLUE CALCULATOR RULER,1.06
7600,21613,S/12 VANILLA  BOTANICAL T-LIGHTS,2.55
7601,22195,LARGE HEART MEASURING SPOONS,1.45
7602,22277,COSMETIC BAG VINTAGE ROSE PAISLEY,1.85
7603,21025,SPACE FROG,2.46
7604,21028,NINJA RABBIT BLACK,2.46
7605,21112,SWISS ROLL TOWEL PINK  SPOTS,5.79
7606,21222,SET/4 BADGES BEETLES,2.46
7607,21259,VICTORIAN SEWING BOX SMALL ,12.46
7608,21356,TOAST ITS - FAIRY FLOWER,2.46
7609,21367,MIRRORED WALL ART GENTS,4.96
7610,21485,RETROSPOT HEART HOT WATER BOTTLE,10.79
7611,21705,BAG 500g SWIRLY MARBLES,3.29
7612,21707,FOLDING UMBRELLA BLACKBLUE POLKADOT,9.96
7613,21829,DINOSAUR KEYRINGS ASSORTED,0.42
7614,21878,PACK OF 6 SANDCASTLE FLAGS ASSORTED,1.63
7615,22074,6 RIBBONS SHIMMERING PINKS ,3.29
7616,22090,PAPER BUNTING RETROSPOT,5.79
7617,22112,CHOCOLATE HOT WATER BOTTLE,10.79
7618,22193,RED DINER WALL CLOCK,16.63
7619,22246,MAGIC GARDEN FELT GARLAND ,4.13
7620,22274,FELTCRAFT DOLL EMILY,5.79
7621,22337,ANGEL DECORATION PAINTED ZINC ,1.25
7622,22358,KINGS CHOICE TEA CADDY ,5.79
7623,22364,GLASS JAR DIGESTIVE BISCUITS,5.79
7624,22378,WALL TIDY RETROSPOT ,4.13
7625,22382,LUNCH BAG SPACEBOY DESIGN ,4.13
7626,22435,SET OF 9 HEART SHAPED BALLOONS,2.46
7627,22445,PENCIL CASE LIFE IS BEAUTIFUL,5.79
7628,22487,WHITE WOOD GARDEN PLANT LADDER,19.96
7629,22491,PACK OF 12 COLOURED PENCILS,1.63
7630,22551,PLASTERS IN TIN SPACEBOY,3.29
7631,22616,PACK OF 12 LONDON TISSUES ,0.83
7632,22626,BLACK KITCHEN SCALES,16.63
7633,22630,DOLLY GIRL LUNCH BOX,4.13
7634,22642,SET OF 4 NAPKIN CHARMS STARS   ,4.96
7635,22662,LUNCH BAG DOLLY GIRL DESIGN,4.13
7636,22668,PINK BABY BUNTING,5.79
7637,22734,SET OF 6 RIBBONS VINTAGE CHRISTMAS,5.79
7638,22751,FELTCRAFT PRINCESS OLIVIA DOLL,7.46
7639,22753,SMALL YELLOW BABUSHKA NOTEBOOK ,1.63
7640,22755,SMALL PURPLE BABUSHKA NOTEBOOK ,1.63
7641,22766,PHOTO FRAME CORNICE,5.79
7642,22807,SET OF 6 T-LIGHTS TOADSTOOLS,5.79
7643,22820,GIFT BAG BIRTHDAY,0.83
7644,22822,CREAM WALL PLANTER HEART SHAPED,12.46
7645,22890,NOVELTY BISCUITS CAKE STAND 3 TIER,19.96
7646,22899,CHILDREN'S APRON DOLLY GIRL ,4.13
7647,22904,CALENDAR PAPER CUT DESIGN,5.79
7648,22925,BLUE GIANT GARDEN THERMOMETER,12.46
7649,22984,CARD GINGHAM ROSE ,0.83
7650,23038,T-LIGHT HOLDER SILVER SAUCER,1.63
7651,23088,ZINC HEART FLOWER T-LIGHT HOLDER,2.46
7652,23127,FELTCRAFT GIRL NICOLE KIT,10.79
7653,23130,MISTLETOE HEART WREATH GREEN,8.29
7654,23183,MOTHER'S KITCHEN SPOON REST ,7.46
7655,23184,BULL DOG BOTTLE OPENER,10.79
7656,23192,BUNDLE OF 3 ALPHABET EXERCISE BOOKS,3.29
7657,23193,BUFFALO BILL TREASURE BOOK BOX,4.58
7658,23205,CHARLOTTE BAG VINTAGE ALPHABET ,1.63
7659,23217,LAUREL HEART ANTIQUE SILVER,2.5
7660,23234,BISCUIT TIN VINTAGE CHRISTMAS,5.79
7661,23273,HEART T-LIGHT HOLDER WILLIE WINKIE,3.29
7662,23306,SET OF 36 DOILIES PANTRY DESIGN,2.92
7663,23308,SET OF 60 VINTAGE LEAF CAKE CASES ,1.25
7664,35598D,PINK/WHITE CHRISTMAS TREE 60CM,2.46
7665,35599D,PINK AND WHITE CHRISTMAS TREE 120CM,5.79
7666,47310M,SMALL POP BOX FUNKY MONKEY,1.63
7667,47310M,SMALL POP BOX FUNKY MONKEY,3.29
7668,47471,RAINBOW PEGS PHOTO CLIP STRING,1.46
7669,82484,WOOD BLACK BOARD ANT WHITE FINISH,16.63
7670,82578,KITCHEN METAL SIGN,1.25
7671,84510C,SET OF 4 POLKADOT COASTERS,2.46
7672,84580,MOUSE TOY WITH PINK T-SHIRT,4.13
7673,84581,DOG TOY WITH PINK CROCHET SKIRT,4.13
7674,84673B,BLUE FLY SWAT,1.63
7675,84969,BOX OF 6 ASSORTED COLOUR TEASPOONS,3.29
7676,84987,SET OF 36 TEATIME PAPER DOILIES,2.92
7677,84997A,CHILDRENS CUTLERY POLKADOT GREEN ,8.29
7678,84997D,CHILDRENS CUTLERY POLKADOT PINK,8.29
7679,85034B,3 WHITE CHOC MORRIS BOXED CANDLES,8.29
7680,85035A,GARDENIA 3 WICK MORRIS BOXED CANDLE,8.29
7681,85036A,GARDENIA 1 WICK MORRIS BOXED CANDLE,8.29
7682,85036C,ROSE 1 WICK MORRIS BOXED CANDLE,8.29
7683,85049C,ROMANTIC PINKS RIBBONS ,2.46
7684,85049G,CHOCOLATE BOX RIBBONS ,2.46
7685,85049H,URBAN BLACK RIBBONS ,2.46
7686,85099F,JUMBO BAG STRAWBERRY,4.13
7687,85173,SET/6 FROG PRINCE T-LIGHT CANDLES,4.96
7688,85175,CACTI T-LIGHT CANDLES,0.83
7689,DOT,DOTCOM POSTAGE,635.01
7690,20615,BLUE POLKADOT PASSPORT COVER,4.13
7691,20662,FIRST CLASS HOLIDAY PURSE ,5.79
7692,20728,LUNCH BAG CARS BLUE,4.13
7693,20712,JUMBO BAG WOODLAND ANIMALS,1.74
7694,90012B,BLACK DROP CRYSTAL NECKLACE,2.95
7695,72131,COLUMBIAN CANDLE RECTANGLE,1.65
7696,21106,CREAM SLICE FLANNEL CHOCOLATE SPOT ,2.55
7697,16225,RATTLE SNAKE EGGS,1.06
7698,90200E,GREEN SWEETHEART BRACELET,3.75
7699,90200D,PINK SWEETHEART BRACELET,3.75
7700,23523,WALL ART TREASURE AHOY ,3.75
7701,23544,WALL ART MID CENTURY MODERN ,7.45
7702,84970L,SINGLE HEART ZINC T-LIGHT HOLDER,1.04
7703,M,Manual,0.36
7704,85173,SET/6 FROG PRINCE T-LIGHT CANDLES,1.69
7705,23269,SET OF 2 CERAMIC CHRISTMAS TREES,1.25
7706,POST,POSTAGE,4.5
7707,21774,DECORATIVE CATS BATHROOM BOTTLE,1.06
7708,23127,FELTCRAFT GIRL NICOLE KIT,4.15
7709,22656,VINTAGE BLUE KITCHEN CABINET,50.0
7710,85034A,3 GARDENIA MORRIS BOXED CANDLES,1.25
7711,85036C,ROSE 1 WICK MORRIS BOXED CANDLE,1.25
7712,85035A,GARDENIA 3 WICK MORRIS BOXED CANDLE,1.25
7713,23382,BOX OF 6 CHRISTMAS CAKE DECORATIONS,3.75
7714,23660,HENRIETTA HEN MUG ,1.65
7715,23661,MILK MAIDS MUG ,1.65
7716,23564,EGG CUP MILKMAID INGRID,1.25
7717,23382,BOX OF 6 CHRISTMAS CAKE DECORATIONS,3.29
7718,85036A,GARDENIA 1 WICK MORRIS BOXED CANDLE,1.25
7719,22804,PINK HANGING HEART T-LIGHT HOLDER,2.95
7720,23567,EGG CUP HENRIETTA HEN PINK,1.25
7721,M,Manual,40.0
7722,48173C,DOORMAT BLACK FLOCK ,7.08
7723,23487,SWEET HEART CAKE CARRIER,9.95
7724,M,Manual,0.12
7725,23128,FELTCRAFT BOY JEAN-PAUL KIT,4.15
7726,23490,T-LIGHT HOLDER HANGING LOVE BIRD,3.75
7727,23453,OVAL  MINI PORTRAIT FRAME,1.95
7728,23452,HEART MINI PORTRAIT FRAME,1.95
7729,M,Manual,599.5
7730,20998,ROSE DU SUD OVEN GLOVE,2.55
7731,23451,SQUARE MINI PORTRAIT FRAME,1.95
7732,23482,PEARLISED IVORY HEART LARGE ,1.65
7733,23055,IVORY CHANDELIER T-LIGHT HOLDER,5.39
7734,23056,FLOWERS CHANDELIER T-LIGHT HOLDER,5.39
7735,23072,MARIE ANTOINETTE TRINKET BOX SILVER,6.5
7736,23071,MARIE ANTOINETTE TRINKET BOX GOLD,6.5
7737,72802B,OCEAN SCENT CANDLE IN JEWELLED BOX,1.25
7738,72802C,VANILLA SCENT CANDLE JEWELLED BOX,1.25
7739,23459,DOLLY CABINET 2 DRAWERS ,12.5
7740,23565,EGG CUP MILKMAID HELGA ,1.25
7741,23456,MEDIUM PARLOUR PICTURE FRAME ,4.15
7742,23463,VINTAGE ZINC WATERING CAN,9.95
7743,23464,VINTAGE ZINC WATERING CAN SMALL,4.95
7744,23405,HOME SWEET HOME 2 DRAWER CABINET,4.15
7745,23410,CURIO CABINET LINEN AND LACE ,7.05
7746,23311,VINTAGE CHRISTMAS STOCKING ,2.1
7747,21812,GARLAND WITH HEARTS AND BELLS,4.25
7748,21813,GARLAND WITH STARS AND BELLS,4.25
7749,21317,GLASS SPHERE CANDLE STAND MEDIUM,4.95
7750,84609,TALL ROCOCO CANDLE HOLDER,7.25
7751,82011C,BATHROOM SCALES FOOTPRINTS IN SAND,2.95
7752,82011B,BATHROOM SCALES RUBBER DUCKS,2.95
7753,21111,"SWISS ROLL TOWEL, CHOCOLATE  SPOTS",2.55
7754,21110,LARGE CAKE TOWEL PINK SPOTS,5.95
7755,21109,LARGE CAKE TOWEL CHOCOLATE SPOTS,5.95
7756,84600,NEW BAROQUE JEWELLERY BOX ,6.95
7757,21711,FOLDING UMBRELLA WHITE/RED POLKADOT,4.25
7758,21709,FOLDING UMBRELLA CHOCOLATE POLKADOT,4.25
7759,21710,FOLDING UMBRELLA PINKWHITE POLKADOT,4.25
7760,21708,FOLDING UMBRELLA CREAM POLKADOT,4.25
7761,21706,FOLDING UMBRELLA RED/WHITE POLKADOT,4.25
7762,21625,VINTAGE UNION JACK APRON,5.95
7763,23407,SET OF 2 TRAYS HOME SWEET HOME,8.49
7764,21628,TRIANGULAR POUFFE VINTAGE ,12.75
7765,21630,FLOOR CUSHION ELEPHANT CARNIVAL,7.95
7766,21629,SQUARE FLOOR CUSHION VINTAGE RED,6.95
7767,22476,EMPIRE UNION JACK TV DINNER TRAY,4.25
7768,22475,SKULL DESIGN TV DINNER TRAY,4.25
7769,22473,TV DINNER TRAY VINTAGE PAISLEY,4.25
7770,85168B,BLACK BAROQUE CARRIAGE CLOCK,8.5
7771,85163A,WHITE BAROQUE WALL CLOCK ,10.95
7772,35004G,SET OF 3 GOLD FLYING DUCKS,4.65
7773,23401,RUSTIC MIRROR WITH LACE HEART,5.39
7774,84708B,PINK JEWELLED PHOTO FRAME ,4.25
7775,23409,PHOTO FRAME LINEN AND LACE LARGE,3.29
7776,22512,DOORSTOP RACING CAR DESIGN,3.39
7777,23128,FELTCRAFT BOY JEAN-PAUL KIT,4.18
7778,22442,GROW YOUR OWN FLOWERS SET OF 3,6.75
7779,23406,HOME SWEET HOME KEY HOLDER,5.39
7780,23457,LARGE PARLOUR PICTURE FRAME,4.95
7781,23455,SMALL PARLOUR PICTURE FRAME,2.89
7782,23568,EGG CUP HENRIETTA HEN CREAM ,1.25
7783,16169E,WRAP 50'S  CHRISTMAS,0.36
7784,23566,EGG CUP MILKMAID HEIDI,1.25
7785,23467,VINTAGE ZINC PLANTER  ,3.29
7786,M,Manual,283.02
7787,M,Manual,339.02
7788,85179C,PINK BITTY LIGHT CHAIN,1.25
7789,23479,WIRE EGG BASKET ,7.85
7790,21495,SKULLS AND CROSSBONES WRAP,0.36
7791,15056BL,EDWARDIAN PARASOL BLACK,12.46
7792,20652,BLUE POLKADOT LUGGAGE TAG ,2.46
7793,20663,QUEEN OF THE SKIES HOLIDAY PURSE ,5.79
7794,20719,WOODLAND CHARLOTTE BAG,1.63
7795,20973,12 PENCIL SMALL TUBE WOODLAND,1.25
7796,21123,SET/10 IVORY POLKADOT PARTY CANDLES,0.83
7797,21128,GOLD FISHING GNOME,12.46
7798,21210,SET OF 72 RETROSPOT PAPER  DOILIES,2.92
7799,21390,FILIGRIS HEART WITH BUTTERFLY,2.46
7800,21402,RED  EGG  SPOON,0.42
7801,21470,FLOWER VINE RAFFIA FOOD COVER,7.46
7802,21793,CLASSIC FRENCH STYLE BASKET BROWN,7.46
7803,21830,ASSORTED CREEPY CRAWLIES,0.83
7804,21917,SET 12 KIDS  WHITE CHALK STICKS,0.83
7805,22079,RIBBON REEL HEARTS DESIGN ,3.29
7806,22094,RED RETROSPOT TISSUE BOX,2.46
7807,22099,CARAVAN SQUARE TISSUE BOX,2.46
7808,22170,PICTURE FRAME WOOD TRIPLE PORTRAIT,13.29
7809,22200,FRYING PAN PINK POLKADOT,8.29
7810,22308,TEA COSY BLUE STRIPE,4.96
7811,22333,RETROSPOT PARTY BAG + STICKER SET,3.29
7812,22334,DINOSAUR PARTY BAG + STICKER SET,3.29
7813,22338,STAR DECORATION PAINTED ZINC ,1.25
7814,22339,CHRISTMAS TREE PAINTED ZINC ,1.25
7815,22410,MONEY BOX HOUSEKEEPING DESIGN,2.46
7816,22411,JUMBO SHOPPER VINTAGE RED PAISLEY,4.13
7817,22413,METAL SIGN TAKE IT OR LEAVE IT ,5.79
7818,22425,ENAMEL COLANDER CREAM,9.96
7819,22465,HANGING METAL STAR LANTERN,3.29
7820,22470,HEART OF WICKER LARGE,5.79
7821,22559,SEASIDE FLYING DISC,2.46
7822,22639,SET OF 4 NAPKIN CHARMS HEARTS,4.96
7823,22646,CERAMIC STRAWBERRY CAKE MONEY BANK,3.29
7824,22675,FRENCH KITCHEN SIGN BLUE METAL,2.46
7825,22690,DOORMAT HOME SWEET HOME BLUE ,15.79
7826,22691,DOORMAT WELCOME SUNRISE,15.79
7827,22692,DOORMAT WELCOME TO OUR HOME,15.79
7828,22746,POPPY'S PLAYHOUSE LIVINGROOM ,4.13
7829,22749,FELTCRAFT PRINCESS CHARLOTTE DOLL,7.46
7830,22804,PINK HANGING HEART T-LIGHT HOLDER,5.79
7831,22841,ROUND CAKE TIN VINTAGE GREEN,15.79
7832,22908,PACK OF 20 NAPKINS RED APPLES,1.63
7833,22911,PAPER CHAIN KIT LONDON,5.79
7834,22937,BAKING MOULD CHOCOLATE CUPCAKES,4.96
7835,22956,36 FOIL HEART CAKE CASES,4.13
7836,23057,BEADED CHANDELIER T-LIGHT HOLDER,10.79
7837,23090,VINTAGE GLASS T-LIGHT HOLDER,1.63
7838,23179,CLOCK MAGNET MUM'S KITCHEN,5.79
7839,23188,VINTAGE  2 METRE FOLDING RULER,3.29
7840,23214,JINGLE BELL HEART ANTIQUE GOLD,4.13
7841,23216,LAUREL HEART ANTIQUE GOLD,2.46
7842,23313,VINTAGE CHRISTMAS BUNTING,10.79
7843,47580,TEA TIME DES TEA COSY,4.96
7844,48188,DOORMAT WELCOME PUPPIES,15.79
7845,84029G,KNITTED UNION FLAG HOT WATER BOTTLE,7.46
7846,84535B,FAIRY CAKES NOTEBOOK A6 SIZE,1.46
7847,84707A,SILVER JEWELLED MIRROR TRINKET TRAY,19.96
7848,84707B,PINK JEWELLED MIRROR TRINKET TRAY,19.96
7849,84945,MULTI COLOUR SILVER T-LIGHT HOLDER,1.8
7850,84970L,SINGLE HEART ZINC T-LIGHT HOLDER,2.08
7851,84991,60 TEATIME FAIRY CAKE CASES,1.25
7852,85088,CANDY SPOT HAND BAG,4.13
7853,85104,SILVER GLASS T-LIGHT SET,5.79
7854,85178,VICTORIAN SEWING KIT,2.46
7855,90043,COPPER AND BRASS BAG CHARM,9.96
7856,90049,IVORY GOLD METAL BAG CHARM,9.96
7857,DOT,DOTCOM POSTAGE,743.62
7858,23481,PEARLISED IVORY HEART SMALL ,1.25
7859,23458,DOLLY CABINET 3 DRAWERS ,14.95
7860,21591,COSY HOUR CIGAR BOX MATCHES ,1.06
7861,23484,HEART TRELLISTRIPLE T-LIGHT HOLDER,2.49
7862,21877,HOME SWEET HOME MUG,1.45
7863,21876,POTTERING MUG,1.45
7864,21494,ROTATING LEAVES T-LIGHT HOLDER,1.06
7865,90191,SILVER LARIAT 40CM,2.95
7866,23367,SET 12 COLOUR PENCILS SPACEBOY ,0.55
7867,23365,SET 12 COLOUR PENCILS LOVE LONDON,0.55
7868,23368,SET 12 COLOUR PENCILS DOLLY GIRL ,0.55
7869,23469,CARD HOLDER LOVE BIRD SMALL,3.29
7870,23484,HEART TRELLIS TRIPLE T-LIGHT HOLDER,2.49
7871,23508,MINI PLAYING CARDS DOLLY GIRL ,0.36
7872,23506,MINI PLAYING CARDS SPACEBOY ,0.36
7873,23509,MINI PLAYING CARDS FUN FAIR ,0.36
7874,23504,PLAYING CARDS JUBILEE UNION JACK,1.04
7875,23511,EMBROIDERED RIBBON REEL EMILY ,1.79
7876,23514,EMBROIDERED RIBBON REEL SALLY ,1.79
7877,23517,EMBROIDERED RIBBON REEL REBECCA ,2.49
7878,23523,WALL ART TREASURE AHOY ,3.29
7879,23521,WALL ART CAT AND BIRD ,2.49
7880,23524,WALL ART HORSE & PONY ,3.29
7881,23527,WALL ART ANIMALS AND NATURE ,3.29
7882,23522,WALL ART DOG AND BALL ,2.49
7883,23525,WALL ART BUFFALO BILL ,3.29
7884,23528,WALL ART SPACEBOY,3.29
7885,23539,WALL ART LOVES' SECRET ,5.35
7886,23074,EMBOSSED HEART TRINKET BOX,1.79
7887,21789,KIDS RAIN MAC PINK,0.65
7888,72598,SET/12 TAPER CANDLES,0.64
7889,21804,WHITE CHRISTMAS GARLAND STARS TREES,3.39
7890,21820,GLITTER HEART GARLAND WITH BELLS ,3.39
7891,23223,CHRISTMAS TREE HANGING SILVER ,0.72
7892,22574,HEART WOODEN CHRISTMAS DECORATION,0.72
7893,22576,SWALLOW WOODEN CHRISTMAS DECORATION,0.72
7894,22581,WOOD STOCKING CHRISTMAS SCANDISPOT,0.72
7895,23264,SET OF 3 WOODEN SLEIGH DECORATIONS,1.04
7896,23265,SET OF 3 WOODEN TREE DECORATIONS,1.04
7897,22153,ANGEL DECORATION STARS ON DRESS,0.36
7898,21114,LAVENDER SCENTED FABRIC HEART,1.06
7899,23398,HANGING HEART BONHEUR,0.72
7900,23399,HOME SWEET HOME HANGING HEART,0.72
7901,17084N,FAIRY DREAMS INCENSE ,0.16
7902,22466,FAIRY TALE COTTAGE NIGHT LIGHT,1.65
7903,21464,DISCO BALL ROTATOR BATTERY OPERATED,3.75
7904,22314,OFFICE MUG WARMER CHOC+BLUE,2.55
7905,22313,OFFICE MUG WARMER PINK,2.55
7906,21679,SKULLS  STICKERS,0.72
7907,21675,BUTTERFLIES STICKERS,0.72
7908,21677,HEARTS  STICKERS,0.72
7909,21224,SET/4 SKULL BADGES,1.06
7910,23579,SNACK TRAY I LOVE LONDON,1.95
7911,22947,WOODEN ADVENT CALENDAR RED,7.95
7912,23702,High Resolution Image,3.0
7913,M,Manual,3949.32
7914,M,Manual,2118.74
7915,23558,LANDMARK FRAME LONDON BRIDGE ,10.95
7916,23556,LANDMARK FRAME COVENT GARDEN ,10.95
7917,23554,LANDMARK FRAME OXFORD STREET,10.95
7918,23568,EGG CUP HENRIETTA HEN CREAM ,1.04
7919,23564,EGG CUP MILKMAID INGRID,1.04
7920,23566,EGG CUP MILKMAID HEIDI,1.04
7921,23556,LANDMARK FRAME COVENT GARDEN ,12.5
7922,23558,LANDMARK FRAME LONDON BRIDGE ,12.5
7923,23557,LANDMARK FRAME BAKER STREET ,12.5
7924,23554,LANDMARK FRAME OXFORD STREET,12.5
7925,23555,LANDMARK FRAME NOTTING HILL ,12.5
7926,23553,LANDMARK FRAME CAMDEN TOWN ,12.5
7927,23489,"GARLAND, VINTAGE BELLS",2.89
7928,23491,VINTAGE JINGLE BELLS HEART,8.25
7929,23492,VINTAGE JINGLE BELLS WREATH,8.25
7930,35599D,PINK AND WHITE CHRISTMAS TREE 120CM,1.95
7931,21640,ASSORTED TUTTI FRUTTI  FOB NOTEBOOK,0.72
7932,23494,VINTAGE DOILY DELUXE SEWING KIT ,4.95
7933,22175,PINK OWL SOFT TOY,2.55
7934,23477,WOODLAND LARGE BLUE FELT HEART,1.25
7935,23478,WOODLAND LARGE PINK FELT HEART,1.25
7936,23476,WOODLAND LARGE RED FELT HEART,1.25
7937,23486,ANTIQUE HEART SHELF UNIT,16.65
7938,23480,MINI LIGHTS WOODLAND MUSHROOMS,3.29
7939,23478,WOODLAND LARGE PINK FELT HEART,1.04
7940,23473,WOODLAND SMALL RED FELT HEART,0.72
7941,23520,EMBROIDERED RIBBON REEL RUBY ,3.29
7942,23482,PEARLISED IVORY HEART LARGE ,1.45
7943,23460,SWEETHEART WALL TIDY ,9.95
7944,23462,ROCOCO WALL MIRROR WHITE,19.95
7945,23499,SET 12 VINTAGE DOILY CHALK ,0.42
7946,23541,"WALL ART ,PUDDINGS ",8.25
7947,23485,BOTANICAL GARDENS WALL CLOCK ,25.0
7948,23489,VINTAGE BELLS GARLAND,2.89
7949,23462,ROCOCO WALL MIRROR WHITE,16.95
7950,23457,LARGE PARLOUR PICTURE FRAME,4.5
7951,23461,SWEETHEART BIRD HOUSE,3.75
7952,90164B,WHITE  ROSEBUD PEARL BRACELET,1.95
7953,90025F,BAROQUE BUTTERFLY EARRINGS CRYSTAL,3.75
7954,23462,ROCOCO WALL MIROR,19.95
7955,23485,BOTANICAL GARDENS WALL CLOCK ,20.8
7956,22133,PINK LOVE HEART SHAPE CUP,0.72
7957,22132,RED LOVE HEART SHAPE CUP,0.72
7958,23480,MINI LIGHTS WOODLAND MUSHROOMS,3.75
7959,23413,DECROTIVEVINTAGE COFFEE GRINDER BOX,4.95
7960,23473,WOODLAND SMALL RED FELT HEART,0.83
7961,23132,SMALL IVORY HEART WALL ORGANISER,3.92
7962,23400,SHELF WITH 4 HOOKS HOME SWEET HOME,4.14
7963,23525,WALL ART BUFFALO BILL ,2.65
7964,23529,WALL ART DOLLY GIRL ,2.66
7965,21908,CHOCOLATE THIS WAY METAL SIGN,1.48
7966,23530,WALL ART ONLY ONE PERSON ,3.57
7967,23555,LANDMARK FRAME NOTTING HILL ,10.95
7968,23553,LANDMARK FRAME CAMDEN TOWN ,10.95
7969,23557,LANDMARK FRAME BAKER STREET ,10.95
7970,23570,TRADITIONAL PICK UP STICKS GAME ,1.25
7971,23454,SET OF 3 MINI HANGING PORTRAITS,4.15
7972,23571,TRADITIONAL NAUGHTS & CROSSES,1.65
7973,23569,TRADTIONAL ALPHABET STAMP SET,4.95
7974,22655,VINTAGE RED KITCHEN CABINET,50.0
7975,M,Manual,50.0
7976,23305,SET 4 PICNIC CUTLERY BLUEBERRY,1.95
7977,90180A,BLACK+WHITE NECKLACE W TASSEL,2.95
7978,23454,THREE MINI HANGING FRAMES,4.15
7979,23057,BEADED CHANDELIER T-LIGHT HOLDER,1.5
7980,23055,IVORY CHANDELIER T-LIGHT HOLDER,1.5
7981,23064,CINDERELLA CHANDELIER ,10.0
7982,22103,MIRROR MOSAIC T-LIGHT HOLDER ROUND,0.39
7983,22102,MIRROR MOSAIC T-LIGHT HOLDER ,0.39
7984,22101,MIRROR MOSAIC VOTIVE HOLDER,0.39
7985,22106,MIRROR MOSAIC HURRICANE LAMP ,1.25
7986,22105,MIRROR MOSAIC GOBLET CANDLE HOLDER,0.95
7987,84347,ROTATING SILVER ANGELS T-LIGHT HLDR,1.74
7988,23056,FLOWERS CHANDELIER T-LIGHT HOLDER,1.5
7989,23072,MARIE ANTOINETTE TRINKET BOX SILVER,3.0
7990,23071,MARIE ANTOINETTE TRINKET BOX GOLD,3.0
7991,72802B,OCEAN SCENT CANDLE IN JEWELLED BOX,1.0
7992,23057,BEADED CHANDELIER T-LIGHT HOLDER,1.0
7993,23056,FLOWERS CHANDELIER T-LIGHT HOLDER,1.0
7994,23055,IVORY CHANDELIER T-LIGHT HOLDER,1.0
7995,72802C,VANILLA SCENT CANDLE JEWELLED BOX,1.0
7996,M,Manual,464.9
7997,23474,WOODLAND SMALL BLUE FELT HEART,0.83
7998,20617,FIRST CLASS PASSPORT COVER ,4.13
7999,20686,DOLLY MIXTURE CHILDREN'S UMBRELLA,6.63
8000,20765,CHRYSANTHEMUM SKETCHBOOK ,7.46
8001,21122,SET/10 PINK POLKADOT PARTY CANDLES,2.46
8002,21481,FAWN BLUE HOT WATER BOTTLE,5.79
8003,21731,RED TOADSTOOL LED NIGHT LIGHT,3.29
8004,21745,GAOLERS KEYS DECORATIVE GARDEN ,8.29
8005,21770,OPEN CLOSED METAL SIGN,9.96
8006,22169,FAMILY ALBUM WHITE PICTURE FRAME,16.63
8007,22313,OFFICE MUG WARMER PINK,5.79
8008,22360,GLASS JAR ENGLISH CONFECTIONERY,5.79
8009,22365,DOORMAT RESPECTABLE HOUSE,15.79
8010,22372,AIRLINE BAG VINTAGE WORLD CHAMPION ,8.29
8011,22377,BOTTLE BAG RETROSPOT ,4.13
8012,22393,PAPERWEIGHT VINTAGE COLLAGE,4.96
8013,22398,MAGNETS PACK OF 4 SWALLOWS,2.46
8014,22402,MAGNETS PACK OF 4 VINTAGE COLLAGE,2.46
8015,22408,MONEY BOX CONFECTIONERY DESIGN,2.46
8016,22468,BABUSHKA LIGHTS STRING OF 10,13.29
8017,22505,MEMO BOARD COTTAGE DESIGN,10.79
8018,22582,PACK OF 6 SWEETIE GIFT BOXES,4.96
8019,22592,CARDHOLDER HOLLY WREATH METAL,7.46
8020,22599,CHRISTMAS MUSICAL ZINC STAR,1.63
8021,22638,SET OF 4 NAPKIN CHARMS CROWNS ,4.96
8022,22661,CHARLOTTE BAG DOLLY GIRL DESIGN,1.63
8023,22745,POPPY'S PLAYHOUSE BEDROOM ,4.13
8024,22750,FELTCRAFT PRINCESS LOLA DOLL,7.46
8025,22775,PURPLE DRAWERKNOB ACRYLIC EDWARDIAN,2.46
8026,22789,T-LIGHT HOLDER SWEETHEART HANGING,4.13
8027,22974,CHILDRENS DOLLY GIRL MUG,3.29
8028,23048,SET OF 10 LANTERNS FAIRY LIGHT STAR,8.29
8029,23058,CHRISTMAS HANGING SNOWFLAKE,4.96
8030,23083,SET 6 PAPER TABLE LANTERN STARS ,7.46
8031,23131,MISTLETOE HEART WREATH CREAM,8.29
8032,23168,CLASSIC CAFE SUGAR DISPENSER,2.46
8033,82552,WASHROOM METAL SIGN,2.46
8034,84029E,RED WOOLLY HOTTIE WHITE HEART.,8.29
8035,84536B,FAIRY CAKES NOTEBOOK A7 SIZE,0.83
8036,84569D,PACK 6 HEART/ICE-CREAM PATCHES,2.46
8037,84951A,SET OF 4 PISTACHIO LOVEBIRD COASTER,2.46
8038,84976,RECTANGULAR SHAPED MIRROR,3.29
8039,85062,PEARL CRYSTAL PUMPKIN T-LIGHT HLDR,2.46
8040,85066,CREAM SWEETHEART MINI CHEST,24.96
8041,85169A,IVORY LOVE BIRD CANDLE,2.46
8042,DOT,DOTCOM POSTAGE,638.3
8043,23582,VINTAGE DOILY JUMBO BAG RED ,2.08
8044,23583,LUNCH BAG PAISLEY PARK  ,1.65
8045,23581,JUMBO BAG PAISLEY PARK,1.79
8046,79157B,UBO-LIGHT TRIOBASE BLUE,0.85
8047,23581,JUMBO BAG PAISLEY PARK,2.08
8048,22950,SET OF 36 VINTAGE CHRISTMAS DOILIES,1.45
8049,22416,SET OF 36 SPACEBOY PAPER DOILIES,1.45
8050,22949,SET OF 36 DOLLY GIRL PAPER DOILIES,1.45
8051,21232,STRAWBERRY CERAMIC TRINKET POT,1.25
8052,23116,VEGETABLE GARDEN CHOPPING BOARD,4.15
8053,23455,SMALL PARLOUR PICTURE FRAME,2.49
8054,23115,RED APPLES CHOPPING BOARD   ,4.15
8055,23456,MEDIUM PARLOUR PICTURE FRAME ,3.75
8056,23486,ANTIQUE HEART SHELF UNIT,14.55
8057,23413,DECORATIVE VINTAGE COFFEE  BOX,4.95
8058,23306,SET OF 36 PANTRY PAPER DOILIES,1.45
8059,23402,HOME SWEET HOME 3 PEG HANGER ,3.29
8060,23400,SHELF WITH 4 HOOKS HOME SWEET HOME,5.39
8061,72802C,VANILLA SCENT CANDLE JEWELLED BOX,0.5
8062,72802B,OCEAN SCENT CANDLE IN JEWELLED BOX,0.5
8063,23072,MARIE ANTOINETTE TRINKET BOX SILVER,1.5
8064,23071,MARIE ANTOINETTE TRINKET BOX GOLD,1.5
8065,23583,LUNCH BAG PAISLEY PARK  ,1.45
8066,23582,VINTAGE DOILY JUMBO BAG RED ,1.79
8067,48129,DOORMAT TOPIARY,7.08
8068,85034C,3 ROSE MORRIS BOXED CANDLES,3.81
8069,90016A,SILVER/M.O.P PENDANT ORBIT NECKLACE,4.25
8070,90146,FINE SILVER NECKLACE W PASTEL FLOWE,3.75
8071,90032,IVORY SHELL HEART NECKLACE,3.13
8072,23542,WALL ART 70'S ALPHABET ,7.45
8073,23303,SET 4 PICNIC CUTLERY FONDANT,1.95
8074,23084,RABBIT NIGHT LIGHT,1.67
8075,21166,COOK WITH WINE METAL SIGN ,1.66
8076,21181,PLEASE ONE PERSON METAL SIGN,1.66
8077,85036C,ROSE 1 WICK MORRIS BOXED CANDLE,0.5
8078,85036B,CHOCOLATE 1 WICK MORRIS BOX CANDLE,0.5
8079,23072,MARIE ANTOINETTE TRINKET BOX SILVER,1.0
8080,23071,MARIE ANTOINETTE TRINKET BOX GOLD,1.0
8081,72803A,ROSE SCENT CANDLE JEWELLED DRAWER,0.5
8082,21208,PASTEL COLOUR HONEYCOMB FAN,0.0
8083,22196,SMALL HEART MEASURING SPOONS,0.72
8084,M,Manual,4161.06
8085,90210B,CLEAR ACRYLIC FACETED BANGLE,1.0
8086,90210D,PURPLE ACRYLIC FACETED BANGLE,1.0
8087,23475,WOODLAND SMALL PINK FELT HEART,0.83
8088,82001S,SILVER RECORD COVER FRAME,3.75
8089,23497,CLASSIC CHROME BICYCLE BELL ,1.45
8090,23304,SET 4 PICNIC CUTLERY CHERRY ,1.95
8091,23472, NINE DRAWER OFFICE TIDY,12.5
8092,23495,SET OF 3 PANTRY WOODEN SPOONS,1.25
8093,23496,PANTRY KITCHEN THERMOMETER ,1.25
8094,23497,CLASSIC CHROME BICYCLE BELL ,1.25
8095,22848,BREAD BIN DINER STYLE PINK,10.0
8096,23243,SET OF TEA COFFEE SUGAR TINS PANTRY,1.71
8097,85170C,SET/6 EAU DE NIL BIRD T-LIGHTS,4.13
8098,85180A,RED HEARTS LIGHT CHAIN ,9.13
8099,DOT,DOTCOM POSTAGE,901.58
8100,20616,CHERRY BLOSSOM PASSPORT COVER,4.13
8101,20682,RED RETROSPOT CHILDRENS UMBRELLA,6.63
8102,20685,DOORMAT RED RETROSPOT,15.79
8103,20757,RED DAISY POCKET BOOK ,1.63
8104,20762,GREEN FERN SKETCHBOOK ,7.46
8105,20764,ABSTRACT CIRCLES SKETCHBOOK ,7.46
8106,20766,GARDEN PATH SKETCHBOOK,7.46
8107,21026,SPACE OWL,2.46
8108,21232,STRAWBERRY CERAMIC TRINKET POT,2.46
8109,21238,RED RETROSPOT CUP,1.63
8110,21710,FOLDING UMBRELLA PINKWHITE POLKADOT,9.96
8111,21883,STARS GIFT TAPE ,1.63
8112,21907,I'M ON HOLIDAY METAL SIGN,4.13
8113,21918,SET 12 KIDS COLOUR  CHALK STICKS,0.83
8114,21922,UNION STRIPE WITH FRINGE  HAMMOCK,16.63
8115,21936,RED RETROSPOT PICNIC BAG,5.79
8116,22081,RIBBON REEL FLORA + FAUNA ,3.29
8117,22262,FELT EGG COSY CHICKEN,1.63
8118,22280,POCKET BAG PINK PAISELY BROWN SPOT,2.46
8119,22282,12 EGG HOUSE PAINTED WOOD,24.96
8120,22309,TEA COSY RED  STRIPE,4.96
8121,22317,FIVE CATS HANGING DECORATION,5.79
8122,22464,HANGING METAL HEART LANTERN,3.29
8123,22499,WOODEN UNION JACK BUNTING,12.46
8124,22540,MINI JIGSAW CIRCUS PARADE ,0.83
8125,22546,MINI JIGSAW PURDEY,0.83
8126,22561,WOODEN SCHOOL COLOURING SET,3.29
8127,22563,HAPPY STENCIL CRAFT,2.46
8128,22607,WOODEN ROUNDERS GARDEN SET ,16.63
8129,22614,PACK OF 12 SPACEBOY TISSUES,0.83
8130,22625,RED KITCHEN SCALES,16.63
8131,22637,PIGGY BANK RETROSPOT ,4.96
8132,22644,CERAMIC CHERRY CAKE MONEY BANK,3.29
8133,22663,JUMBO BAG DOLLY GIRL DESIGN,4.13
8134,22696,WICKER WREATH LARGE,4.13
8135,22754,SMALL RED BABUSHKA NOTEBOOK ,1.63
8136,22784,LANTERN CREAM GAZEBO ,10.79
8137,22834,HAND WARMER BABUSHKA DESIGN,4.13
8138,22930,BAKING MOULD HEART MILK CHOCOLATE,4.96
8139,22962,JAM JAR WITH PINK LID,1.63
8140,22963,JAM JAR WITH GREEN LID,1.63
8141,23126,FELTCRAFT GIRL AMELIE KIT,10.79
8142,23140,TRIPLE WIRE HOOK IVORY HEART,8.29
8143,23153,ZINC SWEETHEART WIRE LETTER RACK,7.46
8144,23164,REGENCY CAKE SLICE,9.96
8145,23174,REGENCY SUGAR BOWL GREEN,8.29
8146,23194,GYMKHANA TREASURE BOOK BOX,4.58
8147,23199,JUMBO BAG APPLES,4.13
8148,23227,FILIGREE HEART BUTTERFLY WHITE ,2.46
8149,23272,TREE T-LIGHT HOLDER WILLIE WINKIE,3.29
8150,23283,DOORMAT VINTAGE LEAF,15.79
8151,35649,VINTAGE BEAD COSMETIC BAG ,2.46
8152,48129,DOORMAT TOPIARY,15.79
8153,84519A,TOMATO CHARLIE+LOLA COASTER SET,5.79
8154,84519B,CARROT CHARLIE+LOLA COASTER SET,5.79
8155,84884A,ANT WHITE WIRE HEART SPIRAL,8.29
8156,84926D,LA PALMIERA TILE COASTER,2.46
8157,84997B,CHILDRENS CUTLERY RETROSPOT RED ,8.29
8158,35968,FOLK ART METAL HEART T-LIGHT HOLDER,0.2
8159,47016,LIGHT DECORATION BATTERY OPERATED,2.1
8160,22047,EMPIRE GIFT WRAP,0.36
8161,22986,WRAP GINGHAM ROSE ,0.36
8162,16161P,WRAP ENGLISH ROSE ,0.36
8163,23691,KEEP CALM BIRTHDAY WRAP,0.42
8164,21507,ELEPHANT BIRTHDAY CARD ,0.36
8165,21821,GLITTER STAR GARLAND WITH BELLS ,3.39
8166,22591,CARDHOLDER GINGHAM CHRISTMAS TREE,2.75
8167,21982,PACK OF 12 SUKI TISSUES ,0.32
8168,23487,SWEET HEART CAKE CARRIER,8.25
8169,23479,WIRE EGG BASKET ,6.65
8170,23234,BISCUIT TIN VINTAGE CHRISTMAS,0.0
8171,90181A,AMBER GLASS/SHELL/PEARL NECKLACE,8.95
8172,90199B,5 STRAND GLASS NECKLACE AMETHYST,6.35
8173,90069,RUBY GLASS CLUSTER NECKLACE,7.5
8174,90176A,CLASSIC DIAMANTE NECKLACE JET,7.5
8175,90176B,DIAMANTE NECKLACE BLACK ,7.5
8176,22065,CHRISTMAS PUDDING TRINKET POT ,0.0
8177,23691,WRAP KEEP CALM BIRTHDAY,0.42
8178,23366,SET 12 COLOURING PENCILS DOILY,0.55
8179,M,Manual,0.25
8180,21232,STRAWBERRY CERAMIC TRINKET POT,1.06
8181,85036C,ROSE 1 WICK MORRIS BOXED CANDLE,1.0
8182,21874,GIN AND TONIC MUG,0.95
8183,21070,VINTAGE BILLBOARD MUG ,0.8
8184,21872,GLAMOROUS  MUG,0.8
8185,21068,VINTAGE BILLBOARD LOVE/HATE MUG,0.8
8186,21066,VINTAGE RED MUG,0.8
8187,22302,COFFEE MUG PEARS  DESIGN,1.12
8188,22301,COFFEE MUG CAT + BIRD DESIGN,1.12
8189,22303,COFFEE MUG APPLES DESIGN,1.12
8190,22300,COFFEE MUG DOG + BALL DESIGN,1.12
8191,21871,SAVE THE PLANET MUG,0.8
8192,22304,COFFEE MUG BLUE PAISLEY DESIGN,1.12
8193,23542,WALL ART 70'S ALPHABET ,6.67
8194,23536,WALL ART VILLAGE SHOW ,3.88
8195,23534,WALL ART STOP FOR TEA ,3.88
8196,23528,WALL ART SPACEBOY,2.66
8197,23526,WALL ART DOG LICENCE ,3.88
8198,23403,LETTER HOLDER HOME SWEET HOME,2.48
8199,23132,SMALL IVORY HEART WALL ORGANISER,3.9
8200,23543,WALL ART KEEP CALM ,6.98
8201,23535,WALL ART BICYCLE SAFETY,3.88
8202,23527,WALL ART ANIMALS AND NATURE ,2.66
8203,22469,HEART OF WICKER SMALL,1.1
8204,23524,WALL ART HORSE & PONY ,2.66
8205,23321,SMALL WHITE HEART OF WICKER,1.11
8206,22385,JUMBO BAG SPACEBOY DESIGN,0.0
8207,22753,SMALL YELLOW BABUSHKA NOTEBOOK ,0.2
8208,22755,SMALL PURPLE BABUSHKA NOTEBOOK ,0.2
8209,22754,SMALL RED BABUSHKA NOTEBOOK ,0.2
8210,51014A,"FEATHER PEN,HOT PINK",0.2
8211,51014L,"FEATHER PEN,LIGHT PINK",0.2
8212,22209,WOOD STAMP SET HAPPY BIRTHDAY,0.5
8213,22211,WOOD STAMP SET FLOWERS,0.5
8214,22208,WOOD STAMP SET THANK YOU,0.5
8215,22210,WOOD STAMP SET BEST WISHES,0.5
8216,10135,COLOURING PENCILS BROWN TUBE,0.25
8217,23681,LUNCH BAG RED VINTAGE DOILY,1.65
8218,72783,BLACK SIL'T SQU CANDLE PLATE ,2.1
8219,85040A,S/4 PINK FLOWER CANDLES IN BOWL,1.45
8220,82001S,SILVER RECORD COVER FRAME,3.39
8221,23479,WIRE EGG BASKET ,6.95
8222,21066,VINTAGE RED MUG,1.06
8223,90162A,ANT SILVER TURQUOISE BOUDICCA RING,2.95
8224,21407,BROWN CHECK CAT DOORSTOP ,3.0
8225,22625,RED KITCHEN SCALES,0.0
8226,21243,PINK POLKADOT PLATE ,1.69
8227,22899,CHILDREN'S APRON DOLLY GIRL ,0.0
8228,23480,MINI LIGHTS WOODLAND MUSHROOMS,0.0
8229,79161A,ST GEORGE SET OF 10 PARTY LIGHTS,2.95
8230,22732,3D VINTAGE CHRISTMAS STICKERS ,1.06
8231,23452,HEART MINI PORTRAIT FRAME,1.65
8232,23453,OVAL  MINI PORTRAIT FRAME,1.65
8233,23451,SQUARE MINI PORTRAIT FRAME,1.65
8234,23481,PEARLISED IVORY HEART SMALL ,1.04
8235,23692,WRAP A PRETTY THANK YOU,0.42
8236,23497,CLASSIC CROME BICYCLE BELL ,1.25
8237,23695,DOILY THANK YOU CARD,0.42
8238,90119,METALIC LEAVES BAG CHARMS,2.55
8239,23697,A PRETTY THANK YOU CARD,0.42
8240,90065B,BLACK VINT ART DEC CRYSTAL BRACELET,6.75
8241,90195B,BLACK GEMSTONE BRACELET,2.95
8242,22129,PARTY CONES CANDY DECORATION,0.72
8243,22437,SET OF 9 BLACK SKULL BALLOONS,0.0
8244,22089,PAPER BUNTING VINTAGE PAISLEY,0.0
8245,21218,RED SPOTTY BISCUIT TIN,8.29
8246,21508,VINTAGE KID DOLLY CARD ,0.83
8247,21716,BOYS VINTAGE TIN SEASIDE BUCKET,4.96
8248,22023,EMPIRE BIRTHDAY CARD,0.83
8249,22066,LOVE HEART TRINKET POT,3.29
8250,22119,PEACE WOODEN BLOCK LETTERS,14.13
8251,22152,PLACE SETTING WHITE STAR,1.63
8252,22187,GREEN CHRISTMAS TREE CARD HOLDER,8.29
8253,22550,HOLIDAY FUN LUDO,7.46
8254,22580,ADVENT CALENDAR GINGHAM SACK,11.63
8255,22613,PACK OF 20 SPACEBOY NAPKINS,1.63
8256,22615,PACK OF 12 CIRCUS PARADE TISSUES ,0.83
8257,22670,FRENCH WC SIGN BLUE METAL,2.46
8258,22674,FRENCH TOILET SIGN BLUE METAL,2.46
8259,22695,WICKER WREATH SMALL,3.29
8260,22714,CARD BIRTHDAY COWBOY,0.83
8261,22716,CARD CIRCUS PARADE,0.83
8262,22792,FLUTED ANTIQUE CANDLE HOLDER,1.63
8263,22798,ANTIQUE GLASS DRESSING TABLE POT,5.79
8264,22838,3 TIER CAKE TIN RED AND CREAM,29.13
8265,22895,SET OF 2 TEA TOWELS APPLE AND PEARS,6.63
8266,22922,FRIDGE MAGNETS US DINER ASSORTED,1.8
8267,23013,GLASS APOTHECARY BOTTLE TONIC,8.29
8268,23190,BUNDLE OF 3 SCHOOL EXERCISE BOOKS  ,3.29
8269,23244,ROUND STORAGE TIN VINTAGE LEAF,4.13
8270,23306,SET OF 36 PANTRY PAPER DOILIES,2.92
8271,48116,DOORMAT MULTICOLOUR STRIPE,15.79
8272,71270,PHOTO CLIP LINE,2.46
8273,84926E,FLOWERS TILE COASTER,2.46
8274,85034A,3 GARDENIA MORRIS BOXED CANDLES,8.29
8275,85177,BASKET OF FLOWERS SEWING KIT,1.63
8276,DOT,DOTCOM POSTAGE,908.16
8277,20674,GREEN POLKADOT BOWL,2.46
8278,20985,HEART CALCULATOR,2.46
8279,M,Manual,40.46
8280,M,Manual,424.06
8281,M,Manual,549.34
8282,90164A,PINK ROSEBUD PEARL BRACELET,1.95
8283,23465,TUSCAN VILLA BIRD FEEDER,8.25
8284,23535,WALL ART BICYCLE SAFETY,5.35
8285,23598,PAPER BUNTING VINTAGE PARTY,2.95
8286,23597,PAPER BUNTING PAISLEY PARK,2.95
8287,23457,LARGE PARLOUR FRAME,4.95
8288,23456,MEDIUM PARLOUR FRAME ,4.15
8289,23455,SMALL PARLOUR FRAME,2.89
8290,22070,SMALL RED RETROSPOT MUG IN BOX ,0.5
8291,22071,SMALL WHITE RETROSPOT MUG IN BOX ,0.5
8292,21135,VICTORIAN  METAL POSTCARD SPRING,0.2
8293,23664,FLOWER SHOP DESIGN MUG,1.65
8294,23702,High Resolution Image,1.5
8295,21773,DECORATIVE ROSE BATHROOM BOTTLE,1.06
8296,17191A,ROSE FLOWER CANDLE+INCENSE 16X16CM,3.75
8297,M,Manual,0.29
8298,20772,GARDEN PATH JOURNAL,2.1
8299,35598C,WHITE CHRISTMAS TREE 60CM,2.95
8300,22114,HOT WATER BOTTLE TEA AND SYMPATHY,4.6
8301,22898,CHILDRENS APRON APPLES DESIGN,2.17
8302,22993,SET OF 4 PANTRY JELLY MOULDS,1.48
8303,22979,PANTRY WASHING UP BRUSH,1.93
8304,22728,ALARM CLOCK BAKELIKE PINK,4.18
8305,22730,ALARM CLOCK BAKELIKE IVORY,4.18
8306,23243,SET OF TEA COFFEE SUGAR TINS PANTRY,5.17
8307,21174,POTTERING IN THE SHED METAL SIGN,2.4
8308,21166,COOK WITH WINE METAL SIGN ,2.4
8309,21175,GIN + TONIC DIET METAL SIGN,2.67
8310,82581,TOILET METAL SIGN,0.74
8311,82580,BATHROOM METAL SIGN,0.92
8312,23395,BELLE JARDINIERE CUSHION COVER,3.29
8313,23396,LE JARDIN BOTANIQUE CUSHION COVER,3.29
8314,23203,JUMBO BAG VINTAGE DOILY ,1.75
8315,23581,JUMBO BAG PAISLEY PARK,1.75
8316,23694,PAISLEY PARK CARD,0.42
8317,22812,PACK 3 BOXES CHRISTMAS PANETTONE,1.95
8318,15044A,PINK PAPER PARASOL ,5.79
8319,17003,BROCADE RING PURSE ,0.63
8320,20675,BLUE POLKADOT BOWL,2.46
8321,20749,ASSORTED COLOUR MINI CASES,16.63
8322,20763,DAISY SKETCHBOOK ,7.46
8323,21030,SPACE CADET RED,2.46
8324,21114,LAVENDER SCENTED FABRIC HEART,10.79
8325,21137,BLACK RECORD COVER FRAME,7.46
8326,21718,RED METAL BEACH SPADE ,2.46
8327,21730,GLASS STAR FROSTED T-LIGHT HOLDER,9.96
8328,21819,GLITTER CHRISTMAS STAR ,1.63
8329,21820,GLITTER HEART GARLAND WITH BELLS ,7.46
8330,21822,GLITTER CHRISTMAS TREE WITH BELLS,4.13
8331,21849,SILVER DIAMANTE PEN IN GIFT BOX,8.29
8332,21949,SET OF 6 STRAWBERRY CHOPSTICKS,2.46
8333,22071,SMALL WHITE RETROSPOT MUG IN BOX ,7.46
8334,22179,SET 10 NIGHT OWL LIGHTS,13.29
8335,22189,CREAM HEART CARD HOLDER,8.29
8336,22210,WOOD STAMP SET BEST WISHES,3.29
8337,22212,FOUR HOOK  WHITE LOVEBIRDS,4.13
8338,22326,ROUND SNACK BOXES SET OF4 WOODLAND ,5.79
8339,22346,PARTY PIZZA DISH GREEN POLKADOT,1.63
8340,22376,AIRLINE BAG VINTAGE JET SET WHITE,8.29
8341,22429,ENAMEL MEASURING JUG CREAM,8.29
8342,22471,TV DINNER TRAY AIR HOSTESS ,10.79
8343,22486,PLASMATRONIC LAMP,8.29
8344,22507,MEMO BOARD RETROSPOT  DESIGN,10.79
8345,22564,ALPHABET STENCIL CRAFT,2.46
8346,22672,FRENCH BATHROOM SIGN BLUE METAL,3.29
8347,22686,FRENCH BLUE METAL DOOR SIGN No,2.46
8348,22756,LARGE YELLOW BABUSHKA NOTEBOOK ,2.46
8349,22786,CUSHION COVER PINK UNION JACK,15.79
8350,22801,ANTIQUE GLASS PEDESTAL BOWL,7.46
8351,22812,PACK 3 BOXES CHRISTMAS PANETTONE,4.13
8352,22813,PACK 3 BOXES BIRD PANETTONE ,4.13
8353,22938,CUPCAKE LACE PAPER SET 6,4.13
8354,23012,GLASS APOTHECARY BOTTLE PERFUME,8.29
8355,23089,GLASS BON BON JAR,3.29
8356,23106,ZINC HEARTS PLANT POT HOLDER,5.79
8357,23132,SMALL IVORY HEART WALL ORGANISER,12.46
8358,23144,ZINC T-LIGHT HOLDER STARS SMALL,1.63
8359,23322,LARGE WHITE HEART OF WICKER,5.79
8360,23336,EGG FRYING PAN PINK ,4.13
8361,35646,VINTAGE BEAD PINK EVENING BAG,2.46
8362,71053,WHITE METAL LANTERN,8.29
8363,71459,HANGING JAM JAR T-LIGHT HOLDERS,1.66
8364,71477,COLOURED GLASS STAR T-LIGHT HOLDER,6.63
8365,82001S,SILVER RECORD COVER FRAME,7.46
8366,84536A,ENGLISH ROSE NOTEBOOK A7 SIZE,0.83
8367,84859C,PINK DISCO HANDBAG,4.13
8368,84950,ASSORTED COLOUR T-LIGHT HOLDER,1.38
8369,84952A,CLEAR LOVE BIRD T-LIGHT HOLDER,7.46
8370,84952B,BLACK LOVE BIRD T-LIGHT HOLDER,7.46
8371,85034C,3 ROSE MORRIS BOXED CANDLES,8.29
8372,85179A,GREEN BITTY LIGHT CHAIN,9.13
8373,90083,CRYSTAL CZECH CROSS PHONE CHARM,1.63
8374,DOT,DOTCOM POSTAGE,1500.36
8375,M,Manual,850.5
8376,23571,TRADITIONAL NAUGHTS & CROSSES,1.45
8377,21868,POTTING SHED TEA MUG,1.65
8378,71477,COLOURED GLASS STAR T-LIGHT HOLDER,3.95
8379,23454,SET OF 3 MINI HANGING PORTRAITS,3.75
8380,23457,LARGE PARLOUR FRAME,4.5
8381,23456,MEDIUM PARLOUR FRAME ,3.75
8382,23455,SMALL PARLOUR FRAME,2.49
8383,23490,T-LIGHT HOLDER HANGING LOVE BIRD,3.29
8384,23497,CLASSIC CROME BICYCLE BELL ,1.45
8385,21843,RED RETROSPOT CAKE STAND,4.0
8386,23442,12 HANGING EGGS HAND PAINTED,2.08
8387,23449,SET OF 6 EASTER RAINBOW CHICKS,1.25
8388,22813,PACK 3 BOXES BIRD PANETTONE ,1.95
8389,21758,VINTAGE SHELLS PRINT,5.95
8390,23230,WRAP ALPHABET DESIGN,0.36
8391,23702,High Resolution Image,21.0
8392,35598A,DUSTY PINK CHRISTMAS TREE 60CM,2.95
8393,23220,REINDEER HEART DECORATION GOLD,0.72
8394,23221,REINDEER HEART DECORATION SILVER,0.72
8395,POST,POSTAGE,65.0
8396,23428,IVORY RETRO KITCHEN WALL CLOCK,8.15
8397,21199,PINK  HEART CONFETTI IN TUBE,1.45
8398,21198,WHITE HEART CONFETTI IN TUBE,1.45
8399,23466,TUSCAN VILLA DOVECOTE BIRD FEEDER,7.5
8400,22813,PACK 3 BOXES BIRD PANETTONE ,1.65
8401,22584,PACK OF 6 PANETTONE GIFT BOXES,2.1
8402,23681,LUNCH BAG RED VINTAGE DOILY,1.45
8403,23428,IVORY RETRO KITCHEN WALL CLOCK,7.05
8404,22464,HANGING METAL HEART LANTERN,0.0
8405,22584,PACK OF 6 PANETTONE GIFT BOXES,2.55
8406,23407,SET OF 2 TRAYS HOME SWEET HOME,0.0
8407,22282,12 EGG HOUSE PAINTED WOOD,10.95
8408,84206B,CAT WITH SUNGLASSES BLANK CARD,0.19
8409,23430,BLUE RETRO KITCHEN WALL CLOCK,8.15
8410,POST,POSTAGE,300.0
8411,23429,RED RETRO KITCHEN WALL CLOCK,8.15
8412,71477,COLOURED GLASS STAR T-LIGHT HOLDER,3.29
8413,23355,HOT WATER BOTTLE KEEP CALM,4.25
8414,22804,PINK HANGING HEART T-LIGHT HOLDER,1.0
8415,23328,SET 6 SCHOOL MILK BOTTLES IN CRATE,6.71
8416,85099B,JUMBO BAG RED RETROSPOT,2.04
8417,21370,MIRRORED WALL ART FOXY,1.65
8418,71053,WHITE MOROCCAN METAL LANTERN,3.75
8419,23694,PAISLEY PARK CARD,0.36
8420,23691,WRAP KEEP CALM BIRTHDAY,0.36
8421,23695,DOILY THANK YOU CARD,0.36
8422,23697,A PRETTY THANK YOU CARD,0.36
8423,23441,HAND PAINTED HANGING EASTER EGG,0.42
8424,22152,PLACE SETTING WHITE STAR,0.36
8425,21243,PINK POLKADOT PLATE ,1.45
8426,72127,COLUMBIAN CANDLE ROUND ,1.06
8427,21284,RETROSPOT CANDLE  SMALL,3.29
8428,21372,MIRRORED WALL ART TABLE LAMP,5.79
8429,21484,CHICK GREY HOT WATER BOTTLE,7.46
8430,21788,KIDS RAIN MAC BLUE,1.63
8431,21789,KIDS RAIN MAC PINK,1.63
8432,22091,EMPIRE TISSUE BOX,2.46
8433,22118,JOY WOODEN BLOCK LETTERS,11.63
8434,22133,PINK LOVE HEART SHAPE CUP,1.63
8435,22192,BLUE DINER WALL CLOCK,16.63
8436,22208,WOOD STAMP SET THANK YOU,3.29
8437,22209,WOOD STAMP SET HAPPY BIRTHDAY,3.29
8438,15056P,EDWARDIAN PARASOL PINK,12.46
8439,16216,LETTER SHAPE PENCIL SHARPENER,0.42
8440,20761,BLUE PAISLEY SKETCHBOOK,7.46
8441,20771,CHRYSANTHEMUM  JOURNAL,4.96
8442,20868,SILVER FABRIC MIRROR,2.46
8443,22349,DOG BOWL CHASING BALL DESIGN,7.46
8444,22363,GLASS JAR MARMALADE ,5.79
8445,22448,PIN CUSHION BABUSHKA RED,6.63
8446,22604,SET OF 4 NAPKIN CHARMS CUTLERY,4.96
8447,22627,MINT KITCHEN SCALES,16.63
8448,22631,CIRCUS PARADE LUNCH BOX ,4.13
8449,22660,DOORMAT I LOVE LONDON,15.79
8450,22688,DOORMAT PEACE ON EARTH BLUE,15.79
8451,22723,SET OF 6 HERB TINS SKETCHBOOK,8.29
8452,22768,FAMILY PHOTO FRAME CORNICE,19.96
8453,22772,PINK DRAWER KNOB ACRYLIC EDWARDIAN,2.46
8454,22785,SQUARECUSHION COVER PINK UNION JACK,16.63
8455,22840,ROUND CAKE TIN VINTAGE RED,15.79
8456,22943,CHRISTMAS LIGHTS 10 VINTAGE BAUBLES,10.79
8457,22972,CHILDREN'S SPACEBOY MUG,3.29
8458,22975,SPACEBOY CHILDRENS EGG CUP,2.46
8459,23023,RIDGED BONNE JAM JAR T-LIGHT HOLDER,3.29
8460,23128,FELTCRAFT BOY JEAN-PAUL KIT,10.79
8461,23173,REGENCY TEAPOT ROSES ,19.96
8462,48138,DOORMAT UNION FLAG,15.79
8463,71053,WHITE MOROCCAN METAL LANTERN,8.29
8464,84859B,BLUE DISCO HANDBAG,4.13
8465,85095,THREE CANVAS LUGGAGE TAGS,4.13
8466,DOT,DOTCOM POSTAGE,1270.06
8467,21115,ROSE CARAVAN DOORSTOP,14.13
8468,21257,VICTORIAN SEWING BOX MEDIUM,15.79
8469,22125,UNION JACK HOT WATER BOTTLE ,5.95
8470,84712B,PINK JEWELLED PHOTO FRAME,6.36
8471,71053,WHITE MOROCCAN METAL LANTERN,3.39
8472,23529,WALL ART DOLLY GIRL ,3.29
8473,21707,FOLDING UMBRELLA BLACKBLUE POLKADOT,4.25
8474,21277,FRENCH STYLE EMBOSSED HEART CABINET,18.95
8475,20936,FORKED CACTUS CANDLE,2.55
8476,22804,PINK HANGING HEART T-LIGHT HOLDER,2.55
8477,21135,VICTORIAN  METAL POSTCARD SPRING,0.4
8478,22071,SMALL WHITE RETROSPOT MUG IN BOX ,1.0
8479,22070,SMALL RED RETROSPOT MUG IN BOX ,1.0
8480,90130A,WHITE STONE/CRYSTAL EARRINGS,2.95
8481,90011A,MIDNIGHT BLUE CRYSTAL DROP EARRINGS,2.95
8482,23440,PAINT YOUR OWN EGGS IN CRATE,2.08
8483,23552,BICYCLE PUNCTURE REPAIR KIT ,2.08
8484,23498,CLASSIC BICYCLE CLIPS ,1.45
8485,84550,CROCHET LILAC/RED BEAR KEYRING,1.65
8486,22581,WOOD STOCKING CHRISTMAS SCANDISPOT,0.29
8487,84826,ASSTD DESIGN 3D PAPER STICKERS,0.0
8488,23578,SNACK TRAY RED GINGHAM,1.95
8489,23580,SNACK TRAY HAPPY FOREST  ,1.95
8490,23575,SNACK TRAY PAISLEY PARK,1.95
8491,23560,SET OF 6 RIBBONS COUNTRY STYLE,2.89
8492,23576,SNACK TRAY RED VINTAGE DOILY,1.95
8493,23562,SET OF 6 RIBBONS PERFECTLY PRETTY  ,2.89
8494,21175,GIN AND TONIC DIET METAL SIGN,2.55
8495,23561,SET OF 6 RIBBONS PARTY,2.89
8496,90014C,SILVER AND BLACK ORBIT NECKLACE,2.95
8497,23552,BICYCLE PUNCTURE REPAIR KIT ,1.79
8498,23498,CLASSIC BICYCLE CLIPS ,1.25
8499,23597,PAPER BUNTING PAISLEY PARK,2.55
8500,20768,GREEN FERN JOURNAL ,2.1
8501,82600,N0 SINGING METAL SIGN,1.85
8502,21867,PINK UNION JACK  LUGGAGE TAG,2.46
8503,22037,ROBOT BIRTHDAY CARD,0.83
8504,22110,BIRD HOUSE HOT WATER BOTTLE,7.46
8505,22115,METAL SIGN EMPIRE TEA,5.79
8506,22279,POCKET BAG BLUE PAISLEY RED SPOT,2.46
8507,22283,6 EGG HOUSE PAINTED WOOD,15.79
8508,22302,COFFEE MUG PEARS  DESIGN,4.96
8509,22386,JUMBO BAG PINK POLKADOT,4.13
8510,22428,ENAMEL FIRE BUCKET CREAM,14.13
8511,22474,SPACEBOY TV DINNER TRAY,10.79
8512,22539,MINI JIGSAW DOLLY GIRL,0.83
8513,22545,MINI JIGSAW BUNNIES,0.83
8514,22584,PACK OF 6 PANETTONE GIFT BOXES,4.96
8515,22622,BOX OF VINTAGE ALPHABET BLOCKS,24.96
8516,22730,ALARM CLOCK BAKELIKE IVORY,7.46
8517,22931,BAKING MOULD HEART WHITE CHOCOLATE,4.96
8518,22936,BAKING MOULD ROSE WHITE CHOCOLATE,6.63
8519,22973,CHILDREN'S CIRCUS PARADE MUG,3.29
8520,22976,CIRCUS PARADE CHILDRENS EGG CUP ,2.46
8521,22978,PANTRY ROLLING PIN,7.46
8522,23026,DRAWER KNOB VINTAGE GLASS STAR,4.13
8523,23109,PACK OF SIX LED TEA LIGHTS,5.79
8524,23145,ZINC T-LIGHT HOLDER STAR LARGE,2.08
8525,23162,REGENCY TEA STRAINER,7.46
8526,23255,CHILDRENS CUTLERY CIRCUS PARADE,8.29
8527,47369B,BLUE GREEN EMBROIDERY COSMETIC BAG,5.79
8528,84559A,3D SHEET OF DOG STICKERS,1.63
8529,85059,FRENCH ENAMEL WATER BASIN,7.46
8530,DOT,DOTCOM POSTAGE,1526.76
8531,15044D,RED PAPER PARASOL,5.79
8532,20653,CHERRY BLOSSOM LUGGAGE TAG,2.46
8533,20866,BLUE ROSE FABRIC MIRROR,2.46
8534,21063,PARTY INVITES JAZZ HEARTS,1.63
8535,21221,SET/4 BADGES CUTE CREATURES,2.46
8536,21239,PINK  POLKADOT CUP,1.63
8537,21245,GREEN POLKADOT PLATE ,3.29
8538,21340,CLASSIC METAL BIRDCAGE PLANT HOLDER,24.96
8539,21370,MIRRORED WALL ART FOXY,12.46
8540,21563,RED HEART SHAPE LOVE BUCKET ,5.79
8541,21754,HOME BUILDING BLOCK WORD,11.63
8542,21756,BATH BUILDING BLOCK WORD,11.63
8543,82600,N0 SINGING METAL SIGN,2.39
8544,82600,N0 SINGING METAL SIGN,2.41
8545,82600,N0 SINGING METAL SIGN,2.4
8546,23243,SET OF TEA COFFEE SUGAR TINS PANTRY,5.13
8547,21129,SILVER FISHING GNOME ,5.95
8548,22110,BIRD HOUSE HOT WATER BOTTLE,2.1
8549,21175,GIN AND TONIC DIET METAL SIGN,2.08
8550,21874,GIN AND TONIC MUG,1.45
8551,22402,MAGNETS PACK OF 4 VINTAGE COLLAGE,0.85
8552,82580,BATHROOM METAL SIGN,0.74
8553,22340,NOEL GARLAND PAINTED ZINC ,1.45
8554,23489,VINTAGE BELLS GARLAND,2.49
8555,23413,DECORATIVE VINTAGE COFFEE  BOX,4.15
8556,23108,SET OF 10 LED DOLLY LIGHTS,3.39
8557,22684,FRENCH BLUE METAL DOOR SIGN 9,1.19
8558,22683,FRENCH BLUE METAL DOOR SIGN 8,1.19
8559,22682,FRENCH BLUE METAL DOOR SIGN 7,1.19
8560,22681,FRENCH BLUE METAL DOOR SIGN 6,1.19
8561,22680,FRENCH BLUE METAL DOOR SIGN 5,1.19
8562,22679,FRENCH BLUE METAL DOOR SIGN 4,1.19
8563,22678,FRENCH BLUE METAL DOOR SIGN 3,1.19
8564,22677,FRENCH BLUE METAL DOOR SIGN 2,1.19
8565,22676,FRENCH BLUE METAL DOOR SIGN 1,1.19
8566,22685,FRENCH BLUE METAL DOOR SIGN 0,1.19
8567,23326,HANGING MINI COLOURED BOTTLES,0.52
8568,23460,SWEETHEART WALL TIDY ,7.84
8569,22811,SET OF 6 T-LIGHTS CACTI ,2.42
8570,22686,FRENCH BLUE METAL DOOR SIGN No,1.01
8571,71477,COLOURED GLASS STAR T-LIGHT HOLDER,3.16
8572,79321,CHILLI LIGHTS,4.7
8573,22695,WICKER WREATH SMALL,0.59
8574,22903,CALENDAR FAMILY FAVOURITES,1.25
8575,22905,CALENDAR IN SEASON DESIGN,1.25
8576,22640,SET OF 4 NAPKIN CHARMS 3 KEYS ,0.79
8577,22638,SET OF 4 NAPKIN CHARMS CROWNS ,0.79
8578,16258A,SWIRLY CIRCULAR RUBBERS IN BAG,0.19
8579,22475,SKULL DESIGN TV DINNER TRAY,1.95
8580,22942,CHRISTMAS LIGHTS 10 SANTAS ,2.95
8581,21592,RETROSPOT CIGAR BOX MATCHES ,0.39
8582,84032A,CHARLIE+LOLA PINK HOT WATER BOTTLE,0.79
8583,23302,KNEELING MAT HOUSEWORK  DESIGN,0.79
8584,35964,FOLKART CLIP ON STARS,2.1
8585,22547,MINI JIGSAW DINOSAUR ,0.19
8586,22546,MINI JIGSAW PURDEY,0.19
8587,22545,MINI JIGSAW BUNNIES,0.19
8588,84032B,CHARLIE + LOLA RED HOT WATER BOTTLE,0.79
8589,22755,SMALL PURPLE BABUSHKA NOTEBOOK ,0.21
8590,84971S,SMALL HEART FLOWERS HOOK ,0.39
8591,22758,LARGE PURPLE BABUSHKA NOTEBOOK  ,0.39
8592,22596,CHRISTMAS STAR WISH LIST CHALKBOARD,0.39
8593,22511,RETROSPOT BABUSHKA DOORSTOP,0.79
8594,22513,DOORSTOP FOOTBALL DESIGN,0.79
8595,22075,6 RIBBONS ELEGANT CHRISTMAS ,0.39
8596,21411,GINGHAM HEART  DOORSTOP RED,1.95
8597,23320,GIANT 50'S CHRISTMAS CRACKER,1.25
8598,22946,WOODEN ADVENT CALENDAR CREAM,8.0
8599,84805A,CREAM CLIMBING HYDRANGA ART FLOWER,1.25
8600,22753,SMALL YELLOW BABUSHKA NOTEBOOK ,0.21
8601,22742,MAKE YOUR OWN PLAYTIME CARD KIT,0.79
8602,22438,BALLOON ART MAKE YOUR OWN FLOWERS,0.39
8603,22076,6 RIBBONS EMPIRE  ,0.39
8604,22074,6 RIBBONS SHIMMERING PINKS ,0.39
8605,84819,DANISH ROSE ROUND SEWING BOX,0.79
8606,23357,HOT WATER BOTTLE SEX BOMB,1.65
8607,22802,FAUX FUR CHOCOLATE THROW,7.95
8608,22476,EMPIRE UNION JACK TV DINNER TRAY,1.95
8609,72800E,4 IVORY DINNER CANDLES SILVER FLOCK,0.79
8610,22744,MAKE YOUR OWN MONSOON CARD KIT,0.79
8611,22481,BLACK TEA TOWEL CLASSIC DESIGN,0.39
8612,23544,WALL ART MID CENTURY MODERN ,3.95
8613,23358,HOT STUFF HOT WATER BOTTLE,1.25
8614,21408,SPOTTY PINK DUCK DOORSTOP,1.95
8615,22072,RED RETROSPOT TEA CUP AND SAUCER ,1.25
8616,21284,RETROSPOT CANDLE  SMALL,0.39
8617,21286,RETROSPOT CANDLE  LARGE,0.59
8618,22639,SET OF 4 NAPKIN CHARMS HEARTS,0.79
8619,22510,GINGHAM BABUSHKA DOORSTOP,0.79
8620,35001G,HAND OPEN SHAPE GOLD,1.25
8621,22061,LARGE CAKE STAND  HANGING STRAWBERY,2.95
8622,22956,36 FOIL HEART CAKE CASES,0.79
8623,84031A,CHARLIE+LOLA RED HOT WATER BOTTLE ,1.25
8624,22915,ASSORTED BOTTLE TOP  MAGNETS ,0.19
8625,22314,OFFICE MUG WARMER CHOC+BLUE,1.25
8626,21378,SMALL TALL CAMPHOR WOOD TOADSTOOL,0.39
8627,21379,CAMPHOR WOOD PORTOBELLO MUSHROOM,0.39
8628,21376,LARGE  TALL CAMPHOR WOOD TOADSTOOL ,1.25
8629,21377,SMALL CAMPHOR WOOD FIELD  MUSHROOM,0.39
8630,21375,LARGE CAMPHOR WOOD FIELD MUSHROOM ,1.25
8631,22465,HANGING METAL STAR LANTERN,0.79
8632,22807,SET OF 6 T-LIGHTS TOADSTOOLS,1.25
8633,22055,MINI CAKE STAND  HANGING STRAWBERY,0.39
8634,22299,PIG KEYRING WITH LIGHT & SOUND ,0.39
8635,22509,SEWING BOX RETROSPOT DESIGN ,3.95
8636,22646,CERAMIC STRAWBERRY CAKE MONEY BANK,0.39
8637,23235,STORAGE TIN VINTAGE LEAF,1.25
8638,22472,TV DINNER TRAY DOLLY GIRL,1.95
8639,23239,SET OF 4 KNICK KNACK TINS POPPIES,1.65
8640,22474,SPACEBOY TV DINNER TRAY,1.95
8641,22217,T-LIGHT HOLDER HANGING LACE,0.39
8642,22442,GROW YOUR OWN FLOWERS SET OF 3,1.95
8643,72819,CUPID DESIGN SCENTED CANDLES,1.25
8644,21115,ROSE CARAVAN DOORSTOP,1.95
8645,22123,PING MICROWAVE APRON,0.79
8646,22215,CAKE STAND WHITE TWO TIER LACE,2.95
8647,22200,FRYING PAN PINK POLKADOT,1.25
8648,22203,MILK PAN RED RETROSPOT,1.25
8649,22201,FRYING PAN BLUE POLKADOT,1.25
8650,21563,RED HEART SHAPE LOVE BUCKET ,0.79
8651,22064,PINK DOUGHNUT TRINKET POT ,0.39
8652,22067,CHOC TRUFFLE GOLD TRINKET POT ,0.39
8653,23543,WALL ART KEEP CALM ,4.15
8654,22119,PEACE WOODEN BLOCK LETTERS,1.95
8655,22118,JOY WOODEN BLOCK LETTERS,1.25
8656,22057,CERAMIC PLATE STRAWBERRY DESIGN,0.39
8657,22059,CERAMIC STRAWBERRY DESIGN MUG,0.39
8658,22063,CERAMIC BOWL WITH STRAWBERRY DESIGN,0.79
8659,22107,PIZZA PLATE IN BOX,1.25
8660,22221,CAKE STAND LOVEBIRD 2 TIER PINK,2.95
8661,22220,CAKE STAND LOVEBIRD 2 TIER WHITE,2.95
8662,22644,CERAMIC CHERRY CAKE MONEY BANK,0.39
8663,22645,CERAMIC HEART FAIRY CAKE MONEY BANK,0.39
8664,22647,CERAMIC LOVE HEART MONEY BANK,0.39
8665,22464,HANGING METAL HEART LANTERN,0.79
8666,23151,ZINC SWEETHEART SOAP DISH,0.79
8667,22343,PARTY PIZZA DISH RED RETROSPOT,0.19
8668,22345,PARTY PIZZA DISH BLUE POLKADOT,0.19
8669,22344,PARTY PIZZA DISH PINK POLKADOT,0.19
8670,22346,PARTY PIZZA DISH GREEN POLKADOT,0.19
8671,21705,BAG 500g SWIRLY MARBLES,0.39
8672,22422,TOOTHPASTE TUBE PEN,0.12
8673,22312,OFFICE MUG WARMER POLKADOT,1.25
8674,22313,OFFICE MUG WARMER PINK,1.25
8675,22754,SMALL RED BABUSHKA NOTEBOOK ,0.21
8676,22703,PINK CAT BOWL,0.59
8677,22701,PINK DOG BOWL,0.79
8678,22512,DOORSTOP RACING CAR DESIGN,0.79
8679,16225,RATTLE SNAKE EGGS,0.39
8680,70006,LOVE HEART POCKET WARMER,0.79
8681,22811,SET OF 6 T-LIGHTS CACTI ,1.25
8682,21462,"NURSERY A,B,C PAINTED LETTERS",1.95
8683,84031B,CHARLIE LOLA BLUE HOT WATER BOTTLE ,1.25
8684,22190,LOCAL CAFE MUG,0.39
8685,21064,BOOM BOX SPEAKER BOYS,1.25
8686,22642,SET OF 4 NAPKIN CHARMS STARS   ,0.79
8687,22406,MONEY BOX KINGS CHOICE DESIGN,0.39
8688,23425,STORAGE TIN HOME SWEET HOME,0.79
8689,84707A,SILVER JEWELLED MIRROR TRINKET TRAY,1.95
8690,22643,SET OF 4 NAPKIN CHARMS LEAVES   ,0.79
8691,22500,SET OF 2 TINS JARDIN DE PROVENCE,1.25
8692,23416,CHAMBRE HOOK,0.39
8693,23417,BATHROOM HOOK,0.39
8694,23415,HOME SWEET HOME HOOK,0.39
8695,84661C,PINK SQUARE TABLE CLOCK,0.79
8696,84661B,BLACK SQUARE TABLE CLOCK,0.79
8697,22124,SET OF 2 TEA TOWELS PING MICROWAVE,0.79
8698,84509E,SET OF 4 CAROUSEL PLACEMATS ,0.79
8699,84510E,SET OF 4 GREEN CAROUSEL COASTERS,0.21
8700,22799,SWEETHEART WIRE FRUIT BOWL,2.95
8701,22199,FRYING PAN RED RETROSPOT,1.25
8702,22204,MILK PAN BLUE POLKADOT,1.25
8703,22721,SET OF 3 CAKE TINS SKETCHBOOK,1.95
8704,22723,SET OF 6 HERB TINS SKETCHBOOK,1.25
8705,22182,CAKE STAND VICTORIAN FILIGREE SMALL,1.25
8706,22393,PAPERWEIGHT VINTAGE COLLAGE,0.39
8707,22446,PIN CUSHION BABUSHKA PINK,1.25
8708,22448,PIN CUSHION BABUSHKA RED,1.25
8709,22389,PAPERWEIGHT SAVE THE PLANET,0.39
8710,22391,PAPERWEIGHT HOME SWEET HOME,0.39
8711,22395,PAPERWEIGHT VINTAGE PAISLEY,0.39
8712,23107,WHITE HEARTS WIRE PLANT POT HOLDER,0.79
8713,22216,T-LIGHT HOLDER WHITE LACE,0.29
8714,22756,LARGE YELLOW BABUSHKA NOTEBOOK ,0.39
8715,22757,LARGE RED BABUSHKA NOTEBOOK ,0.39
8716,84827,ASS DES PHONE SPONGE CRAFT STICKER,0.09
8717,90087,CRYSTAL SEA HORSE PHONE CHARM,0.19
8718,22414,DOORMAT NEIGHBOURHOOD WITCH ,3.95
8719,22185,SLATE TILE NATURAL HANGING,0.79
8720,22495,SET OF 2 ROUND TINS CAMEMBERT ,0.79
8721,22990,COTTON APRON PANTRY DESIGN,1.95
8722,22752,SET 7 BABUSHKA NESTING BOXES,3.95
8723,22068,BLACK PIRATE TREASURE CHEST,0.39
8724,22069,BROWN  PIRATE TREASURE CHEST ,0.39
8725,22743,MAKE YOUR OWN FLOWERPOWER CARD KIT,0.79
8726,23139,SINGLE WIRE HOOK PINK HEART,0.39
8727,21285,RETROSPOT CANDLE  MEDIUM,0.39
8728,21441,BLUE BIRDHOUSE DECORATION,0.19
8729,22214,CANDLE PLATE LACE WHITE,0.79
8730,22380,TOY TIDY SPACEBOY  ,0.79
8731,22496,SET OF 2 ROUND TINS DUTCH CHEESE,0.79
8732,22538,MINI JIGSAW GO TO THE FAIR,0.19
8733,22539,MINI JIGSAW DOLLY GIRL,0.19
8734,22544,MINI JIGSAW SPACEBOY,0.19
8735,22664,TOY TIDY DOLLY GIRL DESIGN,0.79
8736,23106,ZINC HEARTS PLANT POT HOLDER,0.79
8737,21418,STARFISH SOAP DISH,0.79
8738,21417,COCKLE SHELL DISH,0.79
8739,23272,TREE T-LIGHT HOLDER WILLIE WINKIE,0.39
8740,22955,36 FOIL STAR CAKE CASES ,0.79
8741,84661A,WHITE SQUARE TABLE CLOCK,0.79
8742,M,Manual,219.5
8743,22410,MONEY BOX HOUSEKEEPING DESIGN,0.39
8744,21131,GOLD STANDING GNOME,1.25
8745,21564,PINK  HEART SHAPE LOVE BUCKET ,0.79
8746,22785,SQUARECUSHION COVER PINK UNION JACK,1.25
8747,22786,CUSHION COVER PINK UNION JACK,1.25
8748,72799E,IVORY PILLAR CANDLE SILVER FLOCK,0.79
8749,72799C,PINK PILLAR CANDLE SILVER FLOCK,0.79
8750,72800C,4 PINK DINNER CANDLE SILVER FLOCK,0.79
8751,72800B, 4 PURPLE FLOCK DINNER CANDLES,0.79
8752,84813,SET OF 4 DIAMOND NAPKIN RINGS,2.95
8753,22447,PIN CUSHION BABUSHKA BLUE,1.25
8754,22543,MINI JIGSAW BAKE A CAKE ,0.19
8755,22540,MINI JIGSAW CIRCUS PARADE ,0.19
8756,22541,MINI JIGSAW LEAP FROG,0.19
8757,21944,KITTENS DESIGN FLANNEL,0.39
8758,90214S,"LETTER ""S"" BLING KEY RING",0.29
8759,23141,TRIPLE WIRE HOOK PINK HEART,0.79
8760,21946,PARTY TIME DESIGN FLANNEL,0.39
8761,21942,SKULLS DESIGN FLANNEL,0.39
8762,21442,GREEN BIRDHOUSE DECORATION,0.19
8763,22319,HAIRCLIPS FORTIES FABRIC ASSORTED,0.19
8764,90214L,"LETTER ""L"" BLING KEY RING",0.29
8765,90214M,"LETTER ""M"" BLING KEY RING",0.29
8766,90214A,"LETTER ""A"" BLING KEY RING",0.29
8767,90214B,"LETTER ""B"" BLING KEY RING",0.29
8768,90214C,"LETTER ""C"" BLING KEY RING",0.29
8769,90214D,"LETTER ""D"" BLING KEY RING",0.29
8770,90214E,"LETTER ""E"" BLING KEY RING",0.29
8771,90214G,"LETTER ""G"" BLING KEY RING",0.29
8772,90214H,"LETTER ""H"" BLING KEY RING",0.29
8773,90214J,"LETTER ""J"" BLING KEY RING",0.29
8774,90214K,"LETTER ""K"" BLING KEY RING",0.29
8775,90214F,"LETTER ""F"" BLING KEY RING",0.29
8776,90214I,"LETTER ""I"" BLING KEY RING",0.29
8777,90214N,"LETTER ""N"" BLING KEY RING",0.29
8778,90214O,"LETTER ""O"" BLING KEY RING",0.29
8779,90214P,"LETTER ""P"" BLING KEY RING",0.29
8780,90214R,"LETTER ""R"" BLING KEY RING",0.29
8781,90214T,"LETTER ""T"" BLING KEY RING",0.29
8782,90214U,"LETTER ""U"" BLING KEY RING",0.29
8783,90214V,"LETTER ""V"" BLING KEY RING",0.29
8784,90214W,"LETTER ""W"" BLING KEY RING",0.29
8785,90214Y,"LETTER ""Y"" BLING KEY RING",0.29
8786,90214Z,"LETTER ""Z"" BLING KEY RING",0.29
8787,23178,JAM CLOCK MAGNET,1.25
8788,35967,FOLK ART METAL STAR T-LIGHT HOLDER,0.85
8789,84884A,ANT WHITE WIRE HEART SPIRAL,1.95
8790,23143,ZINC WIRE KITCHEN ORGANISER,3.95
8791,POST,POSTAGE,17.0
8792,23533,WALL ART GARDEN HAVEN ,1.95
8793,84817,DANISH ROSE DECORATIVE PLATE,0.39
8794,20768,GREEN FERN JOURNAL ,4.96
8795,20772,GARDEN PATH JOURNAL,4.96
8796,20782,CAMOUFLAGE EAR MUFF HEADPHONES,10.79
8797,20846,ZINC HEART LATTICE T-LIGHT HOLDER,2.46
8798,21051,RIBBONS PURSE ,4.13
8799,21116,OWL DOORSTOP,8.29
8800,21293,MIRRORED DOVE WALL DECORATION,4.13
8801,21621,VINTAGE UNION JACK BUNTING,16.63
8802,21625,VINTAGE UNION JACK APRON,14.13
8803,21755,LOVE BUILDING BLOCK WORD,12.46
8804,22030,SWALLOWS GREETING CARD,0.83
8805,22132,RED LOVE HEART SHAPE CUP,1.63
8806,22216,T-LIGHT HOLDER WHITE LACE,1.63
8807,22303,COFFEE MUG APPLES DESIGN,4.96
8808,22359,GLASS JAR KINGS CHOICE,5.79
8809,22374,AIRLINE BAG VINTAGE JET SET RED,8.29
8810,22424,ENAMEL BREAD BIN CREAM,24.96
8811,22432,WATERING CAN PINK BUNNY,4.13
8812,22434,BALLOON PUMP WITH 10 BALLOONS,4.13
8813,22541,MINI JIGSAW LEAP FROG,0.83
8814,22555,PLASTERS IN TIN STRONGMAN,3.29
8815,22653,BUTTON BOX ,4.13
8816,22797,CHEST OF DRAWERS GINGHAM HEART ,33.29
8817,22898,CHILDRENS APRON APPLES DESIGN,4.13
8818,22971,QUEENS GUARD COFFEE MUG,4.96
8819,22977,DOLLY GIRL CHILDRENS EGG CUP,2.46
8820,22990,COTTON APRON PANTRY DESIGN,10.79
8821,23035,DRAWER KNOB CERAMIC IVORY,3.29
8822,23037,CANDLE HOLDER SILVER MADELINE,3.29
8823,23108,SET OF 10 LED DOLLY LIGHTS,12.46
8824,23209,LUNCH BAG VINTAGE DOILY ,4.13
8825,23256,CHILDRENS CUTLERY SPACEBOY ,8.29
8826,23271,CHRISTMAS TABLE SILVER CANDLE SPIKE,1.63
8827,23280,FOLDING BUTTERFLY MIRROR HOT PINK ,2.46
8828,47567B,TEA TIME KITCHEN APRON,12.46
8829,82486,3 DRAWER ANTIQUE WHITE WOOD CABINET,16.63
8830,84569A,PACK 3 IRON ON DOG PATCHES,2.46
8831,84658,WHITE STITCHED CUSHION COVER,8.29
8832,84661A,WHITE SQUARE TABLE CLOCK,4.96
8833,84968E,SET OF 16 VINTAGE BLACK CUTLERY,24.96
8834,85071C,"CHARLIE+LOLA""EXTREMELY BUSY"" SIGN",4.96
8835,DOT,DOTCOM POSTAGE,1599.26
8836,22806,SET OF 6 T-LIGHTS WEDDING CAKE ,1.25
8837,21930,JUMBO STORAGE BAG SKULLS,1.75
8838,23582,VINTAGE DOILY JUMBO BAG RED ,1.75
8839,23598,PAPER BUNTING VINTAGE PARTY,2.55
8840,22939,ADULT APRON APPLE DELIGHT,4.25
8841,22134,MINI LADLE LOVE HEART RED ,0.36
8842,POST,POSTAGE,45.0
8843,85104,SILVER GLASS T-LIGHT SET,1.25
8844,22405,MONEY BOX POCKET MONEY DESIGN,0.39
8845,22394,PAPERWEIGHT KINGS CHOICE ,0.39
8846,23532,WALL ART WORK REST AND PLAY  ,1.95
8847,84806A,PINK CANDYSTUFT ARTIFICIAL FLOWER,0.39
8848,21415,CLAM SHELL SMALL ,0.79
8849,84679,CLASSICAL ROSE TABLE LAMP,3.95
8850,84806B,WHITE CANDYSTUFT ARTIFICIAL FLOWER,0.39
8851,84804B,BLUE DELPHINIUM ARTIFICIAL FLOWER,0.79
8852,84804A,CREAM DELPHINIUM ARTIFICIAL FLOWER,0.79
8853,84805B,BLUE CLIMBING HYDRANGA ART FLOWER,1.25
8854,22408,MONEY BOX CONFECTIONERY DESIGN,0.39
8855,90083,CRYSTAL CZECH CROSS PHONE CHARM,0.19
8856,90089,PINK CRYSTAL SKULL PHONE CHARM,0.19
8857,90093,CLEAR CRYSTAL STAR PHONE CHARM,0.19
8858,22407,MONEY BOX FIRST AID DESIGN,0.39
8859,23180,MUM'S KITCHEN CLOCK,1.65
8860,85173,SET/6 FROG PRINCE T-LIGHT CANDLES,0.79
8861,20932,PINK POT PLANT CANDLE,1.25
8862,84821,DANISH ROSE DELUXE COASTER,0.19
8863,23540,WALL ART THE MAGIC FOREST ,2.55
8864,23521,WALL ART CAT AND BIRD ,1.25
8865,23522,WALL ART DOG AND BALL ,1.25
8866,84820,DANISH ROSE TRINKET TRAYS,0.79
8867,20782,CAMOUFLAGE EAR MUFF HEADPHONES,1.95
8868,21945,STRAWBERRIES  DESIGN FLANNEL ,0.39
8869,20931,BLUE POT PLANT CANDLE ,1.25
8870,22166,WALL MIRROR RECTANGLE DIAMANTE PINK,2.95
8871,21132,SILVER STANDING GNOME   ,1.25
8872,20781,GOLD EAR MUFF HEADPHONES,1.95
8873,21292,SMALL STRIPES CHOCOLATE GIFT BAG ,0.19
8874,22390,PAPERWEIGHT CHILDHOOD MEMORIES,0.39
8875,85225,BLING KEY RING STAND,1.0
8876,23137,ZINC WIRE SWEETHEART LETTER TRAY,1.25
8877,20831,GOLD PHOTO FRAME,0.79
8878,23579,SNACK TRAY I LOVE LONDON,1.65
8879,23576,SNACK TRAY RED VINTAGE DOILY,1.65
8880,85152,HAND OVER THE CHOCOLATE   SIGN ,1.92
8881,22727,ALARM CLOCK BAKELIKE RED ,2.99
8882,23497,CLASSIC CHROME BICYCLE BELL ,1.38
8883,23498,CLASSIC BICYCLE CLIPS ,1.38
8884,22961,JAM MAKING SET PRINTED,1.38
8885,23552,BICYCLE PUNCTURE REPAIR KIT ,1.86
8886,23461,SWEETHEART BIRD HOUSE,3.3
8887,23486,ANTIQUE HEART SHELF UNIT,13.35
8888,22413,METAL SIGN TAKE IT OR LEAVE IT ,2.75
8889,84826,ASSTD DESIGN 3D PAPER STICKERS,0.19
8890,90210C,RED   ACRYLIC FACETED BANGLE,1.0
8891,84707B,PINK JEWELLED MIRROR TRINKET TRAY,1.95
8892,21420,OYSTER TRINKET BOX,0.79
8893,22641,SET OF 4 NAPKIN CHARMS INSTRUMENT,0.79
8894,23575,SNACK TRAY PAISLEY PARK,1.65
8895,23446,BLUE BUNNY EASTER EGG BASKET,1.45
8896,23569,TRADTIONAL ALPHABET STAMP SET,4.15
8897,23440,PAINT YOUR OWN EGGS IN CRATE,1.79
8898,23560,SET OF 6 RIBBONS COUNTRY STYLE,2.49
8899,23561,SET OF 6 RIBBONS PARTY,2.49
8900,23562,SET OF 6 RIBBONS PERFECTLY PRETTY  ,2.49
8901,23447,PINK BUNNY EASTER EGG BASKET,1.45
8902,21128,GOLD FISHING GNOME,1.95
8903,22304,COFFEE MUG BLUE PAISLEY DESIGN,2.1
8904,85123A,CREAM HANGING HEART T-LIGHT HOLDER,2.95
8905,23179,CLOCK MAGNET MUM'S KITCHEN,1.25
8906,22808,SET OF 6 T-LIGHTS EASTER CHICKS,1.25
8907,35967,FOLK ART METAL STAR T-LIGHT HOLDER,0.39
8908,21808,"CHRISTMAS GARLAND STARS,TREES",1.25
8909,85123A,CREAM HANGING HEART T-LIGHT HOLDER,2.55
8910,90086,CRYSTAL FROG PHONE CHARM,0.19
8911,23531,WALL ART BIG LOVE ,4.76
8912,23535,WALL ART BICYCLE SAFETY,3.9
8913,23526,WALL ART DOG LICENCE ,3.9
8914,21253,SET OF PICTURE FRAME  STICKERS,0.79
8915,23843,"PAPER CRAFT , LITTLE BIRDIE",2.08
8916,20936,FORKED CACTUS CANDLE,1.25
